Temporada,Date,Time,Form,Location,User,Pass?,Country Origen / Pais de Origen,Production Area / Zona de Producción,Continente,Is it an Emergent Market? / Es Mercado Emergente?,# Inspection / Número de Inspección,Harvest Data / Fecha de Cosecha,Variety / Variedad,Harvest Interval/Dias de Reingreso,Country / Pais,Pre-Inspection Disposition / Disposición de la Inspección Previa,Pallet Count / Cajas por Tarima,Count Clamshell/ # Clamshell's,Clamshell weight / Peso del canasto,Were the weights recorded? / ¿Los pesos fueron registrados?,Average Clamshell weight / Peso promedio del canasto,# Clamshell with Compliance / Canastos en Conformidad,# Clamshell Underweight / Canastos con Bajo Peso,Clamshell Low weight / Canasto con menor peso,Basket Count / Conteo por Canasto,Average Basket Count / Conteo Promedio por Canasto,Total Fruit Inspected / Total de Fruta Inspeccionada,# Sample Brix / # Muestras Brix,Brix1,Brix2,Brix3,Brix4,Brix5,# Sample Acidity / # Muestras Acidez,Acidity / Acidez 1,Acidity / Acidez 2,Acidity / Acidez 3,Acidity / Acidez 4,Acidity / Acidez 5, Semana Inspeccion,Brix6,Brix7,Acidity / Acidez 6,Acidity / Acidez 7,Brix8,Brix9,Brix10,Acidity / Acidez 8,Acidity / Acidez 9,Has it been approved? / ¿Ha sido Aprobado?2,Fecha de Cosecha,PRODUCTION AREA,Lote,Empresa,Production Area,Ha,FUNDO CODE,SKU Code,Fruit Type
2022-2023,8/5/2024,10:26,Formulario Registro Inspeccion Uva,Ica,Mauricio F.,True,Perú,Ica,ASIA CENTRO,Yes / Si,First Inspection,1090066:49:00,AIREN,14,Singapur,Pass_Pasar,100,6,144,Yes / Si,142.5,6,0,,66,64,384,1,13.8,,,,,1,0.3,,,,,2419,,,,,,,,,,,7/5/2024,Piura,Lote 1,Santa Bernardina Uva,Piura,80.51,86984,9102,Generica
2022-2023,31/5/2024,20:01,Formulario Registro Inspeccion Uva,Ica,Guadalupe,False,Perú,Ica,ASIA NORTE,,First Inspection,1090625:19:00,VERDEJO,8,,Pass_Pasar,390,16,149,Yes / Si,144.125,16,0,,51,50.5,808,1,12.3,,,,,1,0.8,,,,,2422,,,,,,,,,,,30/5/2024,Pisco,Lote 20,Agricultores Unidos,Pisco,344.98,87003,9102,Generica
2022-2023,31/5/2024,20:03,Formulario Registro Inspeccion Uva,Ica,Guadalupe,False,Perú,Ica,ASIA NORTE,,First Inspection,1090625:45:00,VERDEJO,8,,Pass_Pasar,100,9,150,Yes / Si,145.222222,9,0,,47,46.5,418.5,1,11.5,,,,,1,0.98,,,,,2422,,,,,,,,,,,30/5/2024,Pisco,Lote 20,Agricultores Unidos,Pisco,344.98,87003,9102,Generica
2022-2023,31/5/2024,20:05,Formulario Registro Inspeccion Uva,Ica,Guadalupe,True,Perú,Ica,ASIA NORTE,,First Inspection,1090625:57:00,VERDEJO,8,,Pass_Pasar,75,6,147,Yes / Si,143.5,6,0,,36,34.5,207,1,13.3,,,,,1,0.65,,,,,2422,,,,,,,,,,,30/5/2024,Pisco,Lote 20,Agricultores Unidos,Pisco,344.98,87003,9103,Generica
2022-2023,12/6/2024,13:16,Formulario Registro Inspeccion Uva,Ica,Gloria A.,False,Perú,Ica,ASIA NORTE,,First Inspection,1090883:54:00,VERDEJO,7,,Pass_Pasar,60,5,149,Yes / Si,145,5,0,,39,37.5,187.5,1,11.5,,,,,1,1.3,,,,,2424,,,,,,,,,,,10/6/2024,Pisco,Lote 20,Agricultores Unidos,Pisco,344.98,87003,9103,Generica
2022-2023,12/6/2024,18:29,Formulario Registro Inspeccion Uva,Ica,Gloria A.,False,Perú,Ica,ASIA NORTE,,First Inspection,1090885:46:00,VERDEJO,6,,Pass_Pasar,72,5,145.1,Yes / Si,143.26,5,0,,44,42.5,212.5,1,11.5,,,,,1,1.3,,,,,2424,,,,,,,,,,,10/6/2024,Pisco,Lote 20,Agricultores Unidos,Pisco,344.98,87003,9103,Generica
2022-2023,13/6/2024,12:44,Formulario Registro Inspeccion Uva,Ica,Gloria A.,False,Perú,Ica,ASIA CENTRO,Yes / Si,First Inspection,1090872:00:00,VERDEJO,7,HongKong,Pass_Pasar,84,5,144,Yes / Si,142.84,5,0,,52,49.5,247.5,1,11.2,,,,,1,1.15,,,,,2424,,,,,,,,,,,10/6/2024,Pisco,Lote 20,Agricultores Unidos,Pisco,344.98,87003,9103,Generica
2022-2023,13/6/2024,13:30,Formulario Registro Inspeccion Uva,Ica,Gloria A.,False,Perú,Ica,ASIA CENTRO,Yes / Si,First Inspection,1090896:00:00,VERDEJO,7,HongKong,Pass_Pasar,100,5,142.9,Yes / Si,141.94,5,0,,50,48.5,242.5,1,11.2,,,,,1,1.15,,,,,2424,,,,,,,,,,,11/6/2024,Pisco,Lote 20,Agricultores Unidos,Pisco,344.98,87003,9103,Generica
2022-2023,14/6/2024,11:25,Formulario Registro Inspeccion Uva,Ica,Mauricio F.,TRUE,Perú,Ica,ASIA NORTE,,First Inspection,1090931:19:00,VERDEJO,7,,Pass_Pasar,120,7,148,No,,,,,52,49.5,346.5,1,,,,,,,,,,,,2424,,,,,,,,,,,12/6/2024,Pisco,Lote 20,Agricultores Unidos,Pisco,344.98,87003,9102,Generica
2022-2023,14/6/2024,11:34,Formulario Registro Inspeccion Uva,Ica,Mauricio F.,TRUE,Perú,Ica,ASIA NORTE,,First Inspection,1090907:30:00,VERDEJO,7,,Pass_Pasar,120,5,146,No,,,,,40,39,195,,,,,,,,,,,,,2424,,,,,,,,,,,11/6/2024,Pisco,Lote 20,Agricultores Unidos,Pisco,344.98,87003,9103,Generica
2022-2023,21/6/2024,18:17,Formulario Registro Inspeccion Uva,Ica,Guadalupe,False,Perú,Ica,ASIA CENTRO,No,First Inspection,1091126:40:00,VERDEJO,7,,Pass_Pasar,160,8,148,Yes / Si,144.75,8,0,,31,30.5,244,1,12.3,,,,,1,0.54,,,,,2425,,,,,,,,,,,20/6/2024,Pisco,Lote 20,Agricultores Unidos,Pisco,344.98,87003,9103,Generica
2022-2023,21/6/2024,20:32,Formulario Registro Inspeccion Uva,Ica,Guadalupe,False,Perú,Ica,ASIA NORTE,,First Inspection,1091131:48:00,AIREN,7,,Pass_Pasar,390,16,148,Yes / Si,145.3125,16,0,,49,47.5,760,1,14.7,,,,,1,0.81,,,,,2425,,,,,,,,,,,20/6/2024,Pisco,Lote 20,Agricultores Unidos,Pisco,344.98,87003,9103,Generica
2022-2023,21/6/2024,20:39,Formulario Registro Inspeccion Uva,Ica,Guadalupe,False,Perú,Ica,ASIA NORTE,,First Inspection,1091131:05:00,AIREN,7,,Pass_Pasar,390,16,146,Yes / Si,143.4375,16,0,,51,49,784,1,12.8,,,,,1,1.04,,,,,2425,,,,,,,,,,,20/6/2024,Pisco,Lote 20,Agricultores Unidos,Pisco,344.98,87003,9103,Generica
2022-2023,21/6/2024,20:17,Formulario Registro Inspeccion Uva,Ica,Guadalupe,False,Perú,Ica,ASIA NORTE,,First Inspection,1091132:16:00,AIREN,7,,Pass_Pasar,390,16,146,Yes / Si,143.625,16,0,,60,60,960,1,14.6,,,,,1,0.83,,,,,2425,,,,,,,,,,,20/6/2024,Pisco,Lote 20,Agricultores Unidos,Pisco,344.98,87003,9102,Generica
2022-2023,21/6/2024,20:30,Formulario Registro Inspeccion Uva,Ica,Guadalupe,False,Perú,Ica,ASIA NORTE,,Second Inspection,1091132:23:00,AIREN,7,,Pass_Pasar,390,12,146,No,,,,,68,67.5,810,1,14.6,,,,,1,0.83,,,,,2425,,,,,,,,,,,20/6/2024,Pisco,Lote 20,Agricultores Unidos,Pisco,344.98,87003,9102,Generica
2022-2023,21/6/2024,20:47,Formulario Registro Inspeccion Uva,Ica,Guadalupe,True,Perú,Ica,ASIA CENTRO,No,Second Inspection,1091131:41:00,VERDEJO,7,,Pass_Pasar,160,8,148,Yes / Si,144.75,8,0,,32,31,248,1,12.3,,,,,1,0.54,,,,,2425,,,,,,,,,,,20/6/2024,Pisco,Lote 20,Agricultores Unidos,Pisco,344.98,87003,9103,Generica
2022-2023,21/6/2024,18:05,Formulario Registro Inspeccion Uva,Pisco,Gloria A.,False,Perú,Pisco,ASIA NORTE,,First Inspection,1091129:45:00,AIREN,7,,Pass_Pasar,390,16,149,Yes / Si,144.375,16,0,,60,60,960,1,14.4,,,,,1,0.77,,,,,2425,,,,,,,,,,,20/6/2024,Pisco,Lote 20,Agricultores Unidos,Pisco,344.98,87003,9102,Generica
2022-2023,25/6/2024,15:56,Formulario Registro Inspeccion Uva,Pisco,Mauricio F.,True,Perú,Pisco,ASIA NORTE,,First Inspection,1091222:19:00,AIREN,5,,Pass_Pasar,96,12,145,Yes / Si,143.5,12,0,,62,59,708,1,12.9,,,,,1,0.61,,,,,2426,,,,,,,,,,,24/6/2024,Pisco,Lote 20,Agricultores Unidos,Pisco,344.98,87003,9102,Generica
2022-2023,25/6/2024,15:52,Formulario Registro Inspeccion Uva,Pisco,Mauricio F.,False,Perú,Pisco,ASIA NORTE,,First Inspection,1091222:51:00,AIREN,5,,Pass_Pasar,90,12,149,Yes / Si,144.5,11,1,140.0,44,43,516,1,12.7,,,,,1,1.07,,,,,2426,,,,,,,,,,,24/6/2024,Pisco,Lote 20,Agricultores Unidos,Pisco,344.98,87003,9103,Generica
2022-2023,27/6/2024,9:24,Formulario Registro Inspeccion Uva,Ica,Mauricio F.,False,Perú,Ica,ASIA CENTRO,Yes / Si,First Inspection,1091217:16:00,VERDEJO,10,HongKong,Pass_Pasar,240,10,149,Yes / Si,143.9,10,0,,29,27.5,275,1,11.7,,,,,1,0.83,,,,,2426,,,,,,,,,,,24/6/2024,Ica,Lote 26,Andenes de Andrea,Ica,84.47,87009,9103,Generica
2022-2023,28/6/2024,11:32,Formulario Registro Inspeccion Uva,Pisco,Mauricio F.,True,Perú,Pisco,ASIA CENTRO,Yes / Si,First Inspection,1091290:43:00,VERDEJO,6,HongKong,Pass_Pasar,80,12,147,Yes / Si,143.416667,12,0,,55,51.5,618,1,10.8,,,,,1,0.93,,,,,2426,,,,,,,,,,,27/6/2024,Pisco,Lote 20,Agricultores Unidos,Pisco,344.98,87003,9102,Generica
2022-2023,28/6/2024,11:37,Formulario Registro Inspeccion Uva,Pisco,Mauricio F.,True,Perú,Pisco,ASIA CENTRO,Yes / Si,First Inspection,1091291:08:00,VERDEJO,6,HongKong,Pass_Pasar,100,12,145,Yes / Si,142.583333,0,0,,36,35.5,426,1,10.6,,,,,1,1.24,,,,,2426,,,,,,,,,,,27/6/2024,Pisco,Lote 20,Agricultores Unidos,Pisco,344.98,87003,9100,Generica
2022-2023,1/7/2024,21:10,Formulario Registro Inspeccion Uva,Piura,Mauricio F.,True,Perú,Piura,ASIA CENTRO,Yes / Si,First Inspection,1091396:58:00,AIREN,14,Singapur,Pass_Pasar,40,5,143,Yes / Si,142.2,0,0,,42,42,210,1,13.7,,,,,1,0.33,,,,,2427,,,,,,,,,,,1/7/2024,Piura,Lote 1,Santa Bernardina Uva,Piura,80.51,86984,9100,Generica
2022-2023,1/7/2024,21:16,Formulario Registro Inspeccion Uva,Ica,Mauricio F.,True,Perú,Ica,ASIA CENTRO,Yes / Si,First Inspection,1091397:12:00,AIREN,14,Singapur,Pass_Pasar,38,5,144,Yes / Si,142.6,5,0,,42,41.5,207.5,1,14,,,,,1,0.34,,,,,2427,,,,,,,,,,,1/7/2024,Piura,Lote 1,Santa Bernardina Uva,Piura,80.51,86984,9102,Generica
2022-2023,2/7/2024,16:20,Formulario Registro Inspeccion Uva,Pisco,Gloria A.,False,Perú,Pisco,ASIA CENTRO,Yes / Si,First Inspection,1091391:18:00,VERDEJO,6,HongKong,Pass_Pasar,240,8,145,Yes / Si,142.5,7,1,140.0,51,49.5,396,1,11.1,,,,,1,1.17,,,,,2427,,,,,,,,,,,1/7/2024,Pisco,Lote 20,Agricultores Unidos,Pisco,344.98,87003,9099,Generica
2022-2023,2/7/2024,16:55,Formulario Registro Inspeccion Uva,Pisco,Guadalupe,False,Perú,Pisco,ASIA CENTRO,No,First Inspection,1091416:42:00,VERDEJO,7,,Pass_Pasar,240,8,147,Yes / Si,143.5,0,0,,36,36,288,1,11.8,,,,,1,0.77,,,,,2427,,,,,,,,,,,2/7/2024,Pisco,Lote 20,Agricultores Unidos,Pisco,344.98,87003,9100,Generica
2022-2023,2/7/2024,17:12,Formulario Registro Inspeccion Uva,Pisco,Guadalupe,False,Perú,Pisco,ASIA CENTRO,No,First Inspection,1091417:04:00,VERDEJO,,,Pass_Pasar,137,6,147,Yes / Si,143.5,0,0,,36,35.5,213,1,10.3,,,,,1,0.96,,,,,2427,,,,,,,,,,,2/7/2024,Pisco,Lote 20,Agricultores Unidos,Pisco,344.98,87003,9100,Generica
2022-2023,2/7/2024,17:28,Formulario Registro Inspeccion Uva,Pisco,Guadalupe,False,Perú,Pisco,ASIA CENTRO,No,First Inspection,1091417:15:00,VERDEJO,7,,Pass_Pasar,60,3,148,Yes / Si,146,0,0,,37,37,111,1,12.1,,,,,0,,,,,,2427,,,,,,,,,,,2/7/2024,Pisco,Lote 20,Agricultores Unidos,Pisco,344.98,87003,9100,Generica
2022-2023,2/7/2024,19:24,Formulario Registro Inspeccion Uva,Pisco,Guadalupe,False,Perú,Pisco,ASIA CENTRO,No,First Inspection,1091419:14:00,VERDEJO,7,,Pass_Pasar,60,3,145,Yes / Si,143,0,0,,36,36,108,1,11.5,,,,,0,,,,,,2427,,,,,,,,,,,2/7/2024,Pisco,Lote 20,Agricultores Unidos,Pisco,344.98,87003,9100,Generica
2022-2023,2/7/2024,19:32,Formulario Registro Inspeccion Uva,Pisco,Guadalupe,False,Perú,Pisco,ASIA CENTRO,No,First Inspection,1091419:26:00,VERDEJO,7,,Pass_Pasar,60,3,148,Yes / Si,145,0,0,,36,36,108,1,11.1,,,,,0,,,,,,2427,,,,,,,,,,,2/7/2024,Pisco,Lote 20,Agricultores Unidos,Pisco,344.98,87003,9100,Generica
2022-2023,5/7/2024,14:22,Formulario Registro Inspeccion Uva,Ica,Guadalupe,False,Perú,Ica,ASIA CENTRO,No,First Inspection,1091459:50:00,VERDEJO,7,,Pass_Pasar,390,16,149,Yes / Si,144.1875,16,0,,36,35.5,568,1,11.5,,,,,1,0.81,,,,,2427,,,,,,,,,,,4/7/2024,Pisco,Lote 20,Agricultores Unidos,Pisco,344.98,87003,9100,Generica
2022-2023,5/7/2024,16:46,Formulario Registro Inspeccion Uva,Pisco,Gloria A.,False,Perú,Pisco,ASIA CENTRO,Yes / Si,First Inspection,1091459:49:00,VERDEJO,7,HongKong,Pass_Pasar,390,16,147,Yes / Si,142.625,15,1,139.0,49,48,768,1,10.8,,,,,1,1.02,,,,,2427,,,,,,,,,,,4/7/2024,Pisco,Lote 20,Agricultores Unidos,Pisco,344.98,87003,9099,Generica
2022-2023,5/7/2024,16:42,Formulario Registro Inspeccion Uva,Pisco,Gloria A.,True,Perú,Pisco,ASIA CENTRO,Yes / Si,First Inspection,1091460:36:00,VERDEJO,7,HongKong,Pass_Pasar,102,8,148,Yes / Si,144.25,7,1,139.0,37,35,280,1,11.5,,,,,1,0.8,,,,,2427,,,,,,,,,,,4/7/2024,Pisco,Lote 20,Agricultores Unidos,Pisco,344.98,87003,9100,Generica
2022-2023,5/7/2024,16:48,Formulario Registro Inspeccion Uva,Ica,Guadalupe,True,Perú,Ica,ASIA NORTE,,First Inspection,1091460:30:00,VERDEJO,7,,Pass_Pasar,390,14,146,Yes / Si,143.071429,13,1,138,40,39,546,1,11.7,,,,,1,0.83,,,,,2427,,,,,,,,,,,4/7/2024,Pisco,Lote 20,Agricultores Unidos,Pisco,344.98,87003,9103,Generica
2022-2023,8/7/2024,15:53,Formulario Registro Inspeccion Uva,Pisco,Guadalupe,False,Perú,Pisco,ASIA NORTE,,First Inspection,1091488:18:00,MERLOT,7,,Pass_Pasar,100,6,151,Yes / Si,146.333333,6,0,,34,33.5,201,1,13.6,,,,,1,1.12,,,,,2428,,,,,,,,,,,5/7/2024,Ica,Lote 24,Andenes de Andrea,Ica,151.43,87007,9103,Generica
2022-2023,8/7/2024,16:00,Formulario Registro Inspeccion Uva,Ica,Guadalupe,False,Perú,Ica,ASIA NORTE,,First Inspection,1091463:06:00,VERDEJO,10,,Pass_Pasar,390,16,153,Yes / Si,147.0625,16,0,,29,28.5,456,1,11.3,,,,,0,,,,,,2428,,,,,,,,,,,4/7/2024,Ica,Lote 26,Andenes de Andrea,Ica,84.47,87009,9103,Generica
2022-2023,8/7/2024,15:56,Formulario Registro Inspeccion Uva,Ica,Guadalupe,False,Perú,Ica,ASIA NORTE,,First Inspection,1091487:54:00,VERDEJO,10,,Pass_Pasar,390,16,150,Yes / Si,145.75,16,0,,29,28.5,456,1,10.9,,,,,1,0.64,,,,,2428,,,,,,,,,,,5/7/2024,Ica,Lote 26,Andenes de Andrea,Ica,84.47,87009,9103,Generica
2022-2023,8/7/2024,15:22,Formulario Registro Inspeccion Uva,Ica,Gloria A.,False,Perú,Ica,ASIA NORTE,,First Inspection,1091463:19:00,VERDEJO,10,,Pass_Pasar,390,16,160,Yes / Si,145.5625,15,1,140.0,28,27.5,440,1,11.8,,,,,1,0.63,,,,,2428,,,,,,,,,,,4/7/2024,Ica,Lote 26,Andenes de Andrea,Ica,84.47,87009,9103,Generica
2022-2023,8/7/2024,15:24,Formulario Registro Inspeccion Uva,Ica,Gloria A.,False,Perú,Ica,ASIA NORTE,,First Inspection,1091463:40:00,VERDEJO,10,,Pass_Pasar,200,10,145,Yes / Si,143.2,9,1,140.0,29,27,270,1,10.5,,,,,0,,,,,,2428,,,,,,,,,,,4/7/2024,Ica,Lote 26,Andenes de Andrea,Ica,84.47,87009,9103,Generica
2022-2023,9/7/2024,15:33,Formulario Registro Inspeccion Uva,Pisco,Gloria A.,False,Perú,Pisco,ASIA NORTE,,First Inspection,1091557:59:00,VERDEJO,6,,Pass_Pasar,390,16,146,Yes / Si,142.3125,14,2,140.0,45,44.5,712,1,10.4,,,,,1,1.06,,,,,2428,,,,,,,,,,,8/7/2024,Pisco,Lote 20,Agricultores Unidos,Pisco,344.98,87003,9102,Generica
2022-2023,9/7/2024,15:40,Formulario Registro Inspeccion Uva,Pisco,Gloria A.,False,Perú,Pisco,ASIA NORTE,,First Inspection,1091558:50:00,VERDEJO,6,,Pass_Pasar,225,10,149,Yes / Si,143.4,7,3,140.0,49,48,480,1,11.5,,,,,1,1.1,,,,,2428,,,,,,,,,,,8/7/2024,Pisco,Lote 20,Agricultores Unidos,Pisco,344.98,87003,9102,Generica
2022-2023,9/7/2024,12:16,Formulario Registro Inspeccion Uva,Ica,Guadalupe,False,Perú,Ica,ASIA CENTRO,No,First Inspection,1091483:22:00,MERLOT,7,,Pass_Pasar,236,8,150,Yes / Si,144.5,7,1,138.0,39,37.5,300,1,14.8,,,,,1,1.29,,,,,2428,,,,,,,,,,,5/7/2024,Ica,Lote 24,Andenes de Andrea,Ica,151.43,87007,9100,Generica
2022-2023,9/7/2024,12:18,Formulario Registro Inspeccion Uva,Ica,Guadalupe,False,Perú,Ica,ASIA CENTRO,Yes / Si,First Inspection,1091483:52:00,MERLOT,7,Singapur,Pass_Pasar,23,2,142,Yes / Si,141.5,2,0,,54,52.5,105,1,14.7,,,,,1,1.61,,,,,2428,,,,,,,,,,,5/7/2024,Ica,Lote 24,Andenes de Andrea,Ica,151.43,87007,9099,Generica
2022-2023,9/7/2024,12:19,Formulario Registro Inspeccion Uva,Ica,Guadalupe,True,Perú,Ica,ASIA CENTRO,Yes / Si,First Inspection,1091555:54:00,AIREN,1,Singapur,Pass_Pasar,75,5,150,Yes / Si,147,5,0,,31,30.5,152.5,1,13.3,,,,,1,0.9,,,,,2428,,,,,,,,,,,8/7/2024,Ica,Lote 26,Andenes de Andrea,Ica,84.47,87009,9100,Generica
2022-2023,9/7/2024,15:32,Formulario Registro Inspeccion Uva,Ica,Guadalupe,False,Perú,Ica,ASIA CENTRO,Yes / Si,First Inspection,1091557:23:00,MERLOT,13,Singapur,Pass_Pasar,240,6,146,Yes / Si,142.666667,6,0,,34,33,198,1,12.4,,,,,1,1.07,,,,,2428,,,,,,,,,,,8/7/2024,Ica,Lote 37,Tierra Linda,Ica,31.63,87020,9100,Generica
2022-2023,9/7/2024,15:36,Formulario Registro Inspeccion Uva,Ica,Guadalupe,True,Perú,Ica,ASIA CENTRO,Yes / Si,First Inspection,1091557:42:00,MERLOT,13,Singapur,Pass_Pasar,8,2,142,Yes / Si,142,2,0,,53,51.5,103,1,12.9,,,,,1,1.14,,,,,2428,,,,,,,,,,,8/7/2024,Ica,Lote 37,Tierra Linda,Ica,31.63,87020,9099,Generica
2022-2023,9/7/2024,15:52,Formulario Registro Inspeccion Uva,Ica,Guadalupe,True,Perú,Ica,ASIA CENTRO,Yes / Si,First Inspection,1091558:18:00,VERDEJO,6,Singapur,Pass_Pasar,240,10,146,Yes / Si,143.3,10,0,,34,33.5,335,1,11.1,,,,,1,0.85,,,,,2428,,,,,,,,,,,8/7/2024,Pisco,Lote 20,Agricultores Unidos,Pisco,344.98,87003,9100,Generica
2022-2023,9/7/2024,17:05,Formulario Registro Inspeccion Uva,Ica,Guadalupe,False,Perú,Ica,ASIA NORTE,,First Inspection,1091558:47:00,VERDEJO,7,,Pass_Pasar,390,16,154,Yes / Si,145.125,15,1,136.0,31,30,480,1,11.5,,,,,1,0.94,,,,,2428,,,,,,,,,,,8/7/2024,Ica,Lote 16,Agricultores Unidos,Ica,19.49,86999,9103,Generica
2022-2023,9/7/2024,17:17,Formulario Registro Inspeccion Uva,Ica,Guadalupe,False,Perú,Ica,ASIA NORTE,,First Inspection,1091557:55:00,VERDEJO,7,,Pass_Pasar,200,5,144,Yes / Si,142.6,4,1,140.0,46,45.5,227.5,1,10.3,,,,,1,1.01,,,,,2428,,,,,,,,,,,8/7/2024,Ica,Lote 16,Agricultores Unidos,Ica,19.49,86999,9102,Generica
2022-2023,11/7/2024,16:06,Formulario Registro Inspeccion Uva,Ica,Guadalupe,True,Perú,Ica,ASIA CENTRO,Yes / Si,First Inspection,1091630:56:00,AIREN,1,Singapur,Pass_Pasar,100,6,143,No,,,,,41,39.5,237,1,12.8,,,,,1,0.51,,,,,2428,,,,,,,,,,,11/7/2024,Ica,Lote 34,Agricultores del Sol,Ica,249.17,87017,9100,Generica
2022-2023,11/7/2024,16:03,Formulario Registro Inspeccion Uva,Ica,Guadalupe,True,Perú,Ica,ASIA CENTRO,Yes / Si,First Inspection,1091630:40:00,PINOT,1,Singapur,Pass_Pasar,138,6,143,Yes / Si,142.666667,6,0,,38,37.5,225,1,13.6,,,,,1,0.9,,,,,2428,,,,,,,,,,,11/7/2024,Ica,Lote 34,Agricultores del Sol,Ica,249.17,87017,9100,Generica
2022-2023,12/7/2024,13:07,Formulario Registro Inspeccion Uva,Ica,Guadalupe,False,Perú,Ica,ASIA CENTRO,No,First Inspection,1091626:34:00,VERDEJO,7,,Pass_Pasar,100,6,145,Yes / Si,142,5,1,139.0,40,38,228,1,10.2,,,,,1,1.23,,,,,2428,,,,,,,,,,,11/7/2024,Ica,Lote 15,Agricultores Unidos,Ica,62.09,86998,9099,Generica
2022-2023,12/7/2024,12:30,Formulario Registro Inspeccion Uva,Ica,Gloria A.,False,Perú,Ica,ASIA CENTRO,Yes / Si,First Inspection,1091626:58:00,VERDEJO,4,HongKong,Pass_Pasar,195,11,150,Yes / Si,143.363636,11,0,,47,46.5,511.5,1,9.6,,,,,1,0.89,,,,,2428,,,,,,,,,,,11/7/2024,Pisco,Lote 20,Agricultores Unidos,Pisco,344.98,87003,9099,Generica
2022-2023,12/7/2024,13:08,Formulario Registro Inspeccion Uva,Ica,Guadalupe,True,Perú,Ica,ASIA CENTRO,No,First Inspection,1091626:57:00,VERDEJO,4,,Pass_Pasar,390,16,151,Yes / Si,143.375,15,1,140.0,37,37,592,1,11.5,,,,,1,0.98,,,,,2428,,,,,,,,,,,11/7/2024,Pisco,Lote 20,Agricultores Unidos,Pisco,344.98,87003,9100,Generica
2022-2023,12/7/2024,13:08,Formulario Registro Inspeccion Uva,Ica,Guadalupe,True,Perú,Ica,ASIA CENTRO,No,First Inspection,1091626:57:00,VERDEJO,4,,Pass_Pasar,390,16,151,Yes / Si,143.375,15,1,140.0,37,37,592,1,11.5,,,,,1,0.98,,,,,2428,,,,,,,,,,,11/7/2024,Pisco,Lote 20,Agricultores Unidos,Pisco,344.98,87003,9100,Generica
2022-2023,12/7/2024,12:36,Formulario Registro Inspeccion Uva,Pisco,Gloria A.,True,Perú,Pisco,ASIA CENTRO,Yes / Si,Second Inspection,1091627:44:00,VERDEJO,4,HongKong,Pass_Pasar,200,10,145,Yes / Si,143.7,10,0,,51,48.5,485,1,9.6,,,,,1,0.89,,,,,2428,,,,,,,,,,,11/7/2024,Pisco,Lote 20,Agricultores Unidos,Pisco,344.98,87003,9099,Generica
2022-2023,12/7/2024,13:10,Formulario Registro Inspeccion Uva,Ica,Guadalupe,True,Perú,Ica,ASIA CENTRO,No,First Inspection,1091627:47:00,VERDEJO,4,,Pass_Pasar,390,16,148,Yes / Si,144.125,14,2,140.0,39,38,608,1,12.2,,,,,0,,,,,,2428,,,,,,,,,,,11/7/2024,Pisco,Lote 20,Agricultores Unidos,Pisco,344.98,87003,9100,Generica
2022-2023,16/7/2024,16:35,Formulario Registro Inspeccion Uva,Pisco,Gloria A.,True,Perú,Pisco,ASIA CENTRO,Yes / Si,First Inspection,1091726:43:00,VERDEJO,4,Singapur,Pass_Pasar,210,8,146,No,,,,,52,51,408,1,11.1,,,,,1,0.85,,,,,2429,,,,,,,,,,,15/7/2024,Pisco,Lote 20,Agricultores Unidos,Pisco,344.98,87003,9099,Generica
2022-2023,16/7/2024,16:36,Formulario Registro Inspeccion Uva,Pisco,Gloria A.,False,Perú,Pisco,ASIA CENTRO,Yes / Si,First Inspection,1091727:20:00,AIREN,4,HongKong,Pass_Pasar,390,10,146,No,,,,,64,62,620,1,12.3,,,,,1,0.93,,,,,2429,,,,,,,,,,,15/7/2024,Pisco,Lote 20,Agricultores Unidos,Pisco,344.98,87003,9099,Generica
2022-2023,16/7/2024,16:24,Formulario Registro Inspeccion Uva,Pisco,Guadalupe,False,Perú,Pisco,ASIA CENTRO,No,First Inspection,1091727:29:00,AIREN,4,,Pass_Pasar,390,16,149,Yes / Si,143.9375,14,2,139.0,39,38,608,1,11.6,,,,,1,1.12,,,,,2429,,,,,,,,,,,15/7/2024,Pisco,Lote 20,Agricultores Unidos,Pisco,344.98,87003,9100,Generica
2022-2023,17/7/2024,16:39,Formulario Registro Inspeccion Uva,Ica,Guadalupe,False,Perú,Ica,ASIA CENTRO,No,First Inspection,1091726:42:00,VERDEJO,4,,Pass_Pasar,240,11,150,Yes / Si,144.909091,11,0,,38,37.5,412.5,1,10.5,,,,,1,1.08,,,,,2429,,,,,,,,,,,15/7/2024,Pisco,Lote 20,Agricultores Unidos,Pisco,344.98,87003,9100,Generica
2022-2023,17/7/2024,16:42,Formulario Registro Inspeccion Uva,Ica,Guadalupe,True,Perú,Ica,ASIA CENTRO,Yes / Si,First Inspection,1091744:38:00,MERLOT,8,Singapur,Pass_Pasar,240,12,149,Yes / Si,144.5,12,0,,34,33,396,1,12.9,,,,,1,1,,,,,2429,,,,,,,,,,,16/7/2024,Ica,Lote 37,Tierra Linda,Ica,31.63,87020,9100,Generica
2022-2023,17/7/2024,16:44,Formulario Registro Inspeccion Uva,Ica,Guadalupe,True,Perú,Ica,ASIA CENTRO,Yes / Si,First Inspection,1091745:19:00,MERLOT,8,Singapur,Pass_Pasar,240,4,143,No,,,,,32,31.5,126,1,12.8,,,,,0,,,,,,2429,,,,,,,,,,,16/7/2024,Ica,Lote 37,Tierra Linda,Ica,31.63,87020,9100,Generica
2022-2023,17/7/2024,16:46,Formulario Registro Inspeccion Uva,Ica,Guadalupe,True,Perú,Ica,ASIA CENTRO,Yes / Si,First Inspection,1091745:36:00,AIREN,8,Singapur,Pass_Pasar,240,2,155,Yes / Si,152,2,0,,46,46,92,1,11.3,,,,,1,0.8,,,,,2429,,,,,,,,,,,16/7/2024,Ica,Lote 37,Tierra Linda,Ica,31.63,87020,9100,Generica
2022-2023,17/7/2024,16:50,Formulario Registro Inspeccion Uva,Ica,Guadalupe,False,Perú,Ica,ASIA NORTE,,First Inspection,1091746:47:00,VERDEJO,12,,Pass_Pasar,390,16,157,Yes / Si,147.1875,16,0,,27,26,416,1,11.7,,,,,1,0.54,,,,,2429,,,,,,,,,,,16/7/2024,Ica,Lote 26,Andenes de Andrea,Ica,84.47,87009,9103,Generica
2022-2023,17/7/2024,16:52,Formulario Registro Inspeccion Uva,Ica,Guadalupe,False,Perú,Ica,ASIA NORTE,,Second Inspection,1091747:17:00,VERDEJO,12,,Pass_Pasar,390,16,154,Yes / Si,146.4375,16,0,,32,31.5,504,1,11.7,,,,,1,0.54,,,,,2429,,,,,,,,,,,16/7/2024,Ica,Lote 26,Andenes de Andrea,Ica,84.47,87009,9103,Generica
2022-2023,17/7/2024,16:07,Formulario Registro Inspeccion Uva,Ica,Gloria A.,False,Perú,Ica,ASIA NORTE,,First Inspection,1091747:04:00,VERDEJO,12,,Pass_Pasar,390,16,159,Yes / Si,146.3125,16,0,,28,27.5,440,1,10.2,,,,,0,,,,,,2429,,,,,,,,,,,16/7/2024,Ica,Lote 26,Andenes de Andrea,Ica,84.47,87009,9103,Generica
2022-2023,17/7/2024,16:05,Formulario Registro Inspeccion Uva,Ica,Gloria A.,False,Perú,Ica,ASIA NORTE,,First Inspection,1091747:47:00,VERDEJO,12,,Pass_Pasar,390,16,162,Yes / Si,148.9375,16,0,,28,27.5,440,1,10.3,,,,,0,,,,,,2429,,,,,,,,,,,16/7/2024,Ica,Lote 26,Andenes de Andrea,Ica,84.47,87009,9103,Generica
2022-2023,17/7/2024,18:32,Formulario Registro Inspeccion Uva,Ica,Gloria A.,False,Perú,Ica,ASIA CENTRO,Yes / Si,First Inspection,1091774:38:00,AIREN,7,Singapur,Pass_Pasar,315,12,143.5,Yes / Si,142.625,12,0,,57,56,672,1,11.7,,,,,1,0.43,,,,,2429,,,,,,,,,,,17/7/2024,Ica,Lote 35,Agricultores del Sol,Ica,129.08,87018,9099,Generica
2022-2023,17/7/2024,16:57,Formulario Registro Inspeccion Uva,Ica,Guadalupe,True,Perú,Ica,ASIA CENTRO,Yes / Si,First Inspection,1091774:39:00,AIREN,7,Singapur,Pass_Pasar,360,12,143.5,Yes / Si,142.666667,12,0,,43,41,492,1,12.4,,,,,1,0.63,,,,,2429,,,,,,,,,,,17/7/2024,Ica,Lote 35,Agricultores del Sol,Ica,129.08,87018,9100,Generica
2022-2023,17/7/2024,18:36,Formulario Registro Inspeccion Uva,Ica,Gloria A.,True,Perú,Ica,ASIA NORTE,,Second Inspection,1091775:12:00,AIREN,7,,Pass_Pasar,315,12,143.5,Yes / Si,142.916667,12,0,,59,58.5,702,1,11.7,,,,,1,0.43,,,,,2429,,,,,,,,,,,17/7/2024,Ica,Lote 35,Agricultores del Sol,Ica,129.08,87018,9099,Generica
2022-2023,18/7/2024,12:09,Formulario Registro Inspeccion Uva,Ica,Guadalupe,True,Perú,Ica,ASIA NORTE,,First Inspection,1091771:14:00,MERLOT,12,,Pass_Pasar,390,16,152,Yes / Si,145.375,16,0,,33,32.5,520,1,13.4,,,,,1,1.03,,,,,2429,,,,,,,,,,,17/7/2024,Ica,Lote 26,Andenes de Andrea,Ica,84.47,87009,9103,Generica
2022-2023,18/7/2024,12:13,Formulario Registro Inspeccion Uva,Ica,Guadalupe,False,Perú,Ica,ASIA NORTE,,First Inspection,1091770:19:00,VERDEJO,13,,Pass_Pasar,390,16,156,Yes / Si,146,15,1,140.0,26,25.5,408,1,10.7,,,,,1,0.66,,,,,2429,,,,,,,,,,,17/7/2024,Ica,Lote 26,Andenes de Andrea,Ica,84.47,87009,9103,Generica
2022-2023,23/7/2024,14:47,Formulario Registro Inspeccion Uva,Ica,Mauricio F.,True,Perú,Ica,ASIA CENTRO,Yes / Si,First Inspection,1091888:46:00,MERLOT,6,Singapur,Pass_Pasar,100,7,146,Yes / Si,144,7,0,,32,29.5,206.5,1,12.5,,,,,1,1.16,,,,,2430,,,,,,,,,,,22/7/2024,Ica,Lote 37,Tierra Linda,Ica,31.63,87020,9100,Generica
2022-2023,23/7/2024,14:52,Formulario Registro Inspeccion Uva,Ica,Mauricio F.,True,Perú,Ica,ASIA CENTRO,Yes / Si,First Inspection,1091889:15:00,MERLOT,6,Singapur,Pass_Pasar,20,4,146,Yes / Si,143,4,0,,32,32,128,1,13,,,,,1,1.23,,,,,2430,,,,,,,,,,,22/7/2024,Ica,Lote 37,Tierra Linda,Ica,31.63,87020,9100,Generica
2022-2023,23/7/2024,14:59,Formulario Registro Inspeccion Uva,Ica,Mauricio F.,True,Perú,Ica,ASIA CENTRO,Yes / Si,First Inspection,1091889:50:00,MERLOT,6,Singapur,Pass_Pasar,25,3,144,Yes / Si,143.333333,3,0,,31,30.5,91.5,1,13,,,,,1,1.23,,,,,2430,,,,,,,,,,,22/7/2024,Ica,Lote 37,Tierra Linda,Ica,31.63,87020,9100,Generica
2022-2023,23/7/2024,17:06,Formulario Registro Inspeccion Uva,Pisco,Gloria A.,True,Perú,Pisco,ASIA CENTRO,Yes / Si,First Inspection,1091894:28:00,AIREN,6,HongKong,Pass_Pasar,140,7,146,Yes / Si,143.857143,7,0,,40,38.5,269.5,1,13.8,,,,,1,1.1,,,,,2430,,,,,,,,,,,22/7/2024,Pisco,Lote 20,Agricultores Unidos,Pisco,344.98,87003,9100,Generica
2022-2023,23/7/2024,17:33,Formulario Registro Inspeccion Uva,Ica,Guadalupe,True,Perú,Ica,ASIA CENTRO,No,First Inspection,1091894:28:00,AIREN,6,,Pass_Pasar,390,16,149,Yes / Si,144.1875,16,0,,62,61,976,1,14.4,,,,,1,0.73,,,,,2430,,,,,,,,,,,22/7/2024,Pisco,Lote 20,Agricultores Unidos,Pisco,344.98,87003,9099,Generica
2022-2023,23/7/2024,17:04,Formulario Registro Inspeccion Uva,Pisco,Gloria A.,False,Perú,Pisco,EEUU,,First Inspection,1091895:08:00,VERDEJO,4,,Pass_Pasar,24,1,345,Yes / Si,345,1,0,,101,101,101,1,10,,,,,1,1.19,,,,,2430,,,,,,,,,,,22/7/2024,Pisco,Lote 20,Agricultores Unidos,Pisco,344.98,87003,9108,Generica
2022-2023,23/7/2024,17:37,Formulario Registro Inspeccion Uva,Ica,Guadalupe,True,Perú,Ica,ASIA CENTRO,No,First Inspection,1091895:25:00,AIREN,6,,Pass_Pasar,390,14,152,Yes / Si,145.5,14,0,,43,41.5,581,1,13,,,,,1,0.86,,,,,2430,,,,,,,,,,,22/7/2024,Pisco,Lote 20,Agricultores Unidos,Pisco,344.98,87003,9100,Generica
2022-2023,23/7/2024,17:55,Formulario Registro Inspeccion Uva,Pisco,Guadalupe,False,Perú,Pisco,ASIA CENTRO,No,First Inspection,1091896:28:00,MERLOT,5,,Pass_Pasar,60,5,148,Yes / Si,146,5,0,,40,39,195,1,13.6,,,,,1,1.24,,,,,2430,,,,,,,,,,,22/7/2024,Pisco,Lote 20,Agricultores Unidos,Pisco,344.98,87003,9100,Generica
2022-2023,24/7/2024,15:36,Formulario Registro Inspeccion Uva,Ica,Gloria A.,True,Perú,Ica,ASIA CENTRO,Yes / Si,First Inspection,1091943:08:00,PINOT,7,Singapur,Pass_Pasar,170,7,143.5,No,,,,,67,64,448,1,12.9,,,,,1,0.74,,,,,2430,,,,,,,,,,,24/7/2024,Ica,Lote 35,Agricultores del Sol,Ica,129.08,87018,9099,Generica
2022-2023,24/7/2024,16:27,Formulario Registro Inspeccion Uva,Ica,Guadalupe,False,Perú,Ica,ASIA CENTRO,Yes / Si,First Inspection,1091915:45:00,VERDEJO,7,Singapur,Pass_Pasar,240,10,152,Yes / Si,147.1,10,0,,33,32.5,325,1,10.4,,,,,1,0.91,,,,,2430,,,,,,,,,,,23/7/2024,Ica,Lote 26,Andenes de Andrea,Ica,84.47,87009,9099,Generica
2022-2023,24/7/2024,16:29,Formulario Registro Inspeccion Uva,Ica,Guadalupe,False,Perú,Ica,ASIA NORTE,,First Inspection,1091916:13:00,VERDEJO,7,,Pass_Pasar,390,16,150,Yes / Si,145.8125,16,0,,34,33.5,536,1,11,,,,,1,0.82,,,,,2430,,,,,,,,,,,23/7/2024,Ica,Lote 26,Andenes de Andrea,Ica,84.47,87009,9103,Generica
2022-2023,30/7/2024,17:09,Formulario Registro Inspeccion Uva,Ica,Guadalupe,True,Perú,Ica,ASIA CENTRO,No,First Inspection,1092062:59:00,VERDEJO,5,,Pass_Pasar,390,16,151,Yes / Si,145.625,16,0,,36,34,544,1,11.2,,,,,1,0.9,,,,,2431,,,,,,,,,,,29/7/2024,Pisco,Lote 20,Agricultores Unidos,Pisco,344.98,87003,9100,Generica
2022-2023,30/7/2024,17:09,Formulario Registro Inspeccion Uva,Pisco,Gloria A.,True,Perú,Pisco,ASIA CENTRO,No,First Inspection,1092062:56:00,VERDEJO,5,,Pass_Pasar,390,16,153,Yes / Si,144.375,16,0,,44,43.5,696,1,11.7,,,,,1,0.93,,,,,2431,,,,,,,,,,,29/7/2024,Pisco,Lote 20,Agricultores Unidos,Pisco,344.98,87003,9099,Generica
2022-2023,30/7/2024,17:01,Formulario Registro Inspeccion Uva,Pisco,Gloria A.,True,Perú,Pisco,EEUU,,First Inspection,1092063:47:00,VERDEJO,6,,Pass_Pasar,55,2,579,Yes / Si,577,2,0,,182,175,350,1,11.7,,,,,1,0.99,,,,,2431,,,,,,,,,,,29/7/2024,Pisco,Lote 20,Agricultores Unidos,Pisco,344.98,87003,9111,Generica
2022-2023,30/7/2024,17:05,Formulario Registro Inspeccion Uva,Ica,Guadalupe,True,Perú,Ica,ASIA CENTRO,No,First Inspection,1092063:46:00,AIREN,6,,Pass_Pasar,390,16,146,Yes / Si,143.5,16,0,,66,62,992,1,13.9,,,,,1,0.74,,,,,2431,,,,,,,,,,,29/7/2024,Pisco,Lote 20,Agricultores Unidos,Pisco,344.98,87003,9099,Generica
2022-2023,30/7/2024,16:42,Formulario Registro Inspeccion Uva,Pisco,Andres Caceres,True,Perú,Pisco,ASIA CENTRO,Yes / Si,First Inspection,1091800:35:00,MERLOT,9,Malasia,Pass_Pasar,300,6,148,Yes / Si,146,6,0,,41,40,240,1,13.1,,,,,0.67,0.71,,,,,2431,,,,,,,,,,,18/7/2024,Pisco,Lote 5,Santa Bernardina Uva,Pisco,72.27,86988,9103,Generica
2022-2023,30/7/2024,17:05,Formulario Registro Inspeccion Uva,Pisco,Gloria A.,True,Perú,Pisco,ASIA CENTRO,No,First Inspection,1092064:19:00,AIREN,6,,Pass_Pasar,390,16,147,Yes / Si,144.3125,16,0,,42,41.5,664,1,14.5,,,,,1,0.74,,,,,2431,,,,,,,,,,,29/7/2024,Pisco,Lote 20,Agricultores Unidos,Pisco,344.98,87003,9100,Generica
2022-2023,30/7/2024,17:03,Formulario Registro Inspeccion Uva,Ica,Guadalupe,True,Perú,Ica,EUROPA,No,First Inspection,1091368:26:00,VERDEJO,6,,Pass_Pasar,390,16,151,Yes / Si,146,16,0,,36,34.5,552,1,10.3,,,,,1,0.88,,,,,2431,,,,,,,,,,,30/6/2024,Ica,Lote 15,Agricultores Unidos,Ica,62.09,86998,9092,Generica
2022-2023,31/7/2024,12:59,Formulario Registro Inspeccion Uva,Ica,Guadalupe,True,Perú,Ica,ASIA CENTRO,No,First Inspection,1092080:28:00,MERLOT,8,,Pass_Pasar,240,12,153,Yes / Si,143.75,12,0,,31,30,360,1,14.2,,,,,1,0.86,,,,,2431,,,,,,,,,,,30/7/2024,Ica,Lote 37,Tierra Linda,Ica,31.63,87020,9100,Generica
2022-2023,31/7/2024,13:00,Formulario Registro Inspeccion Uva,Ica,Guadalupe,False,Perú,Ica,ASIA CENTRO,No,First Inspection,1092080:53:00,MERLOT,8,,Pass_Pasar,240,8,145,Yes / Si,141.75,4,4,139.0,30,30,240,1,13,,,,,0,,,,,,2431,,,,,,,,,,,30/7/2024,Ica,Lote 37,Tierra Linda,Ica,31.63,87020,9100,Generica
2022-2023,31/7/2024,15:45,Formulario Registro Inspeccion Uva,Ica,Guadalupe,True,Perú,Ica,ASIA CENTRO,Yes / Si,First Inspection,1092110:49:00,AIREN,7,Singapur,Pass_Pasar,360,14,144,Yes / Si,143,14,0,,40,40,560,1,12.5,,,,,1,0.38,,,,,2431,,,,,,,,,,,31/7/2024,Ica,Lote 35,Agricultores del Sol,Ica,129.08,87018,9100,Generica
2022-2023,1/8/2024,9:52,Formulario Registro Inspeccion Uva,Ica,Guadalupe,True,Perú,Ica,ASIA CENTRO,Yes / Si,First Inspection,1092080:55:00,AIREN,6,Singapur,Pass_Pasar,240,9,148,Yes / Si,144.444444,9,0,,62,61.5,553.5,1,11.7,,,,,1,0.91,,,,,2431,,,,,,,,,,,30/7/2024,Ica,Lote 37,Tierra Linda,Ica,31.63,87020,9099,Generica
2022-2023,1/8/2024,9:53,Formulario Registro Inspeccion Uva,Ica,Guadalupe,False,Perú,Ica,ASIA CENTRO,Yes / Si,First Inspection,1092105:10:00,AIREN,6,Singapur,Pass_Pasar,240,6,145,Yes / Si,142.333333,5,1,140.0,61,60,360,1,12.8,,,,,1,0.7,,,,,2431,,,,,,,,,,,31/7/2024,Ica,Lote 37,Tierra Linda,Ica,31.63,87020,9099,Generica
2022-2023,1/8/2024,9:56,Formulario Registro Inspeccion Uva,Ica,Guadalupe,True,Perú,Ica,ASIA CENTRO,Yes / Si,First Inspection,1092105:32:00,AIREN,6,Singapur,Pass_Pasar,40,5,145,Yes / Si,143.8,5,0,,43,42.5,212.5,1,12.8,,,,,1,0.56,,,,,2431,,,,,,,,,,,31/7/2024,Ica,Lote 37,Tierra Linda,Ica,31.63,87020,9100,Generica
2022-2023,1/8/2024,18:15,Formulario Registro Inspeccion Uva,Ica,Guadalupe,True,Perú,Ica,ASIA NORTE,,First Inspection,1092086:14:00,VERDEJO,7,,Pass_Pasar,390,16,152,Yes / Si,145.5625,16,0,,35,34,544,1,11,,,,,1,0.78,,,,,2431,,,,,,,,,,,30/7/2024,Ica,Lote 26,Andenes de Andrea,Ica,84.47,87009,9103,Generica
2022-2023,1/8/2024,18:17,Formulario Registro Inspeccion Uva,Ica,Guadalupe,True,Perú,Ica,ASIA NORTE,,First Inspection,1092086:44:00,VERDEJO,6.8,,Pass_Pasar,390,16,157,Yes / Si,145.5,16,0,,35,33,528,1,10.7,,,,,0,,,,,,2431,,,,,,,,,,,30/7/2024,Ica,Lote 26,Andenes de Andrea,Ica,84.47,87009,9103,Generica
2022-2023,2/8/2024,22:42,Formulario Registro Inspeccion Uva,Pisco,Gloria A.,False,Perú,Pisco,EUROPA,Yes / Si,First Inspection,1092130:24:00,VERDEJO,6,Jeddah,Pass_Pasar,195,8,149,Yes / Si,144.375,0,0,,42,39.5,316,1,11.5,,,,,1,0.83,,,,,2431,,,,,,,,,,,1/8/2024,Pisco,Lote 20,Agricultores Unidos,Pisco,344.98,87003,9109,Generica
2022-2023,2/8/2024,13:22,Formulario Registro Inspeccion Uva,Pisco,Gloria A.,True,Perú,Pisco,EEUU,,First Inspection,1092131:07:00,VERDEJO,6,,Pass_Pasar,100,4,583,Yes / Si,579.75,4,0,,136,134,536,1,10.4,,,,,1,1.03,,,,,2431,,,,,,,,,,,1/8/2024,Ica,Lote 14,Agricultores Unidos,Ica,40.26,86997,9108,Generica
2022-2023,2/8/2024,22:36,Formulario Registro Inspeccion Uva,Pisco,Gloria A.,False,Perú,Pisco,EUROPA,Yes / Si,First Inspection,1092131:45:00,AIREN,6.5,Jeddah,Pass_Pasar,250,12,147,Yes / Si,143.916667,12,0,,55,52,624,1,13.5,,,,,1,0.6,,,,,2431,,,,,,,,,,,1/8/2024,Pisco,Lote 20,Agricultores Unidos,Pisco,344.98,87003,9092,Generica
2022-2023,2/8/2024,13:31,Formulario Registro Inspeccion Uva,Pisco,Andres Caceres,False,Perú,Pisco,ASIA CENTRO,Yes / Si,First Inspection,1091797:06:00,MERLOT,9,Malasia,Pass_Pasar,390,11,151.2,Yes / Si,143.336364,9,2,138.7,39,38.5,423.5,1,13.2,,,,,1,0.73,,,,,2431,,,,,,,,,,,18/7/2024,Pisco,Lote 4,Santa Bernardina Uva,Pisco,47.28,86987,9100,Generica
2022-2023,2/8/2024,13:42,Formulario Registro Inspeccion Uva,Pisco,Andres Caceres,False,Perú,Pisco,ASIA CENTRO,Yes / Si,First Inspection,1092085:33:00,MERLOT,9,Malasia,Pass_Pasar,100,12,141,Yes / Si,139.591667,2,10,138.3,49,48.5,582,1,13.5,,,,,1,0.73,,,,,2431,,,,,,,,,,,30/7/2024,Pisco,Lote 4,Santa Bernardina Uva,Pisco,47.28,86987,9099,Generica
2022-2023,6/8/2024,11:30,Formulario Registro Inspeccion Uva,Ica,Gloria A.,True,Perú,Ica,ASIA CENTRO,Yes / Si,First Inspection,1092224:40:00,AIREN,5,Singapur,Pass_Pasar,60,6,160,Yes / Si,147.666667,6,0,,47,44,264,1,13.1,,,,,1,0.28,,,,,2432,,,,,,,,,,,5/8/2024,Ica,Lote 37,Tierra Linda,Ica,31.63,87020,9100,Generica
2022-2023,6/8/2024,11:53,Formulario Registro Inspeccion Uva,Pisco,Gloria A.,True,Perú,Pisco,EUROPA,No,First Inspection,1092226:05:00,VERDEJO,5,,Pass_Pasar,200,8,149,Yes / Si,144.875,8,0,,42,39,312,1,10.6,,,,,1,0.79,,,,,2432,,,,,,,,,,,5/8/2024,Pisco,Lote 20,Agricultores Unidos,Pisco,344.98,87003,9092,Generica
2022-2023,6/8/2024,11:39,Formulario Registro Inspeccion Uva,Ica,Mauricio F.,True,Perú,Ica,ASIA CENTRO,Yes / Si,First Inspection,1092227:31:00,AIREN,5,Singapur,Pass_Pasar,78,6,146,Yes / Si,142.833333,6,0,,59,57,342,1,12.1,,,,,1,0.66,,,,,2432,,,,,,,,,,,5/8/2024,Ica,Lote 37,Tierra Linda,Ica,31.63,87020,9099,Generica
2022-2023,6/8/2024,11:47,Formulario Registro Inspeccion Uva,Ica,Mauricio F.,True,Perú,Ica,ASIA CENTRO,Yes / Si,First Inspection,1092227:40:00,MERLOT,5,Singapur,Pass_Pasar,40,7,148,Yes / Si,144.571429,7,0,,31,30.5,213.5,1,14.1,,,,,1,0.88,,,,,2432,,,,,,,,,,,5/8/2024,Ica,Lote 37,Tierra Linda,Ica,31.63,87020,9100,Generica
2022-2023,7/8/2024,22:55,Formulario Registro Inspeccion Uva,Ica,Gloria A.,True,Perú,Ica,EEUU,,First Inspection,1092279:53:00,VERDEJO,7,,Pass_Pasar,168,8,344,Yes / Si,343.6625,8,0,,78,75,600,1,11.8,,,,,1,0.86,,,,,2432,,,,,,,,,,,7/8/2024,Ica,Lote 34,Agricultores del Sol,Ica,249.17,87017,9108,Generica
2022-2023,7/8/2024,21:00,Formulario Registro Inspeccion Uva,Ica,Mauricio F.,True,Perú,Ica,EEUU,,First Inspection,1092236:51:00,AIREN,12,,Pass_Pasar,90,8,362,Yes / Si,358.625,0,0,,111,107,856,1,13.7,,,,,1,0.35,,,,,2432,,,,,,,,,,,5/8/2024,Ica,Lote 26,Andenes de Andrea,Ica,84.47,87009,9116,Generica
2022-2023,8/8/2024,7:38,Formulario Registro Inspeccion Uva,Pisco,Andres Caceres,TRUE,Perú,Pisco,ASIA CENTRO,Yes / Si,First Inspection,1092178:00:00,AIREN,10,Malasia,Pass_Pasar,210,8,144,Yes / Si,142.375,8,0,,49,48.5,388,0,,,,,,0,,,,,,2432,,,,,,,,,,,3/8/2024,Pisco,Lote 20,Agricultores Unidos,Pisco,344.98,87003,9099,Generica
2022-2023,8/8/2024,7:49,Formulario Registro Inspeccion Uva,Pisco,Andres Caceres,True,Perú,Pisco,ASIA CENTRO,Yes / Si,First Inspection,1092179:00:00,AIREN,10,Malasia,Pass_Pasar,220,12,143,No,,,,,48,48,576,1,12.4,,,,,1,0.6,,,,,2432,,,,,,,,,,,3/8/2024,Pisco,Lote 5,Santa Bernardina Uva,Pisco,72.27,86988,9099,Generica
2022-2023,8/8/2024,7:56,Formulario Registro Inspeccion Uva,Pisco,Andres Caceres,True,Perú,Pisco,ASIA CENTRO,Yes / Si,First Inspection,1092276:51:00,MERLOT,10,Malasia,Pass_Pasar,180,8,143,Yes / Si,142.375,8,0,,42,41,328,1,13.5,,,,,1,0.73,,,,,2432,,,,,,,,,,,7/8/2024,Pisco,Lote 4,Santa Bernardina Uva,Pisco,47.28,86987,9099,Generica
2022-2023,8/8/2024,11:03,Formulario Registro Inspeccion Uva,Ica,Gloria A.,False,Perú,Ica,ASIA CENTRO,No,First Inspection,1092225:04:00,AIREN,6,,Pass_Pasar,200,8,440,Yes / Si,180.625,8,0,,45,44.5,356,1,13.6,,,,,1,1,,,,,2432,,,,,,,,,,,5/8/2024,Ica,Lote 19,Agricultores Unidos,Ica,79.51,87002,9099,Generica
2022-2023,8/8/2024,10:59,Formulario Registro Inspeccion Uva,Ica,Gloria A.,False,Perú,Ica,EEUU,,First Inspection,1092225:10:00,AIREN,12,,Pass_Pasar,100,8,364,Yes / Si,357.375,0,0,,113,109,872,1,13.3,,,,,1,0.52,,,,,2432,,,,,,,,,,,5/8/2024,Ica,Lote 26,Andenes de Andrea,Ica,84.47,87009,9116,Generica
2022-2023,9/8/2024,13:41,Formulario Registro Inspeccion Uva,Ica,Gloria A.,True,Perú,Ica,EEUU,,First Inspection,1092299:23:00,VERDEJO,5,,Pass_Pasar,100,4,355,Yes / Si,337.5,4,0,,82,82,328,1,11.4,,,,,1,0.87,,,,,2432,,,,,,,,,,,8/8/2024,Ica,Lote 15,Agricultores Unidos,Ica,62.09,86998,9108,Generica
2022-2023,10/8/2024,9:10,Formulario Registro Inspeccion Uva,Pisco,Andres Caceres,True,Perú,Pisco,ASIA CENTRO,Yes / Si,First Inspection,1092176:20:00,MERLOT,10,Malasia,Pass_Pasar,390,12,143,Yes / Si,142.5,12,0,,38,37.5,450,1,13.1,,,,,1,0.66,,,,,2432,,,,,,,,,,,3/8/2024,Pisco,Lote 4,Santa Bernardina Uva,Pisco,47.28,86987,9099,Generica
2022-2023,10/8/2024,9:42,Formulario Registro Inspeccion Uva,Pisco,Andres Caceres,True,Perú,Pisco,ASIA CENTRO,Yes / Si,First Inspection,1092182:12:00,MERLOT,10,Malasia,Pass_Pasar,390,12,144,Yes / Si,142.083333,12,0,,41,40,480,1,13.8,,,,,1,0.79,,,,,2432,,,,,,,,,,,3/8/2024,Pisco,Lote 4,Santa Bernardina Uva,Pisco,47.28,86987,9099,Generica
2022-2023,14/8/2024,8:15,Formulario Registro Inspeccion Uva,Ica,Guadalupe,True,Perú,Ica,EEUU,,First Inspection,1092422:41:00,VERDEJO,6,,Pass_Pasar,204,8,341,Yes / Si,330.5,8,0,,77,73.5,588,1,11.1,,,,,1,0.87,,,,,2433,,,,,,,,,,,13/8/2024,Ica,Lote 17,Agricultores Unidos,Ica,54.61,87000,9108,Generica
2022-2023,14/8/2024,8:18,Formulario Registro Inspeccion Uva,Ica,Guadalupe,True,Perú,Ica,EUROPA,Yes / Si,First Inspection,1092399:09:00,VERDEJO,5,Arabia Saudita,Pass_Pasar,390,16,148,Yes / Si,143.875,16,0,,33,31.5,504,1,10.5,,,,,1,0.96,,,,,2433,,,,,,,,,,,12/8/2024,Ica,Lote 15,Agricultores Unidos,Ica,62.09,86998,9092,Generica
2022-2023,14/8/2024,8:19,Formulario Registro Inspeccion Uva,Ica,Guadalupe,True,Perú,Ica,EEUU,,First Inspection,1092423:18:00,TINTORERA,5,,Pass_Pasar,102,4,346,Yes / Si,341.75,4,0,,138,136.5,546,1,12,,,,,1,0.72,,,,,2433,,,,,,,,,,,13/8/2024,Ica,Lote 15,Agricultores Unidos,Ica,62.09,86998,9108,Generica
2022-2023,14/8/2024,15:22,Formulario Registro Inspeccion Uva,Ica,Gloria A.,True,Perú,Ica,EEUU,,First Inspection,1092446:48:00,VERDEJO,7,,Pass_Pasar,204,8,345,Yes / Si,344.125,8,0,,77,76,608,1,12.6,,,,,1,0.58,,,,,2433,,,,,,,,,,,14/8/2024,Ica,Lote 34,Agricultores del Sol,Ica,249.17,87017,9108,Generica
2022-2023,14/8/2024,15:27,Formulario Registro Inspeccion Uva,Ica,Guadalupe,True,Perú,Ica,EEUU,,First Inspection,1092446:46:00,TINTORERA,7,,Pass_Pasar,50,3,344.5,Yes / Si,343.833333,3,0,,103,102,306,1,12.9,,,,,1,0.52,,,,,2433,,,,,,,,,,,14/8/2024,Ica,Lote 34,Agricultores del Sol,Ica,249.17,87017,9108,Generica
2022-2023,14/8/2024,16:02,Formulario Registro Inspeccion Uva,Pisco,Andres Caceres,True,Perú,Pisco,ASIA CENTRO,Yes / Si,First Inspection,1092396:51:00,MERLOT,9,Malasia,Pass_Pasar,330,12,148,Yes / Si,146.166667,12,0,,37,36,432,1,13.8,,,,,1,0.8,,,,,2433,,,,,,,,,,,12/8/2024,Pisco,Lote 4,Santa Bernardina Uva,Pisco,47.28,86987,9099,Generica
2022-2023,15/8/2024,14:05,Formulario Registro Inspeccion Uva,Ica,Guadalupe,True,Perú,Ica,EEUU,,First Inspection,1092421:52:00,MERLOT,6,,Pass_Pasar,76,5,348,Yes / Si,338.6,5,0,,75,73.5,367.5,1,12.4,,,,,1,1.02,,,,,2433,,,,,,,,,,,13/8/2024,Ica,Lote 37,Tierra Linda,Ica,31.63,87020,9108,Generica
2022-2023,15/8/2024,22:15,Formulario Registro Inspeccion Uva,Ica,Guadalupe,False,Perú,Ica,EEUU,,First Inspection,1092448:09:00,MERLOT,12,,Pass_Pasar,276,3,360,Yes / Si,357.666667,0,0,,99,98.5,295.5,1,14.9,,,,,1,0.46,,,,,2433,,,,,,,,,,,14/8/2024,Ica,Lote 24,Andenes de Andrea,Ica,151.43,87007,9116,Generica
2022-2023,15/8/2024,22:19,Formulario Registro Inspeccion Uva,Ica,Guadalupe,True,Perú,Ica,EEUU,,First Inspection,1092448:38:00,MERLOT,12,,Pass_Pasar,276,10,387,Yes / Si,361.4,0,0,,108,105,1050,1,14.5,,,,,1,0.68,,,,,2433,,,,,,,,,,,14/8/2024,Ica,Lote 24,Andenes de Andrea,Ica,151.43,87007,9116,Generica
2022-2023,16/8/2024,20:03,Formulario Registro Inspeccion Uva,Ica,Guadalupe,True,Perú,Ica,ASIA NORTE,,First Inspection,1092471:01:00,VERDEJO,7.5,,Pass_Pasar,390,16,162,Yes / Si,150.5,16,0,,38,37,592,1,11.3,,,,,1,0.74,,,,,2433,,,,,,,,,,,15/8/2024,Ica,Lote 26,Andenes de Andrea,Ica,84.47,87009,9103,Generica
2022-2023,16/8/2024,20:10,Formulario Registro Inspeccion Uva,Ica,Guadalupe,False,Perú,Ica,ASIA NORTE,,First Inspection,1092471:50:00,VERDEJO,7.5,,Pass_Pasar,390,16,153,Yes / Si,148,16,0,,52,52,832,1,11.6,,,,,1,0.77,,,,,2433,,,,,,,,,,,15/8/2024,Ica,Lote 26,Andenes de Andrea,Ica,84.47,87009,9102,Generica
2022-2023,16/8/2024,20:13,Formulario Registro Inspeccion Uva,Ica,Guadalupe,True,Perú,Ica,ASIA NORTE,,First Inspection,1092472:39:00,VERDEJO,7.5,,Pass_Pasar,390,16,151,Yes / Si,146.875,16,0,,50,49,784,1,10.2,,,,,0,,,,,,2433,,,,,,,,,,,15/8/2024,Ica,Lote 26,Andenes de Andrea,Ica,84.47,87009,9102,Generica
2022-2023,16/8/2024,20:51,Formulario Registro Inspeccion Uva,Ica,Guadalupe,True,Perú,Ica,EUROPA,No,First Inspection,1092476:34:00,AIREN,7,,Pass_Pasar,90,4,325,Yes / Si,324.25,0,0,,139,131.5,526,1,13.9,,,,,1,0.73,,,,,2433,,,,,,,,,,,15/8/2024,Pisco,Lote 20,Agricultores Unidos,Pisco,344.98,87003,9098,Generica
2022-2023,16/8/2024,21:02,Formulario Registro Inspeccion Uva,Ica,Gloria A.,True,Perú,Ica,ASIA NORTE,,First Inspection,1092471:32:00,VERDEJO,7.5,,Pass_Pasar,390,16,151,Yes / Si,145.75,16,0,,37,35.5,568,1,11.2,,,,,1,0.83,,,,,2433,,,,,,,,,,,15/8/2024,Ica,Lote 26,Andenes de Andrea,Ica,84.47,87009,9103,Generica
2022-2023,16/8/2024,17:18,Formulario Registro Inspeccion Uva,Ica,Gloria A.,False,Perú,Ica,ASIA NORTE,,First Inspection,1092472:41:00,MERLOT,12,,Pass_Pasar,200,10,150,Yes / Si,145.8,10,0,,39,38.5,385,1,14.9,,,,,1,0.59,,,,,2433,,,,,,,,,,,15/8/2024,Ica,Lote 24,Andenes de Andrea,Ica,151.43,87007,9103,Generica
2022-2023,16/8/2024,21:48,Formulario Registro Inspeccion Uva,Ica,Guadalupe,False,Perú,Ica,ASIA CENTRO,No,First Inspection,1092477:35:00,PINOT,6,,Pass_Pasar,60,4,146,Yes / Si,142.25,2,2,139.0,36,36,144,1,13.2,,,,,1,1.28,,,,,2433,,,,,,,,,,,15/8/2024,Ica,Lote 13,Agricultores Unidos,Ica,50.93,86996,9102,Generica
2022-2023,16/8/2024,22:18,Formulario Registro Inspeccion Uva,Ica,Guadalupe,False,Perú,Ica,ASIA CENTRO,No,First Inspection,1092478:08:00,AIREN,6,,Pass_Pasar,66,4,146,Yes / Si,145,4,0,,47,43.5,174,1,13.2,,,,,1,0.9,,,,,2433,,,,,,,,,,,15/8/2024,Ica,Lote 19,Agricultores Unidos,Ica,79.51,87002,9102,Generica
2022-2023,17/8/2024,16:37,Formulario Registro Inspeccion Uva,Pisco,Andres Caceres,True,Perú,Pisco,ASIA CENTRO,Yes / Si,First Inspection,1092323:00:00,MERLOT,9,Malasia,Pass_Pasar,250,9,147,Yes / Si,144.333333,9,0,,34,33.5,301.5,1,14.1,,,,,1,0.78,,,,,2433,,,,,,,,,,,9/8/2024,Pisco,Lote 4,Santa Bernardina Uva,Pisco,47.28,86987,9099,Generica
2022-2023,17/8/2024,16:48,Formulario Registro Inspeccion Uva,Pisco,Andres Caceres,True,Perú,Pisco,ASIA CENTRO,Yes / Si,First Inspection,1092491:41:00,MERLOT,9,Malasia,Pass_Pasar,250,9,147,Yes / Si,144.333333,9,0,,34,33.5,301.5,1,14.1,,,,,1,0.78,,,,,2433,,,,,,,,,,,16/8/2024,Pisco,Lote 4,Santa Bernardina Uva,Pisco,47.28,86987,9100,Generica
2022-2023,17/8/2024,17:07,Formulario Registro Inspeccion Uva,Pisco,Andres Caceres,True,Perú,Pisco,ASIA CENTRO,Yes / Si,First Inspection,1092443:59:00,MERLOT,9,Malasia,Pass_Pasar,278,9,146,Yes / Si,143.333333,9,0,,49,48,432,1,13.2,,,,,1,0.69,,,,,2433,,,,,,,,,,,14/8/2024,Pisco,Lote 4,Santa Bernardina Uva,Pisco,47.28,86987,9099,Generica
2022-2023,17/8/2024,17:17,Formulario Registro Inspeccion Uva,Pisco,Andres Caceres,True,Perú,Pisco,ASIA CENTRO,Yes / Si,First Inspection,1092350:13:00,AIREN,9,Malasia,Pass_Pasar,180,8,146,Yes / Si,143.375,8,0,,50,49.5,396,1,13.1,,,,,1,0.61,,,,,2433,,,,,,,,,,,10/8/2024,Pisco,Lote 5,Santa Bernardina Uva,Pisco,72.27,86988,9099,Generica
2022-2023,20/8/2024,22:10,Formulario Registro Inspeccion Uva,Ica,Guadalupe,False,Perú,Ica,EUROPA,No,First Inspection,1092566:36:00,AIREN,9,,Pass_Pasar,240,8,337,Yes / Si,327.875,0,0,,135,134,1072,1,13.5,,,,,1,0.59,,,,,2434,,,,,,,,,,,19/8/2024,Pisco,Lote 20,Agricultores Unidos,Pisco,344.98,87003,9098,Generica
2022-2023,20/8/2024,22:14,Formulario Registro Inspeccion Uva,Ica,Guadalupe,False,Perú,Ica,ASIA CENTRO,No,First Inspection,1092591:43:00,AIREN,6,,Pass_Pasar,390,16,152,Yes / Si,145.5625,16,0,,51,50.5,808,1,13,,,,,1,1,,,,,2434,,,,,,,,,,,20/8/2024,Ica,Lote 15,Agricultores Unidos,Ica,62.09,86998,9099,Generica
2022-2023,20/8/2024,21:50,Formulario Registro Inspeccion Uva,Ica,Guadalupe,True,Perú,Ica,EEUU,,First Inspection,1092560:57:00,MERLOT,6,,Pass_Pasar,140,5,339,Yes / Si,336.4,5,0,,83,81,405,1,14.8,,,,,1,0.75,,,,,2434,,,,,,,,,,,19/8/2024,Ica,Lote 37,Tierra Linda,Ica,31.63,87020,9108,Generica
2022-2023,22/8/2024,8:55,Formulario Registro Inspeccion Uva,Ica,Guadalupe,False,Perú,Ica,EEUU,,First Inspection,1092590:56:00,MERLOT,14,,Pass_Pasar,276,10,370,Yes / Si,359.7,10,0,,86,96,960,1,15.5,,,,,1,0.6,,,,,2434,,,,,,,,,,,20/8/2024,Ica,Lote 24,Andenes de Andrea,Ica,151.43,87007,9116,Generica
2022-2023,22/8/2024,8:59,Formulario Registro Inspeccion Uva,Ica,Guadalupe,True,Perú,Ica,EEUU,,First Inspection,1092567:29:00,MERLOT,14,,Pass_Pasar,276,10,367,Yes / Si,359.8,10,0,,80,94.5,945,2,14.3,15,,,,2,0.66,0.37,,,,2434,,,,,,,,,,,19/8/2024,Ica,Lote 24,Andenes de Andrea,Ica,151.43,87007,9116,Generica
2022-2023,22/8/2024,9:29,Formulario Registro Inspeccion Uva,Ica,Guadalupe,True,Perú,Ica,EEUU,,First Inspection,1092592:01:00,AIREN,14,,Pass_Pasar,240,8,356,Yes / Si,351.375,8,0,,136,131,1048,1,13,,,,,1,0.69,,,,,2434,,,,,,,,,,,20/8/2024,Ica,Lote 26,Andenes de Andrea,Ica,84.47,87009,9108,Generica
2022-2023,22/8/2024,8:48,Formulario Registro Inspeccion Uva,Ica,Guadalupe,True,Perú,Ica,EEUU,,First Inspection,1092607:39:00,AIREN,7,,Pass_Pasar,51,2,579,Yes / Si,578,2,0,,119,119,238,1,12.8,,,,,1,0.64,,,,,2434,,,,,,,,,,,21/8/2024,Ica,Lote 37,Tierra Linda,Ica,31.63,87020,9111,Generica
2022-2023,22/8/2024,9:33,Formulario Registro Inspeccion Uva,Ica,Guadalupe,False,Perú,Ica,EEUU,,First Inspection,1092593:03:00,MERLOT,14,,Pass_Pasar,276,10,362,Yes / Si,359.1,10,0,,86,83.5,835,2,15.9,14.4,,,,2,0.64,0.89,,,,2434,,,,,,,,,,,20/8/2024,Ica,Lote 24,Andenes de Andrea,Ica,151.43,87007,9116,Generica
2022-2023,22/8/2024,17:10,Formulario Registro Inspeccion Uva,Ica,Guadalupe,True,Perú,Ica,EEUU,,First Inspection,1092615:07:00,AIREN,14,,Pass_Pasar,240,4,360,Yes / Si,355,4,0,,134,130.5,522,1,12.8,,,,,1,0.59,,,,,2434,,,,,,,,,,,21/8/2024,Ica,Lote 26,Andenes de Andrea,Ica,84.47,87009,9108,Generica
2022-2023,23/8/2024,20:15,Formulario Registro Inspeccion Uva,Ica,Guadalupe,True,Perú,Ica,EEUU,,First Inspection,1092634:24:00,VERDEJO,6,,Pass_Pasar,240,8,340,Yes / Si,337.25,8,0,,95,92,736,1,11.7,,,,,1,0.85,,,,,2434,,,,,,,,,,,22/8/2024,Ica,Lote 16,Agricultores Unidos,Ica,19.49,86999,9108,Generica
2022-2023,23/8/2024,20:19,Formulario Registro Inspeccion Uva,Ica,Guadalupe,False,Perú,Ica,EUROPA,No,First Inspection,1092635:08:00,TINTORERA,5,,Pass_Pasar,390,16,152,Yes / Si,145.375,16,0,,53,52,832,1,12.2,,,,,1,0.7,,,,,2434,,,,,,,,,,,22/8/2024,Ica,Lote 14,Agricultores Unidos,Ica,40.26,86997,9092,Generica
2022-2023,23/8/2024,20:04,Formulario Registro Inspeccion Uva,Ica,Guadalupe,False,Perú,Ica,EUROPA,No,First Inspection,1092635:52:00,TINTORERA,5,,Pass_Pasar,120,4,332,No,,,,,135,133,532,1,12.2,,,,,1,0.79,,,,,2434,,,,,,,,,,,22/8/2024,Ica,Lote 15,Agricultores Unidos,Ica,62.09,86998,9098,Generica
2022-2023,24/8/2024,15:57,Formulario Registro Inspeccion Uva,Pisco,Andres Caceres,False,Perú,Pisco,ASIA CENTRO,Yes / Si,First Inspection,1092609:50:00,AIREN,9,Malasia,Pass_Pasar,370,12,148,Yes / Si,145,12,0,,46,43,516,1,13.4,,,,,1,0.49,,,,,2434,,,,,,,,,,,21/8/2024,Pisco,Lote 5,Santa Bernardina Uva,Pisco,72.27,86988,9099,Generica
2022-2023,24/8/2024,16:05,Formulario Registro Inspeccion Uva,Pisco,Andres Caceres,False,Perú,Pisco,ASIA CENTRO,Yes / Si,First Inspection,1092584:00:00,AIREN,9,Malasia,Pass_Pasar,370,9,152,Yes / Si,145.777778,9,0,,44,43,387,1,13.5,,,,,1,0.51,,,,,2434,,,,,,,,,,,20/8/2024,Pisco,Lote 5,Santa Bernardina Uva,Pisco,72.27,86988,9099,Generica
2022-2023,24/8/2024,16:14,Formulario Registro Inspeccion Uva,Pisco,Andres Caceres,True,Perú,Pisco,ASIA CENTRO,Yes / Si,First Inspection,1092611:07:00,MERLOT,9,Malasia,Pass_Pasar,100,9,153,Yes / Si,147,9,0,,35,34,306,1,14.6,,,,,1,0.62,,,,,2434,,,,,,,,,,,21/8/2024,Pisco,Lote 4,Santa Bernardina Uva,Pisco,47.28,86987,9099,Generica
2022-2023,24/8/2024,16:41,Formulario Registro Inspeccion Uva,Pisco,Andres Caceres,True,Perú,Pisco,ASIA NORTE,,First Inspection,1092634:37:00,AIREN,9,,Pass_Pasar,100,8,144,Yes / Si,142.75,8,0,,34,33,264,1,12.8,,,,,1,0.44,,,,,2434,,,,,,,,,,,22/8/2024,Pisco,Lote 10,Eden del Norte,Pisco,76.26,86993,9102,Generica
2022-2023,24/8/2024,16:33,Formulario Registro Inspeccion Uva,Pisco,Andres Caceres,True,Perú,Pisco,ASIA NORTE,,First Inspection,1092634:28:00,AIREN,9,,Pass_Pasar,100,8,143,Yes / Si,142.5,8,0,,33,32.5,260,1,13.2,,,,,1,0.45,,,,,2434,,,,,,,,,,,22/8/2024,Pisco,Lote 10,Eden del Norte,Pisco,76.26,86993,9103,Generica
2022-2023,24/8/2024,17:15,Formulario Registro Inspeccion Uva,Pisco,Andres Caceres,True,Perú,Pisco,EEUU,,First Inspection,1092586:12:00,AIREN,9,,Pass_Pasar,80,4,0,Yes / Si,0,4,0,,105,104,416,1,13,,,,,1,0.57,,,,,2434,,,,,,,,,,,20/8/2024,Pisco,Lote 10,Eden del Norte,Pisco,76.26,86993,9108,Generica
2022-2023,24/8/2024,17:53,Formulario Registro Inspeccion Uva,Pisco,Andres Caceres,True,Perú,Pisco,ASIA CENTRO,Yes / Si,First Inspection,1092465:48:00,AIREN,9,Malasia,Pass_Pasar,370,12,146,Yes / Si,143.916667,12,0,,46,45.5,546,1,13,,,,,0,,,,,,2434,,,,,,,,,,,15/8/2024,Pisco,Lote 5,Santa Bernardina Uva,Pisco,72.27,86988,9099,Generica
2022-2023,24/8/2024,17:57,Formulario Registro Inspeccion Uva,Pisco,Andres Caceres,True,Perú,Pisco,ASIA CENTRO,Yes / Si,First Inspection,1092497:54:00,AIREN,9,Malasia,Pass_Pasar,250,12,146,Yes / Si,143.166667,12,0,,47,45.5,546,1,13.1,,,,,0,,,,,,2434,,,,,,,,,,,16/8/2024,Pisco,Lote 5,Santa Bernardina Uva,Pisco,72.27,86988,9099,Generica
2022-2023,27/8/2024,6:48,Formulario Registro Inspeccion Uva,Pisco,Andres Caceres,True,Perú,Pisco,ASIA NORTE,,First Inspection,1092730:44:00,AIREN,10,,Pass_Pasar,90,6,144,Yes / Si,142.833333,6,0,,49,47.5,285,1,13.2,,,,,1,0.22,,,,,2435,,,,,,,,,,,26/8/2024,Pisco,Lote 10,Eden del Norte,Pisco,76.26,86993,9102,Generica
2022-2023,27/8/2024,6:55,Formulario Registro Inspeccion Uva,Pisco,Andres Caceres,True,Perú,Pisco,ASIA NORTE,,First Inspection,1092729:50:00,AIREN,10,,Pass_Pasar,100,6,144,Yes / Si,143,6,0,,53,50.5,303,1,12.6,,,,,1,0.49,,,,,2435,,,,,,,,,,,26/8/2024,Pisco,Lote 10,Eden del Norte,Pisco,76.26,86993,9102,Generica
2022-2023,27/8/2024,7:05,Formulario Registro Inspeccion Uva,Pisco,Andres Caceres,True,Perú,Pisco,ASIA NORTE,,First Inspection,1092731:58:00,AIREN,10,,Pass_Pasar,144,6,144,Yes / Si,142.666667,6,0,,54,51.5,309,1,12.1,,,,,1,0.55,,,,,2435,,,,,,,,,,,26/8/2024,Pisco,Lote 10,Eden del Norte,Pisco,76.26,86993,9102,Generica
2022-2023,27/8/2024,20:03,Formulario Registro Inspeccion Uva,Ica,Guadalupe,False,Perú,Ica,ASIA NORTE,,First Inspection,1092739:58:00,AIREN,7,,Pass_Pasar,390,16,147,Yes / Si,144.1875,15,1,139.0,41,40,640,1,13.8,,,,,1,0.4,,,,,2435,,,,,,,,,,,26/8/2024,Ica,Lote 17,Agricultores Unidos,Ica,54.61,87000,9103,Generica
2022-2023,27/8/2024,20:09,Formulario Registro Inspeccion Uva,Ica,Guadalupe,True,Perú,Ica,EUROPA,No,First Inspection,1092735:10:00,AIREN,6,,Pass_Pasar,240,8,332,Yes / Si,328.25,0,0,,118,116,928,1,12.9,,,,,1,1.05,,,,,2435,,,,,,,,,,,26/8/2024,Ica,Lote 17,Agricultores Unidos,Ica,54.61,87000,9098,Generica
2022-2023,27/8/2024,20:06,Formulario Registro Inspeccion Uva,Ica,Guadalupe,False,Perú,Ica,ASIA CENTRO,No,First Inspection,1092735:52:00,TINTORERA,6,,Pass_Pasar,390,16,155,Yes / Si,145.625,16,0,,54,53.5,856,1,12.3,,,,,1,0.62,,,,,2435,,,,,,,,,,,26/8/2024,Ica,Lote 15,Agricultores Unidos,Ica,62.09,86998,9099,Generica
2022-2023,27/8/2024,20:13,Formulario Registro Inspeccion Uva,Ica,Guadalupe,True,Perú,Ica,EEUU,,First Inspection,1092736:48:00,AIREN,9,,Pass_Pasar,276,10,367,Yes / Si,360.3,10,0,,123,123,1230,2,14.2,14.3,,,,2,0.48,0.33,,,,2435,,,,,,,,,,,26/8/2024,Pisco,Lote 20,Agricultores Unidos,Pisco,344.98,87003,9116,Generica
2022-2023,27/8/2024,20:18,Formulario Registro Inspeccion Uva,Ica,Guadalupe,True,Perú,Ica,EEUU,,First Inspection,1092737:28:00,AIREN,9,,Pass_Pasar,276,10,397,Yes / Si,361.9,10,0,,137,132.5,1325,2,13.3,13.8,,,,2,0.41,0.37,,,,2435,,,,,,,,,,,26/8/2024,Pisco,Lote 20,Agricultores Unidos,Pisco,344.98,87003,9116,Generica
2022-2023,27/8/2024,21:49,Formulario Registro Inspeccion Uva,Ica,Gloria A.,False,Perú,Ica,EEUU,,First Inspection,1092741:31:00,MERLOT,12,,Pass_Pasar,200,6,362,Yes / Si,351,6,0,,109,106.5,639,1,15.2,,,,,1,0.58,,,,,2435,,,,,,,,,,,26/8/2024,Ica,Lote 24,Andenes de Andrea,Ica,151.43,87007,9120,Generica
2022-2023,27/8/2024,22:00,Formulario Registro Inspeccion Uva,Ica,Gloria A.,False,Perú,Ica,EEUU,,First Inspection,1092741:50:00,MERLOT,12,,Pass_Pasar,276,12,373,Yes / Si,352,12,0,,92,91.5,1098,1,14.2,,,,,0,,,,,,2435,,,,,,,,,,,26/8/2024,Ica,Lote 24,Andenes de Andrea,Ica,151.43,87007,9120,Generica
2022-2023,28/8/2024,8:19,Formulario Registro Inspeccion Uva,Ica,Guadalupe,True,Perú,Ica,EEUU,,First Inspection,1092751:27:00,AIREN,6,,Pass_Pasar,240,8,362,Yes / Si,337.375,8,0,,130,123.5,988,1,12.9,,,,,1,0.47,,,,,2435,,,,,,,,,,,27/8/2024,Ica,Lote 37,Tierra Linda,Ica,31.63,87020,9108,Generica
2022-2023,29/8/2024,21:29,Formulario Registro Inspeccion Uva,Ica,Guadalupe,True,Perú,Ica,ASIA NORTE,,First Inspection,1092780:02:00,VERDEJO,7,,Pass_Pasar,100,12,144,Yes / Si,142.916667,12,0,,31,30.5,366,1,11,,,,,1,0.86,,,,,2435,,,,,,,,,,,28/8/2024,Ica,Lote 35,Agricultores del Sol,Ica,129.08,87018,9103,Generica
2022-2023,29/8/2024,10:55,Formulario Registro Inspeccion Uva,Pisco,Andres Caceres,False,Perú,Pisco,EEUU,,First Inspection,1092754:50:00,AIREN,9,,Pass_Pasar,50,6,358,Yes / Si,355,6,0,,105,104,624,1,13.2,,,,,0,,,,,,2435,,,,,,,,,,,27/8/2024,Pisco,Lote 5,Santa Bernardina Uva,Pisco,72.27,86988,9116,Generica
2022-2023,29/8/2024,11:14,Formulario Registro Inspeccion Uva,Pisco,Andres Caceres,FALSE,Perú,Pisco,EEUU,,First Inspection,1092731:00:00,AIREN,9,,Pass_Pasar,40,4,355,Yes / Si,354.25,4,0,,106,104,416,0,,,,,,0,,,,,,2435,,,,,,,,,,,26/8/2024,Pisco,Lote 5,Santa Bernardina Uva,Pisco,72.27,86988,9116,Generica
2022-2023,29/8/2024,11:23,Formulario Registro Inspeccion Uva,Pisco,Andres Caceres,TRUE,Perú,Pisco,EEUU,,First Inspection,1092731:15:00,VERDEJO,7,,Pass_Pasar,156,4,0,Yes / Si,0,4,0,,96,96,384,0,,,,,,0,,,,,,2435,,,,,,,,,,,26/8/2024,Pisco,Lote 4,Santa Bernardina Uva,Pisco,47.28,86987,9108,Generica
2022-2023,29/8/2024,11:35,Formulario Registro Inspeccion Uva,Pisco,Andres Caceres,True,Perú,Pisco,EEUU,,First Inspection,1092779:31:00,AIREN,10,,Pass_Pasar,60,6,359,Yes / Si,358.333333,6,0,,103,102.5,615,1,13.1,,,,,1,0.28,,,,,2435,,,,,,,,,,,28/8/2024,Pisco,Lote 10,Eden del Norte,Pisco,76.26,86993,9116,Generica
2022-2023,29/8/2024,11:43,Formulario Registro Inspeccion Uva,Pisco,Andres Caceres,True,Perú,Pisco,EEUU,,First Inspection,1092779:37:00,AIREN,10,,Pass_Pasar,100,12,148,Yes / Si,146.166667,12,0,,54,48.5,582,1,12.6,,,,,1,0.64,,,,,2435,,,,,,,,,,,28/8/2024,Pisco,Lote 10,Eden del Norte,Pisco,76.26,86993,9102,Generica
2022-2023,29/8/2024,11:48,Formulario Registro Inspeccion Uva,Pisco,Andres Caceres,True,Perú,Pisco,EEUU,,First Inspection,1092779:45:00,AIREN,10,,Pass_Pasar,100,12,149,Yes / Si,145.25,12,0,,55,53.5,642,1,12.6,,,,,1,0.66,,,,,2435,,,,,,,,,,,28/8/2024,Pisco,Lote 10,Eden del Norte,Pisco,76.26,86993,9102,Generica
2022-2023,29/8/2024,21:49,Formulario Registro Inspeccion Uva,Ica,Guadalupe,False,Perú,Ica,ASIA NORTE,,First Inspection,1092808:31:00,VERDEJO,7,,Pass_Pasar,150,10,144,Yes / Si,143.35,10,0,,31,29.5,295,1,11.1,,,,,1,0.63,,,,,2435,,,,,,,,,,,29/8/2024,Ica,Lote 35,Agricultores del Sol,Ica,129.08,87018,9103,Generica
2022-2023,30/8/2024,8:30,Formulario Registro Inspeccion Uva,Pisco,Andres Caceres,True,Perú,Pisco,ASIA NORTE,,First Inspection,1092800:26:00,AIREN,10,,Pass_Pasar,120,12,143,Yes / Si,142.5,12,0,,54,51.5,618,1,13.3,,,,,1,0.59,,,,,2435,,,,,,,,,,,29/8/2024,Pisco,Lote 10,Eden del Norte,Pisco,76.26,86993,9102,Generica
2022-2023,30/8/2024,8:35,Formulario Registro Inspeccion Uva,Pisco,Andres Caceres,True,Perú,Pisco,ASIA NORTE,,First Inspection,1092800:31:00,AIREN,10,,Pass_Pasar,80,12,146,Yes / Si,142.916667,12,0,,50,47.5,570,1,12.9,,,,,1,0.59,,,,,2435,,,,,,,,,,,29/8/2024,Pisco,Lote 10,Eden del Norte,Pisco,76.26,86993,9102,Generica
2022-2023,2/9/2024,17:49,Formulario Registro Inspeccion Uva,Pisco,Andres Caceres,False,Perú,Pisco,EEUU,,First Inspection,1092902:16:00,AIREN,10,,Pass_Pasar,100,6,359,Yes / Si,341.616667,6,0,,143,141,846,1,14.2,,,,,1,0.48,,,,,2436,,,,,,,,,,,2/9/2024,Pisco,Lote 10,Eden del Norte,Pisco,76.26,86993,9116,Generica
2022-2023,2/9/2024,18:38,Formulario Registro Inspeccion Uva,Pisco,Andres Caceres,False,Perú,Pisco,EEUU,,First Inspection,1092903:30:00,AIREN,10,,Pass_Pasar,80,8,359,Yes / Si,358.0625,8,0,,139,136.5,1092,1,13.8,,,,,1,0.46,,,,,2436,,,,,,,,,,,2/9/2024,Pisco,Lote 10,Eden del Norte,Pisco,76.26,86993,9116,Generica
2022-2023,2/9/2024,19:30,Formulario Registro Inspeccion Uva,Pisco,Andres Caceres,False,Perú,Pisco,EEUU,,First Inspection,1092900:26:00,AIREN,10,,Pass_Pasar,80,6,359,Yes / Si,358.333333,6,0,,143,141.5,849,1,14.1,,,,,1,0.52,,,,,2436,,,,,,,,,,,2/9/2024,Pisco,Lote 10,Eden del Norte,Pisco,76.26,86993,9116,Generica
2022-2023,2/9/2024,19:41,Formulario Registro Inspeccion Uva,Pisco,Andres Caceres,False,Perú,Pisco,EEUU,,First Inspection,1092902:39:00,AIREN,10,,Pass_Pasar,50,4,359,Yes / Si,358.25,4,0,,141,140,560,1,14.1,,,,,0,,,,,,2436,,,,,,,,,,,2/9/2024,Pisco,Lote 10,Eden del Norte,Pisco,76.26,86993,9116,Generica
2022-2023,2/9/2024,19:49,Formulario Registro Inspeccion Uva,Pisco,Andres Caceres,False,Perú,Pisco,EEUU,,First Inspection,1092903:45:00,AIREN,10,,Pass_Pasar,48,5,359,Yes / Si,358.6,5,0,,145,141.5,707.5,1,13.2,,,,,1,0.52,,,,,2436,,,,,,,,,,,2/9/2024,Pisco,Lote 10,Eden del Norte,Pisco,76.26,86993,9116,Generica
2022-2023,3/9/2024,20:35,Formulario Registro Inspeccion Uva,Ica,Gloria A.,True,Perú,Ica,EEUU,,First Inspection,1092908:17:00,AIREN,12,,Pass_Pasar,250,8,372,Yes / Si,361,8,0,,135,131,1048,1,12.7,,,,,1,0.45,,,,,2436,,,,,,,,,,,2/9/2024,Ica,Lote 37,Tierra Linda,Ica,31.63,87020,9116,Generica
2022-2023,4/9/2024,22:29,Formulario Registro Inspeccion Uva,Ica,Gloria A.,False,Perú,Ica,EEUU,,First Inspection,1092923:54:00,AIREN,13,,Pass_Pasar,54,4,361,Yes / Si,357.75,4,0,,127,126,504,1,13.2,,,,,1,0.48,,,,,2436,,,,,,,,,,,3/9/2024,Ica,Lote 26,Andenes de Andrea,Ica,84.47,87009,9116,Generica
2022-2023,4/9/2024,22:24,Formulario Registro Inspeccion Uva,Ica,Gloria A.,False,Perú,Ica,EEUU,,First Inspection,1092923:36:00,AIREN,13,,Pass_Pasar,21,3,360,Yes / Si,352.666667,3,0,,127,125.5,376.5,1,14.1,,,,,1,0.28,,,,,2436,,,,,,,,,,,3/9/2024,Ica,Lote 26,Andenes de Andrea,Ica,84.47,87009,9120,Generica
2022-2023,4/9/2024,17:31,Formulario Registro Inspeccion Uva,Ica,Guadalupe,True,Perú,Ica,ASIA NORTE,,First Inspection,1092951:33:00,PINOT,7,,Pass_Pasar,330,5,143.5,Yes / Si,142.9,5,0,,35,34,170,1,14.4,,,,,1,0.66,,,,,2436,,,,,,,,,,,4/9/2024,Ica,Lote 35,Agricultores del Sol,Ica,129.08,87018,9103,Generica
2022-2023,4/9/2024,17:36,Formulario Registro Inspeccion Uva,Ica,Guadalupe,True,Perú,Ica,ASIA NORTE,,First Inspection,1092951:49:00,VERDEJO,7,,Pass_Pasar,20,2,143,Yes / Si,142.75,2,0,,34,33.5,67,1,12.2,,,,,1,0.63,,,,,2436,,,,,,,,,,,4/9/2024,Ica,Lote 35,Agricultores del Sol,Ica,129.08,87018,9103,Generica
2022-2023,4/9/2024,17:21,Formulario Registro Inspeccion Uva,Ica,Guadalupe,True,Perú,Ica,EEUU,,First Inspection,1092952:00:00,TINTORERA,11,,Pass_Pasar,90,3,589.5,Yes / Si,588.833333,3,0,,221,221,663,1,12.4,,,,,1,0.32,,,,,2436,,,,,,,,,,,4/9/2024,Ica,Lote 34,Agricultores del Sol,Ica,249.17,87017,9111,Generica
2022-2023,4/9/2024,17:35,Formulario Registro Inspeccion Uva,Ica,Guadalupe,True,Perú,Ica,ASIA NORTE,,First Inspection,1092952:22:00,PINOT,7,,Pass_Pasar,100,12,143.5,Yes / Si,142.791667,12,0,,59,58.5,702,1,13.9,,,,,1,0.53,,,,,2436,,,,,,,,,,,4/9/2024,Ica,Lote 35,Agricultores del Sol,Ica,129.08,87018,9102,Generica
2022-2023,4/9/2024,17:26,Formulario Registro Inspeccion Uva,Ica,Guadalupe,True,Perú,Ica,ASIA NORTE,,First Inspection,1092952:36:00,PINOT,7,,Pass_Pasar,100,14,143.5,Yes / Si,142.857143,14,0,,33,32.5,455,1,14.5,,,,,1,0.56,,,,,2436,,,,,,,,,,,4/9/2024,Ica,Lote 34,Agricultores del Sol,Ica,249.17,87017,9103,Generica
2022-2023,5/9/2024,15:45,Formulario Registro Inspeccion Uva,Ica,Gloria A.,True,Perú,Ica,ASIA NORTE,,First Inspection,1092975:19:00,VERDEJO,7,,Pass_Pasar,300,10,143.75,Yes / Si,143.204,10,0,,31,30.5,305,1,11.3,,,,,1,0.59,,,,,2436,,,,,,,,,,,5/9/2024,Ica,Lote 35,Agricultores del Sol,Ica,129.08,87018,9103,Generica
2022-2023,5/9/2024,20:28,Formulario Registro Inspeccion Uva,Ica,Guadalupe,True,Perú,Ica,EEUU,,First Inspection,1092897:55:00,MERLOT,13.6,,Pass_Pasar,276,10,359,Yes / Si,357.6,10,0,,90,88,880,2,14.4,15.4,,,,2,0.61,0.52,,,,2436,,,,,,,,,,,2/9/2024,Ica,Lote 24,Andenes de Andrea,Ica,151.43,87007,9116,Generica
2022-2023,5/9/2024,20:37,Formulario Registro Inspeccion Uva,Ica,Guadalupe,False,Perú,Ica,EEUU,,First Inspection,1092899:18:00,MERLOT,13.6,,Pass_Pasar,276,10,360,No,,,,,92,96,960,2,15.3,16.1,,,,2,0.53,0.57,,,,2436,,,,,,,,,,,2/9/2024,Ica,Lote 24,Andenes de Andrea,Ica,151.43,87007,9116,Generica
2022-2023,5/9/2024,20:42,Formulario Registro Inspeccion Uva,Ica,Guadalupe,True,Perú,Ica,EEUU,,First Inspection,1092899:35:00,MERLOT,13.6,,Pass_Pasar,276,10,361,Yes / Si,357.4,10,0,,95,93.5,935,2,15.6,15.5,,,,2,0.45,0.52,,,,2436,,,,,,,,,,,2/9/2024,Ica,Lote 24,Andenes de Andrea,Ica,151.43,87007,9116,Generica
2022-2023,5/9/2024,20:46,Formulario Registro Inspeccion Uva,Ica,Guadalupe,True,Perú,Ica,EEUU,,First Inspection,1092900:51:00,MERLOT,13.6,,Pass_Pasar,240,8,346,Yes / Si,341.75,8,0,,92,96,768,1,15.5,,,,,1,0.91,,,,,2436,,,,,,,,,,,2/9/2024,Ica,Lote 24,Andenes de Andrea,Ica,151.43,87007,9108,Generica
2022-2023,5/9/2024,21:06,Formulario Registro Inspeccion Uva,Ica,Guadalupe,True,Perú,Ica,EEUU,,First Inspection,1092908:46:00,MERLOT,13.6,,Pass_Pasar,240,12,352,Yes / Si,347.833333,12,0,,85,83,996,2,15.6,15.9,,,,2,0.41,0.5,,,,2436,,,,,,,,,,,2/9/2024,Ica,Lote 24,Andenes de Andrea,Ica,151.43,87007,9120,Generica
2022-2023,5/9/2024,21:19,Formulario Registro Inspeccion Uva,Ica,Guadalupe,True,Perú,Ica,EEUU,,First Inspection,1092909:07:00,MERLOT,13.6,,Pass_Pasar,240,8,354,Yes / Si,348.5,8,0,,95,92.5,740,2,14.8,15.4,,,,2,0.71,0.55,,,,2436,,,,,,,,,,,2/9/2024,Ica,Lote 24,Andenes de Andrea,Ica,151.43,87007,9120,Generica
2022-2023,5/9/2024,21:49,Formulario Registro Inspeccion Uva,Ica,Guadalupe,True,Perú,Ica,EEUU,,First Inspection,1092909:42:00,AIREN,10,,Pass_Pasar,228,5,360.5,Yes / Si,359,5,0,,113,106.5,532.5,2,13.5,12.5,,,,2,0.27,0.27,,,,2436,,,,,,,,,,,2/9/2024,Ica,Lote 35,Agricultores del Sol,Ica,129.08,87018,9116,Generica
2022-2023,5/9/2024,12:33,Formulario Registro Inspeccion Uva,Pisco,Andres Caceres,True,Perú,Pisco,EEUU,,First Inspection,1092969:14:00,AIREN,10,,Pass_Pasar,120,12,359,Yes / Si,358.333333,12,0,,145,143.5,1722,1,14.2,,,,,1,0.42,,,,,2436,,,,,,,,,,,5/9/2024,Pisco,Lote 10,Eden del Norte,Pisco,76.26,86993,9116,Generica
2022-2023,5/9/2024,15:33,Formulario Registro Inspeccion Uva,Pisco,Andres Caceres,True,Perú,Pisco,EEUU,,First Inspection,1092972:57:00,AIREN,10,,Pass_Pasar,50,5,359,Yes / Si,358.6,5,0,,152,150.5,752.5,1,12.9,,,,,1,0.59,,,,,2436,,,,,,,,,,,5/9/2024,Pisco,Lote 10,Eden del Norte,Pisco,76.26,86993,9116,Generica
2022-2023,5/9/2024,16:16,Formulario Registro Inspeccion Uva,Pisco,Andres Caceres,True,Perú,Pisco,EEUU,,First Inspection,1092974:08:00,AIREN,10,,Pass_Pasar,50,4,359,Yes / Si,358,4,0,,143,143,572,1,13.2,,,,,1,0.42,,,,,2436,,,,,,,,,,,5/9/2024,Pisco,Lote 10,Eden del Norte,Pisco,76.26,86993,9116,Generica
2022-2023,6/9/2024,21:42,Formulario Registro Inspeccion Uva,Ica,Gloria A.,True,Perú,Ica,EUROPA,No,First Inspection,1092970:58:00,TINTORERA,6,,Pass_Pasar,192,8,332,Yes / Si,328.625,0,0,,135,133.5,1068,1,11.9,,,,,1,0.62,,,,,2436,,,,,,,,,,,5/9/2024,Ica,Lote 15,Agricultores Unidos,Ica,62.09,86998,9098,Generica
2022-2023,6/9/2024,21:48,Formulario Registro Inspeccion Uva,Ica,Gloria A.,False,Perú,Ica,EUROPA,No,First Inspection,1092972:07:00,TINTORERA,6,,Pass_Pasar,195,8,147,Yes / Si,144.25,7,1,140.0,34,33,264,1,12.2,,,,,1,0.71,,,,,2436,,,,,,,,,,,5/9/2024,Ica,Lote 15,Agricultores Unidos,Ica,62.09,86998,9092,Generica
2022-2023,7/9/2024,11:25,Formulario Registro Inspeccion Uva,Pisco,Andres Caceres,False,Perú,Pisco,ASIA CENTRO,No,First Inspection,1092927:04:00,VERDEJO,7,,Pass_Pasar,50,8,145,Yes / Si,143.5,8,0,,43,37,296,1,12,,,,,1,0.79,,,,,2436,,,,,,,,,,,3/9/2024,Pisco,Lote 4,Santa Bernardina Uva,Pisco,47.28,86987,9100,Generica
2022-2023,7/9/2024,12:00,Formulario Registro Inspeccion Uva,Pisco,Andres Caceres,True,Perú,Pisco,EEUU,,Second Inspection,1092899:29:00,AIREN,9,,Pass_Pasar,60,6,356,Yes / Si,354,6,0,,133,131,786,1,13.5,,,,,1,0.45,,,,,2436,,,,,,,,,,,2/9/2024,Pisco,Lote 5,Santa Bernardina Uva,Pisco,72.27,86988,9116,Generica
2022-2023,7/9/2024,14:14,Formulario Registro Inspeccion Uva,Pisco,Andres Caceres,True,Perú,Pisco,EEUU,,First Inspection,1092898:07:00,MERLOT,9,,Pass_Pasar,100,8,0,Yes / Si,0,8,0,,115,112,896,1,13.3,,,,,1,0.63,,,,,2436,,,,,,,,,,,2/9/2024,Pisco,Lote 4,Santa Bernardina Uva,Pisco,47.28,86987,9108,Generica
2022-2023,9/9/2024,15:30,Formulario Registro Inspeccion Uva,Pisco,Andres Caceres,False,Perú,Pisco,EEUU,,First Inspection,1093066:52:00,AIREN,10,,Pass_Pasar,168,5,358.8,Yes / Si,358.26,5,0,,119,118,590,1,12.4,,,,,1,0.47,,,,,2437,,,,,,,,,,,9/9/2024,Pisco,Lote 10,Eden del Norte,Pisco,76.26,86993,9116,Generica
2022-2023,9/9/2024,15:54,Formulario Registro Inspeccion Uva,Pisco,Andres Caceres,False,Perú,Pisco,EEUU,,Second Inspection,1093068:41:00,AIREN,10,,Pass_Pasar,168,4,359,Yes / Si,358.25,4,0,,124,122.5,490,1,12.4,,,,,1,0.42,,,,,2437,,,,,,,,,,,9/9/2024,Pisco,Lote 10,Eden del Norte,Pisco,76.26,86993,9116,Generica
2022-2023,9/9/2024,16:27,Formulario Registro Inspeccion Uva,Pisco,Andres Caceres,True,Perú,Pisco,EEUU,,First Inspection,1093068:21:00,AIREN,10,,Pass_Pasar,120,6,358,Yes / Si,358,6,0,,132,125.5,753,1,12.4,,,,,1,0.42,,,,,2437,,,,,,,,,,,9/9/2024,Pisco,Lote 10,Eden del Norte,Pisco,76.26,86993,9116,Generica
2022-2023,10/9/2024,8:46,Formulario Registro Inspeccion Uva,Ica,Guadalupe,True,Perú,Ica,EEUU,,First Inspection,1093063:54:00,MERLOT,12,,Pass_Pasar,240,6,355,Yes / Si,335,6,0,,72,71,426,1,14,,,,,1,0.66,,,,,2437,,,,,,,,,,,9/9/2024,Ica,Lote 37,Tierra Linda,Ica,31.63,87020,9108,Generica
2022-2023,10/9/2024,8:48,Formulario Registro Inspeccion Uva,Ica,Guadalupe,True,Perú,Ica,EEUU,,First Inspection,1093063:23:00,AIREN,13,,Pass_Pasar,276,5,362,Yes / Si,357.4,5,0,,127,123.5,617.5,2,13.7,13.1,,,,2,0.3,0.48,,,,2437,,,,,,,,,,,9/9/2024,Ica,Lote 37,Tierra Linda,Ica,31.63,87020,9116,Generica
2022-2023,10/9/2024,20:59,Formulario Registro Inspeccion Uva,Ica,Gloria A.,False,Perú,Ica,EUROPA,No,First Inspection,1093070:37:00,TINTORERA,6,,Pass_Pasar,390,16,149,Yes / Si,144.3125,15,1,140.0,99,100.5,1608,1,12.4,,,,,1,0.89,,,,,2437,,,,,,,,,,,9/9/2024,Ica,Lote 12,Agricultores Unidos,Ica,152.84,86995,9092,Generica
2022-2023,10/9/2024,19:28,Formulario Registro Inspeccion Uva,Ica,Guadalupe,True,Perú,Ica,EUROPA,No,First Inspection,1093072:03:00,VERDEJO,5,,Pass_Pasar,390,16,151,Yes / Si,145.25,16,0,,44,42,672,1,11.5,,,,,1,0.93,,,,,2437,,,,,,,,,,,9/9/2024,Ica,Lote 15,Agricultores Unidos,Ica,62.09,86998,9092,Generica
2022-2023,10/9/2024,21:03,Formulario Registro Inspeccion Uva,Ica,Gloria A.,True,Perú,Ica,ASIA CENTRO,No,First Inspection,1093072:19:00,TINTORERA,6,,Pass_Pasar,200,8,147,Yes / Si,144.25,8,0,,61,59,472,1,11.3,,,,,1,0.71,,,,,2437,,,,,,,,,,,9/9/2024,Ica,Lote 14,Agricultores Unidos,Ica,40.26,86997,9099,Generica
2022-2023,10/9/2024,19:24,Formulario Registro Inspeccion Uva,Ica,Guadalupe,True,Perú,Ica,EUROPA,No,First Inspection,1093070:38:00,PINOT,6,,Pass_Pasar,390,16,149,Yes / Si,145.5625,16,0,,69,66.5,1064,1,16.6,,,,,1,0.62,,,,,2437,,,,,,,,,,,9/9/2024,Ica,Lote 12,Agricultores Unidos,Ica,152.84,86995,9092,Generica
2022-2023,11/9/2024,16:22,Formulario Registro Inspeccion Uva,Pisco,Andres Caceres,True,Perú,Pisco,EEUU,,First Inspection,1093115:12:00,AIREN,10,,Pass_Pasar,30,6,0,Yes / Si,0,6,0,,156,153,918,1,13.2,,,,,1,0.42,,,,,2437,,,,,,,,,,,11/9/2024,Pisco,Lote 10,Eden del Norte,Pisco,76.26,86993,9108,Generica
2022-2023,11/9/2024,17:04,Formulario Registro Inspeccion Uva,Ica,Gloria A.,True,Perú,Ica,ASIA NORTE,,First Inspection,1093120:27:00,PINOT,7,,Pass_Pasar,390,16,144.12,Yes / Si,143.37875,16,0,,34,33.5,536,1,14.9,,,,,1,0.46,,,,,2437,,,,,,,,,,,11/9/2024,Ica,Lote 34,Agricultores del Sol,Ica,249.17,87017,9103,Generica
2022-2023,11/9/2024,17:37,Formulario Registro Inspeccion Uva,Ica,Gloria A.,True,Perú,Ica,ASIA NORTE,,First Inspection,1093121:07:00,VERDEJO,6,,Pass_Pasar,200,8,144,Yes / Si,142.96,8,0,,32,31.5,252,1,12,,,,,1,0.63,,,,,2437,,,,,,,,,,,11/9/2024,Ica,Lote 35,Agricultores del Sol,Ica,129.08,87018,9103,Generica
2022-2023,11/9/2024,20:42,Formulario Registro Inspeccion Uva,Ica,Guadalupe,True,Perú,Ica,EEUU,,First Inspection,1093096:18:00,MERLOT,15,,Pass_Pasar,351,7,351,Yes / Si,347.714286,7,0,,84,83.5,584.5,2,14.8,16.9,,,,2,0.7,0.48,,,,2437,,,,,,,,,,,10/9/2024,Ica,Lote 24,Andenes de Andrea,Ica,151.43,87007,9120,Generica
2022-2023,11/9/2024,20:45,Formulario Registro Inspeccion Uva,Ica,Guadalupe,True,Perú,Ica,EEUU,,First Inspection,1093097:48:00,MERLOT,15,,Pass_Pasar,240,5,379,Yes / Si,356.6,5,0,,88,86,430,2,14.9,15.5,,,,2,0.84,0.45,,,,2437,,,,,,,,,,,10/9/2024,Ica,Lote 24,Andenes de Andrea,Ica,151.43,87007,9120,Generica
2022-2023,12/9/2024,16:03,Formulario Registro Inspeccion Uva,Ica,Gloria A.,True,Perú,Ica,EEUU,,First Inspection,1093143:32:00,AIREN,10,,Pass_Pasar,240,8,359.8,Yes / Si,358.99875,8,0,,118,113,904,1,13.5,,,,,1,0.49,,,,,2437,,,,,,,,,,,12/9/2024,Ica,Lote 35,Agricultores del Sol,Ica,129.08,87018,9116,Generica
2022-2023,12/9/2024,22:46,Formulario Registro Inspeccion Uva,Ica,Guadalupe,True,Perú,Ica,EEUU,,First Inspection,1093118:45:00,AIREN,14,,Pass_Pasar,276,10,362,Yes / Si,358,10,0,,130,125,1250,2,12.6,12.1,,,,2,0.72,0.38,,,,2437,,,,,,,,,,,11/9/2024,Ica,Lote 37,Tierra Linda,Ica,31.63,87020,9116,Generica
2022-2023,12/9/2024,22:57,Formulario Registro Inspeccion Uva,Ica,Guadalupe,True,Perú,Ica,EEUU,,First Inspection,1093126:48:00,MERLOT,14,,Pass_Pasar,276,4,361,Yes / Si,358.75,4,0,,84,82,328,3,14.7,13.6,14.4,,,3,0.53,0.65,0.54,,,2437,,,,,,,,,,,11/9/2024,Ica,Lote 37,Tierra Linda,Ica,31.63,87020,9116,Generica
2022-2023,13/9/2024,20:01,Formulario Registro Inspeccion Uva,Ica,Guadalupe,True,Perú,Ica,EEUU,,First Inspection,1093136:01:00,MERLOT,15,,Pass_Pasar,240,8,360,Yes / Si,356.75,8,0,,89,87.5,700,2,14.6,13.6,,,,2,0.56,0.57,,,,2437,,,,,,,,,,,12/9/2024,Ica,Lote 37,Tierra Linda,Ica,31.63,87020,9116,Generica
2022-2023,13/9/2024,20:07,Formulario Registro Inspeccion Uva,Ica,Guadalupe,True,Perú,Ica,ASIA NORTE,,First Inspection,1093138:20:00,AIREN,6,,Pass_Pasar,390,16,152,Yes / Si,146.0625,16,0,,48,46,736,1,13.7,,,,,1,0.67,,,,,2437,,,,,,,,,,,12/9/2024,Ica,Lote 19,Agricultores Unidos,Ica,79.51,87002,9103,Generica
2022-2023,13/9/2024,20:04,Formulario Registro Inspeccion Uva,Ica,Guadalupe,True,Perú,Ica,EEUU,,First Inspection,1093138:35:00,MERLOT,15,,Pass_Pasar,276,10,362,Yes / Si,358.4,10,0,,92,88.5,885,2,14.2,14.2,,,,2,0.53,0.4,,,,2437,,,,,,,,,,,12/9/2024,Ica,Lote 37,Tierra Linda,Ica,31.63,87020,9116,Generica
2022-2023,13/9/2024,20:11,Formulario Registro Inspeccion Uva,Ica,Guadalupe,False,Perú,Ica,EUROPA,No,First Inspection,1093139:09:00,PINOT,5,,Pass_Pasar,280,5,3503,Yes / Si,3502,0,0,,100,100,500,1,13.9,,,,,1,0.78,,,,,2437,,,,,,,,,,,12/9/2024,Ica,Lote 13,Agricultores Unidos,Ica,50.93,86996,9091,Generica
2022-2023,13/9/2024,20:13,Formulario Registro Inspeccion Uva,Ica,Guadalupe,False,Perú,Ica,EUROPA,No,First Inspection,1093139:13:00,PINOT,5,,Pass_Pasar,150,7,332,No,,,,,128,120,840,1,14.2,,,,,1,0.82,,,,,2437,,,,,,,,,,,12/9/2024,Ica,Lote 13,Agricultores Unidos,Ica,50.93,86996,9098,Generica
2022-2023,13/9/2024,20:19,Formulario Registro Inspeccion Uva,Ica,Guadalupe,False,Perú,Ica,EUROPA,No,First Inspection,1093139:36:00,AIREN,6,,Pass_Pasar,240,8,341,Yes / Si,335.125,3,5,332.0,160,158,1264,1,13.1,,,,,1,0.96,,,,,2437,,,,,,,,,,,12/9/2024,Ica,Lote 19,Agricultores Unidos,Ica,79.51,87002,9093,Generica
2022-2023,13/9/2024,20:28,Formulario Registro Inspeccion Uva,Ica,Guadalupe,True,Perú,Ica,EEUU,,First Inspection,1093148:21:00,MERLOT,15,,Pass_Pasar,276,10,360,Yes / Si,358,10,0,,84,80,800,3,16,15.6,14.6,,,3,0.67,0.61,0.78,,,2437,,,,,,,,,,,12/9/2024,Ica,Lote 24,Andenes de Andrea,Ica,151.43,87007,9116,Generica
2022-2023,15/9/2024,2:20,Formulario Registro Inspeccion Uva,Pisco,Andres Caceres,True,Perú,Pisco,EEUU,,First Inspection,1093068:06:00,TINTORERA,9,,Pass_Pasar,80,6,0,Yes / Si,0,6,0,,156,152.5,915,1,11.7,,,,,1,0.48,,,,,2437,,,,,,,,,,,9/9/2024,Pisco,Lote 4,Santa Bernardina Uva,Pisco,47.28,86987,9108,Generica
2022-2023,15/9/2024,2:30,Formulario Registro Inspeccion Uva,Pisco,Andres Caceres,True,Perú,Pisco,EEUU,,First Inspection,1093019:22:00,TINTORERA,9,,Pass_Pasar,30,2,579,Yes / Si,578.5,2,0,,315,312.5,625,1,11.7,,,,,1,0.47,,,,,2437,,,,,,,,,,,7/9/2024,Pisco,Lote 4,Santa Bernardina Uva,Pisco,47.28,86987,9111,Generica
2022-2023,17/9/2024,17:13,Formulario Registro Inspeccion Uva,Ica,Guadalupe,True,Perú,Ica,EEUU,,First Inspection,1093240:00:00,AIREN,10,,Pass_Pasar,276,10,363,Yes / Si,357.9,10,0,,143,140.5,1405,2,15.3,14,,,,2,0.51,0.28,,,,2438,,,,,,,,,,,16/9/2024,Pisco,Lote 20,Agricultores Unidos,Pisco,344.98,87003,9116,Generica
2022-2023,17/9/2024,17:19,Formulario Registro Inspeccion Uva,Ica,Gloria A.,True,Perú,Ica,EEUU,,First Inspection,1093262:51:00,VERDEJO,5,,Pass_Pasar,110,4,580,Yes / Si,578,4,0,,151,149,596,1,10.5,,,,,1,0.78,,,,,2438,,,,,,,,,,,17/9/2024,Ica,Lote 15,Agricultores Unidos,Ica,62.09,86998,9111,Generica
2022-2023,17/9/2024,17:17,Formulario Registro Inspeccion Uva,Ica,Guadalupe,True,Perú,Ica,EEUU,,First Inspection,1093238:50:00,AIREN,10,,Pass_Pasar,276,10,361,No,,,,,134,133,1330,2,14.6,13.5,,,,2,0.3,0.26,,,,2438,,,,,,,,,,,16/9/2024,Pisco,Lote 20,Agricultores Unidos,Pisco,344.98,87003,9116,Generica
2022-2023,18/9/2024,0:22,Formulario Registro Inspeccion Uva,Pisco,Andres Caceres,True,Perú,Pisco,EEUU,,First Inspection,1093190:12:00,TINTORERA,9,,Pass_Pasar,100,5,0,Yes / Si,0,5,0,,155,153,765,1,10.9,,,,,1,0.5,,,,,2438,,,,,,,,,,,14/9/2024,Pisco,Lote 4,Santa Bernardina Uva,Pisco,47.28,86987,9108,Generica
2022-2023,18/9/2024,14:05,Formulario Registro Inspeccion Uva,Ica,Gloria A.,True,Perú,Ica,EEUU,,First Inspection,1093235:06:00,MERLOT,14,,Pass_Pasar,240,16,359,Yes / Si,351,12,0,,89,84.5,1352,2,15.4,14.8,,,,2,0.6,0.63,,,,2438,,,,,,,,,,,16/9/2024,Ica,Lote 24,Andenes de Andrea,Ica,151.43,87007,9120,Generica
2022-2023,18/9/2024,22:18,Formulario Registro Inspeccion Uva,Ica,Gloria A.,True,Perú,Ica,EEUU,,First Inspection,1093237:03:00,MERLOT,14,,Pass_Pasar,240,8,351,Yes / Si,347.25,8,0,,87,86,688,2,15.6,13.4,,,,2,0.47,0.59,,,,2438,,,,,,,,,,,16/9/2024,Ica,Lote 24,Andenes de Andrea,Ica,151.43,87007,9120,Generica
2022-2023,18/9/2024,14:10,Formulario Registro Inspeccion Uva,Ica,Gloria A.,True,Perú,Ica,EEUU,,First Inspection,1093238:06:00,MERLOT,14,,Pass_Pasar,276,10,364,Yes / Si,358.6,10,0,,99,93,930,2,13.4,15.6,,,,2,0.59,0.47,,,,2438,,,,,,,,,,,16/9/2024,Ica,Lote 24,Andenes de Andrea,Ica,151.43,87007,9116,Generica
2022-2023,18/9/2024,13:46,Formulario Registro Inspeccion Uva,Ica,Guadalupe,True,Perú,Ica,EEUU,,First Inspection,1093255:21:00,AIREN,13,,Pass_Pasar,276,10,365,Yes / Si,357.9,10,0,,132,132,1320,2,12.9,12.3,,,,2,0.59,0.33,,,,2438,,,,,,,,,,,17/9/2024,Ica,Lote 37,Tierra Linda,Ica,31.63,87020,9116,Generica
2022-2023,18/9/2024,13:51,Formulario Registro Inspeccion Uva,Ica,Guadalupe,True,Perú,Ica,EEUU,,First Inspection,1093261:47:00,AIREN,13,,Pass_Pasar,276,10,363,Yes / Si,356.9,10,0,,126,124,1240,2,13.9,13.4,,,,2,0.42,0.3,,,,2438,,,,,,,,,,,17/9/2024,Ica,Lote 37,Tierra Linda,Ica,31.63,87020,9116,Generica
2022-2023,18/9/2024,13:36,Formulario Registro Inspeccion Uva,Ica,Guadalupe,True,Perú,Ica,EEUU,,First Inspection,1093235:31:00,MERLOT,14,,Pass_Pasar,240,6,342,Yes / Si,339.666667,6,0,,90,97,582,1,14.3,,,,,1,0.68,,,,,2438,,,,,,,,,,,16/9/2024,Ica,Lote 24,Andenes de Andrea,Ica,151.43,87007,9108,Generica
2022-2023,18/9/2024,13:54,Formulario Registro Inspeccion Uva,Ica,Guadalupe,False,Perú,Ica,EEUU,,First Inspection,1093256:41:00,AIREN,13,,Pass_Pasar,276,10,364,Yes / Si,358.3,10,0,,132,132,1320,2,13.9,13,,,,2,0.42,0.36,,,,2438,,,,,,,,,,,17/9/2024,Ica,Lote 37,Tierra Linda,Ica,31.63,87020,9116,Generica
2022-2023,18/9/2024,13:57,Formulario Registro Inspeccion Uva,Ica,Guadalupe,True,Perú,Ica,EEUU,,First Inspection,1093257:06:00,AIREN,14,,Pass_Pasar,276,10,364,Yes / Si,357.7,10,0,,130,129.5,1295,2,12.7,14.2,,,,2,0.34,0.31,,,,2438,,,,,,,,,,,17/9/2024,Ica,Lote 37,Tierra Linda,Ica,31.63,87020,9116,Generica
2022-2023,18/9/2024,17:07,Formulario Registro Inspeccion Uva,Ica,Guadalupe,True,Perú,Ica,EEUU,,First Inspection,1093287:02:00,AIREN,10,,Pass_Pasar,228,5,359,Yes / Si,358.6,5,0,,129,124.5,622.5,3,15.4,14.9,15.2,,,3,0.58,0.86,0.59,,,2438,,,,,,,,,,,18/9/2024,Ica,Lote 35,Agricultores del Sol,Ica,129.08,87018,9116,Generica
2022-2023,18/9/2024,16:18,Formulario Registro Inspeccion Uva,Ica,Guadalupe,True,Perú,Ica,ASIA NORTE,,First Inspection,1093287:25:00,VERDEJO,7,,Pass_Pasar,300,16,143.5,Yes / Si,142.90625,16,0,,31,30.5,488,1,11.3,,,,,1,0.78,,,,,2438,,,,,,,,,,,18/9/2024,Ica,Lote 35,Agricultores del Sol,Ica,129.08,87018,9103,Generica
2022-2023,18/9/2024,18:22,Formulario Registro Inspeccion Uva,Pisco,Andres Caceres,False,Perú,Pisco,EEUU,,First Inspection,1093265:16:00,AIREN,10,,Pass_Pasar,180,5,0,Yes / Si,0,5,0,,112,110,550,1,12.6,,,,,1,0.64,,,,,2438,,,,,,,,,,,17/9/2024,Pisco,Lote 5,Santa Bernardina Uva,Pisco,72.27,86988,9108,Generica
2022-2023,18/9/2024,18:48,Formulario Registro Inspeccion Uva,Pisco,Andres Caceres,False,Perú,Pisco,EEUU,,First Inspection,1093258:24:00,AIREN,11,,Pass_Pasar,270,8,0,Yes / Si,0,8,0,,120,114,912,1,12.9,,,,,1,0.59,,,,,2438,,,,,,,,,,,17/9/2024,Pisco,Lote 5,Santa Bernardina Uva,Pisco,72.27,86988,9108,Generica
2022-2023,19/9/2024,16:57,Formulario Registro Inspeccion Uva,Ica,Gloria A.,True,Perú,Ica,ASIA NORTE,,First Inspection,1093311:11:00,TINTORERA,7,,Pass_Pasar,280,10,143.6,Yes / Si,142.908,10,0,,57,56,560,1,12.5,,,,,1,0.25,,,,,2438,,,,,,,,,,,19/9/2024,Ica,Lote 35,Agricultores del Sol,Ica,129.08,87018,9102,Generica
2022-2023,19/9/2024,16:37,Formulario Registro Inspeccion Uva,Ica,Gloria A.,True,Perú,Ica,ASIA NORTE,,First Inspection,1093311:47:00,PINOT,7,,Pass_Pasar,390,16,144,Yes / Si,143.009375,16,0,,49,48.5,776,1,14.5,,,,,1,0.74,,,,,2438,,,,,,,,,,,19/9/2024,Ica,Lote 34,Agricultores del Sol,Ica,249.17,87017,9102,Generica
2022-2023,19/9/2024,22:01,Formulario Registro Inspeccion Uva,Pisco,Andres Caceres,True,Perú,Pisco,EEUU,,First Inspection,1093258:52:00,AIREN,11,,Pass_Pasar,200,9,0,Yes / Si,0,9,0,,139,133.5,1201.5,1,13.2,,,,,1,0.59,,,,,2438,,,,,,,,,,,17/9/2024,Pisco,Lote 5,Santa Bernardina Uva,Pisco,72.27,86988,9108,Generica
2022-2023,20/9/2024,18:08,Formulario Registro Inspeccion Uva,Ica,Guadalupe,True,Perú,Ica,EUROPA,No,First Inspection,1093306:53:00,AIREN,6,,Pass_Pasar,240,8,336,Yes / Si,331.375,0,0,,174,173.5,1388,2,13.9,13.7,,,,2,1.71,1.05,,,,2438,,,,,,,,,,,19/9/2024,Ica,Lote 17,Agricultores Unidos,Ica,54.61,87000,9098,Generica
2022-2023,20/9/2024,17:43,Formulario Registro Inspeccion Uva,Pisco,Andres Caceres,True,Perú,Pisco,EEUU,,First Inspection,1093304:37:00,MERLOT,11,,Pass_Pasar,180,6,356,Yes / Si,354.666667,6,0,,99,98.5,591,1,14.4,,,,,1,0.46,,,,,2438,,,,,,,,,,,19/9/2024,Pisco,Lote 4,Santa Bernardina Uva,Pisco,47.28,86987,9116,Generica
2022-2023,20/9/2024,17:26,Formulario Registro Inspeccion Uva,Pisco,Andres Caceres,True,Perú,Pisco,EEUU,,First Inspection,1093283:11:00,TINTORERA,9,,Pass_Pasar,55,3,589,Yes / Si,586.666667,3,0,,342,338.5,1015.5,1,11.4,,,,,1,0.26,,,,,2438,,,,,,,,,,,18/9/2024,Pisco,Lote 4,Santa Bernardina Uva,Pisco,47.28,86987,9111,Generica
2022-2023,20/9/2024,16:29,Formulario Registro Inspeccion Uva,Ica,Guadalupe,True,Perú,Ica,EEUU,,First Inspection,1093307:28:00,AIREN,6,,Pass_Pasar,280,10,3502,Yes / Si,3500.3,10,0,,100,100,1000,1,14.9,,,,,1,0.52,,,,,2438,,,,,,,,,,,19/9/2024,Ica,Lote 17,Agricultores Unidos,Ica,54.61,87000,9121,Generica
2022-2023,20/9/2024,16:27,Formulario Registro Inspeccion Uva,Ica,Guadalupe,False,Perú,Ica,EUROPA,No,First Inspection,1093306:17:00,TINTORERA,6,,Pass_Pasar,390,16,147,Yes / Si,143.4375,12,4,139.0,84,82,1312,1,12.6,,,,,1,0.77,,,,,2438,,,,,,,,,,,19/9/2024,Ica,Lote 14,Agricultores Unidos,Ica,40.26,86997,9092,Generica
2022-2023,20/9/2024,15:41,Formulario Registro Inspeccion Uva,Pisco,Andres Caceres,True,Perú,Pisco,EEUU,,First Inspection,1093330:37:00,AIREN,10,,Pass_Pasar,160,8,0,Yes / Si,0,8,0,,119,117,936,1,13.3,,,,,1,0.58,,,,,2438,,,,,,,,,,,20/9/2024,Pisco,Lote 10,Eden del Norte,Pisco,76.26,86993,9108,Generica
2022-2023,20/9/2024,15:28,Formulario Registro Inspeccion Uva,Pisco,Andres Caceres,False,Perú,Pisco,EEUU,,First Inspection,1093330:16:00,AIREN,10,,Pass_Pasar,108,5,359,Yes / Si,358.2,5,0,,167,165.5,827.5,1,14.2,,,,,1,0.34,,,,,2438,,,,,,,,,,,20/9/2024,Pisco,Lote 10,Eden del Norte,Pisco,76.26,86993,9116,Generica
2022-2023,20/9/2024,12:48,Formulario Registro Inspeccion Uva,Ica,Gloria A.,True,Perú,Ica,ASIA CENTRO,Yes / Si,First Inspection,1093308:08:00,VERDEJO,7,Malasia,Pass_Pasar,250,10,158,No,,,,,47,46.5,465,1,11.9,,,,,1,0.46,,,,,2438,,,,,,,,,,,19/9/2024,Pisco,Lote 20,Agricultores Unidos,Pisco,344.98,87003,9102,Generica
2022-2023,20/9/2024,9:14,Formulario Registro Inspeccion Uva,Ica,Guadalupe,False,Perú,Ica,EEUU,,First Inspection,1093280:56:00,AIREN,13,,Pass_Pasar,120,5,340,Yes / Si,330.2,5,0,,202,201.5,1007.5,1,13,,,,,1,0.81,,,,,2438,,,,,,,,,,,18/9/2024,Ica,Lote 26,Andenes de Andrea,Ica,84.47,87009,9108,Generica
2022-2023,20/9/2024,8:32,Formulario Registro Inspeccion Uva,Ica,Guadalupe,True,Perú,Ica,EEUU,,First Inspection,1093287:08:00,AIREN,13,,Pass_Pasar,240,16,364,Yes / Si,349.6875,12,0,,147,145.5,2328,2,13.7,13.9,,,,2,0.52,0.63,,,,2438,,,,,,,,,,,18/9/2024,Ica,Lote 26,Andenes de Andrea,Ica,84.47,87009,9120,Generica
2022-2023,20/9/2024,8:25,Formulario Registro Inspeccion Uva,Ica,Guadalupe,False,Perú,Ica,EEUU,,First Inspection,1093287:35:00,AIREN,13,,Pass_Pasar,120,5,340,Yes / Si,330.2,0,0,,202,201.5,1007.5,1,13,,,,,1,0.81,,,,,2438,,,,,,,,,,,18/9/2024,Ica,Lote 26,Andenes de Andrea,Ica,84.47,87009,9116,Generica
2022-2023,23/9/2024,23:56,Formulario Registro Inspeccion Uva,Pisco,Andres Caceres,True,Perú,Pisco,EEUU,,First Inspection,1093404:16:00,AIREN,10,,Pass_Pasar,30,4,359,Yes / Si,358.75,4,0,,1244,170.25,681,1,12.8,,,,,1,0.32,,,,,2439,,,,,,,,,,,23/9/2024,Pisco,Lote 10,Eden del Norte,Pisco,76.26,86993,9116,Generica
2022-2023,24/9/2024,22:26,Formulario Registro Inspeccion Uva,Ica,Guadalupe,True,Perú,Ica,EEUU,,First Inspection,1093414:23:00,AIREN,11,,Pass_Pasar,276,10,368,Yes / Si,359.8,10,0,,139,135.5,1355,2,14.7,15.1,,,,2,0.35,0.47,,,,2439,,,,,,,,,,,23/9/2024,Ica,Lote 19,Agricultores Unidos,Ica,79.51,87002,9116,Generica
2022-2023,24/9/2024,22:22,Formulario Registro Inspeccion Uva,Ica,Guadalupe,True,Perú,Ica,EUROPA,No,First Inspection,1093414:20:00,VERDEJO,7,,Pass_Pasar,390,16,149,Yes / Si,225.875,16,0,,46,46,736,1,12.2,,,,,1,0.83,,,,,2439,,,,,,,,,,,23/9/2024,Ica,Lote 16,Agricultores Unidos,Ica,19.49,86999,9092,Generica
2022-2023,24/9/2024,22:20,Formulario Registro Inspeccion Uva,Ica,Guadalupe,True,Perú,Ica,EEUU,,First Inspection,1093414:16:00,AIREN,11,,Pass_Pasar,276,10,369,Yes / Si,360.2,10,0,,134,133,1330,2,14.4,13.9,,,,2,0.39,0.42,,,,2439,,,,,,,,,,,23/9/2024,Ica,Lote 19,Agricultores Unidos,Ica,79.51,87002,9116,Generica
2022-2023,24/9/2024,22:15,Formulario Registro Inspeccion Uva,Ica,Guadalupe,True,Perú,Ica,EEUU,,First Inspection,1093414:05:00,AIREN,13,,Pass_Pasar,276,10,370,Yes / Si,362,10,0,,140,139,1390,2,13.3,13.3,,,,2,0.54,0.51,,,,2439,,,,,,,,,,,23/9/2024,Ica,Lote 37,Tierra Linda,Ica,31.63,87020,9116,Generica
2022-2023,24/9/2024,22:14,Formulario Registro Inspeccion Uva,Ica,Guadalupe,True,Perú,Ica,EEUU,,First Inspection,1093406:18:00,AIREN,11,,Pass_Pasar,276,10,365,Yes / Si,358.4,10,0,,133,132,1320,2,13.8,14.2,,,,2,0.37,0.39,,,,2439,,,,,,,,,,,23/9/2024,Ica,Lote 19,Agricultores Unidos,Ica,79.51,87002,9116,Generica
2022-2023,24/9/2024,22:09,Formulario Registro Inspeccion Uva,Ica,Guadalupe,True,Perú,Ica,EEUU,,First Inspection,1093414:08:00,AIREN,13,,Pass_Pasar,22,2,578,Yes / Si,577,2,0,,307,307,614,1,12.8,,,,,1,0.37,,,,,2439,,,,,,,,,,,23/9/2024,Ica,Lote 37,Tierra Linda,Ica,31.63,87020,9111,Generica
2022-2023,24/9/2024,22:04,Formulario Registro Inspeccion Uva,Ica,Guadalupe,False,Perú,Ica,EEUU,,First Inspection,1093400:04:00,AIREN,13,,Pass_Pasar,276,10,366,Yes / Si,359.1,10,0,,138,137,1370,2,12.9,12.5,,,,2,0.35,0.39,,,,2439,,,,,,,,,,,23/9/2024,Ica,Lote 37,Tierra Linda,Ica,31.63,87020,9116,Generica
2022-2023,24/9/2024,22:00,Formulario Registro Inspeccion Uva,Ica,Guadalupe,True,Perú,Ica,EEUU,,First Inspection,1093413:57:00,AIREN,13,,Pass_Pasar,200,8,366,Yes / Si,359.875,8,0,,143,141.5,1132,2,13.6,12.8,,,,2,0.51,0.43,,,,2439,,,,,,,,,,,23/9/2024,Ica,Lote 37,Tierra Linda,Ica,31.63,87020,9116,Generica
2022-2023,24/9/2024,15:47,Formulario Registro Inspeccion Uva,Pisco,Andres Caceres,True,Perú,Pisco,EEUU,,First Inspection,1093307:40:00,TINTORERA,9,,Pass_Pasar,130,4,0,Yes / Si,0,4,0,,150,149.5,598,1,11.5,,,,,1,0.23,,,,,2439,,,,,,,,,,,19/9/2024,Pisco,Lote 4,Santa Bernardina Uva,Pisco,47.28,86987,9108,Generica
2022-2023,25/9/2024,23:31,Formulario Registro Inspeccion Uva,Pisco,Andres Caceres,True,Perú,Pisco,EEUU,,First Inspection,1093425:22:00,AIREN,11,,Pass_Pasar,120,6,0,Yes / Si,0,6,0,,99,111,666,1,12.7,,,,,1,0.58,,,,,2439,,,,,,,,,,,24/9/2024,Pisco,Lote 5,Santa Bernardina Uva,Pisco,72.27,86988,9108,Generica
2022-2023,25/9/2024,23:14,Formulario Registro Inspeccion Uva,Pisco,Andres Caceres,True,Perú,Pisco,EEUU,,First Inspection,1093429:55:00,MERLOT,11,,Pass_Pasar,80,6,356,Yes / Si,355.333333,6,0,,99,100.5,603,1,15,,,,,1,0.34,,,,,2439,,,,,,,,,,,24/9/2024,Pisco,Lote 4,Santa Bernardina Uva,Pisco,47.28,86987,9116,Generica
2022-2023,25/9/2024,22:54,Formulario Registro Inspeccion Uva,Pisco,Andres Caceres,True,Perú,Pisco,EEUU,,First Inspection,1093426:48:00,MERLOT,11,,Pass_Pasar,80,5,357,Yes / Si,355.8,5,0,,90,95,475,1,14.8,,,,,1,0.36,,,,,2439,,,,,,,,,,,24/9/2024,Pisco,Lote 4,Santa Bernardina Uva,Pisco,47.28,86987,9116,Generica
2022-2023,25/9/2024,19:50,Formulario Registro Inspeccion Uva,Ica,Guadalupe,True,Perú,Ica,ASIA NORTE,,First Inspection,1093456:03:00,TINTORERA,7,,Pass_Pasar,300,10,144.5,Yes / Si,143.8,10,0,,69,66,660,1,13.9,,,,,1,0.3,,,,,2439,,,,,,,,,,,25/9/2024,Ica,Lote 36,Agricultores del Sol,Ica,66.17,87019,9102,Generica
2022-2023,25/9/2024,19:48,Formulario Registro Inspeccion Uva,Ica,Guadalupe,False,Perú,Ica,ASIA NORTE,,First Inspection,1093455:40:00,TINTORERA,7,,Pass_Pasar,300,12,144.5,Yes / Si,143,11,1,139.0,64,64,768,1,12.1,,,,,1,0.56,,,,,2439,,,,,,,,,,,25/9/2024,Ica,Lote 36,Agricultores del Sol,Ica,66.17,87019,9102,Generica
2022-2023,25/9/2024,19:45,Formulario Registro Inspeccion Uva,Ica,Guadalupe,True,Perú,Ica,ASIA NORTE,,First Inspection,1093455:18:00,TINTORERA,7,,Pass_Pasar,300,10,143.5,Yes / Si,142.8,10,0,,64,62,620,1,13.7,,,,,1,0.29,,,,,2439,,,,,,,,,,,25/9/2024,Ica,Lote 34,Agricultores del Sol,Ica,249.17,87017,9102,Generica
2022-2023,25/9/2024,19:43,Formulario Registro Inspeccion Uva,Ica,Guadalupe,False,Perú,Ica,EEUU,,First Inspection,1093424:04:00,MERLOT,13,,Pass_Pasar,276,10,363,Yes / Si,360,10,0,,93,92,920,2,14,13.7,,,,2,0.44,0.78,,,,2439,,,,,,,,,,,24/9/2024,Ica,Lote 37,Tierra Linda,Ica,31.63,87020,9116,Generica
2022-2023,25/9/2024,19:38,Formulario Registro Inspeccion Uva,Ica,Guadalupe,False,Perú,Ica,EEUU,,First Inspection,1093425:14:00,MERLOT,13,,Pass_Pasar,24,3,355,Yes / Si,352.333333,3,0,,138,129.5,388.5,1,12.6,,,,,1,0.76,,,,,2439,,,,,,,,,,,24/9/2024,Ica,Lote 37,Tierra Linda,Ica,31.63,87020,9108,Generica
2022-2023,25/9/2024,19:31,Formulario Registro Inspeccion Uva,Ica,Guadalupe,False,Perú,Ica,EEUU,,First Inspection,1093424:43:00,MERLOT,13,,Pass_Pasar,276,10,372,No,,,,,99,95,950,2,13.5,13.6,,,,2,0.45,0.81,,,,2439,,,,,,,,,,,24/9/2024,Ica,Lote 37,Tierra Linda,Ica,31.63,87020,9116,Generica
2022-2023,25/9/2024,19:25,Formulario Registro Inspeccion Uva,Ica,Guadalupe,False,Perú,Ica,EEUU,,First Inspection,1093423:20:00,AIREN,13,,Pass_Pasar,276,10,367,Yes / Si,360.8,10,0,,132,129,1290,2,12.5,13,,,,2,0.64,0.45,,,,2439,,,,,,,,,,,24/9/2024,Ica,Lote 37,Tierra Linda,Ica,31.63,87020,9116,Generica
2022-2023,25/9/2024,15:55,Formulario Registro Inspeccion Uva,Ica,Mauricio F.,True,Perú,Ica,EEUU,,First Inspection,1093429:00:00,AIREN,12,,Pass_Pasar,200,8,354,Yes / Si,349.25,8,0,,133,127,1016,2,13.9,14.5,,,,2,0.41,0.48,,,,2439,,,,,,,,,,,24/9/2024,Ica,Lote 26,Andenes de Andrea,Ica,84.47,87009,9120,Generica
2022-2023,25/9/2024,0:45,Formulario Registro Inspeccion Uva,Pisco,Andres Caceres,True,Perú,Pisco,EEUU,,First Inspection,1093403:10:00,AIREN,10,,Pass_Pasar,60,6,359,Yes / Si,358.5,6,0,,125,123.5,741,1,13.2,,,,,1,0.35,,,,,2439,,,,,,,,,,,23/9/2024,Pisco,Lote 10,Eden del Norte,Pisco,76.26,86993,9116,Generica
2022-2023,25/9/2024,0:07,Formulario Registro Inspeccion Uva,Pisco,Andres Caceres,True,Perú,Pisco,EEUU,,First Inspection,1093408:57:00,AIREN,10,,Pass_Pasar,48,4,359,Yes / Si,359,4,0,,125,123.5,494,1,13.6,,,,,1,0.34,,,,,2439,,,,,,,,,,,23/9/2024,Pisco,Lote 10,Eden del Norte,Pisco,76.26,86993,9116,Generica
2022-2023,26/9/2024,20:06,Formulario Registro Inspeccion Uva,Ica,Guadalupe,False,Perú,Ica,EEUU,,First Inspection,1093427:56:00,MERLOT,13,,Pass_Pasar,50,3,339,Yes / Si,337,3,0,,116,116,348,1,16.1,,,,,1,0.6,,,,,2439,,,,,,,,,,,24/9/2024,Ica,Lote 24,Andenes de Andrea,Ica,151.43,87007,9108,Generica
2022-2023,26/9/2024,20:04,Formulario Registro Inspeccion Uva,Ica,Guadalupe,True,Perú,Ica,EEUU,,First Inspection,1093428:31:00,MERLOT,13,,Pass_Pasar,100,8,354,Yes / Si,348,8,0,,90,89.5,716,2,17.3,17.4,,,,2,0.48,0.54,,,,2439,,,,,,,,,,,24/9/2024,Ica,Lote 24,Andenes de Andrea,Ica,151.43,87007,9120,Generica
2022-2023,26/9/2024,20:03,Formulario Registro Inspeccion Uva,Ica,Guadalupe,True,Perú,Ica,EEUU,,First Inspection,1093451:04:00,MERLOT,13,,Pass_Pasar,240,10,353,Yes / Si,349.9,10,0,,109,106.5,1065,2,16.4,15.1,,,,2,0.4,0.51,,,,2439,,,,,,,,,,,25/9/2024,Ica,Lote 24,Andenes de Andrea,Ica,151.43,87007,9120,Generica
2022-2023,26/9/2024,13:16,Formulario Registro Inspeccion Uva,Pisco,Andres Caceres,True,Perú,Pisco,EEUU,,First Inspection,1093472:07:00,AIREN,10,,Pass_Pasar,144,6,0,Yes / Si,0,6,0,,199,197.5,1185,1,12.8,,,,,1,0.41,,,,,2439,,,,,,,,,,,26/9/2024,Pisco,Lote 10,Eden del Norte,Pisco,76.26,86993,9108,Generica
2022-2023,26/9/2024,12:53,Formulario Registro Inspeccion Uva,Pisco,Andres Caceres,True,Perú,Pisco,EEUU,,First Inspection,1093473:39:00,AIREN,10,,Pass_Pasar,160,8,359,Yes / Si,358.5,8,0,,142,138.5,1108,1,12.5,,,,,1,0.45,,,,,2439,,,,,,,,,,,26/9/2024,Pisco,Lote 10,Eden del Norte,Pisco,76.26,86993,9116,Generica
2022-2023,27/9/2024,23:27,Formulario Registro Inspeccion Uva,Ica,Gloria A.,True,Perú,Ica,EEUU,,First Inspection,1093475:48:00,VERDEJO,7,,Pass_Pasar,240,8,359,Yes / Si,338.875,8,0,,92,89,712,1,11.9,,,,,1,0.91,,,,,2439,,,,,,,,,,,26/9/2024,Ica,Lote 15,Agricultores Unidos,Ica,62.09,86998,9108,Generica
2022-2023,27/9/2024,19:06,Formulario Registro Inspeccion Uva,Ica,Guadalupe,True,Perú,Ica,EEUU,,First Inspection,1093472:00:00,MERLOT,14,,Pass_Pasar,60,4,345,Yes / Si,337.5,4,0,,86,86,344,1,14.1,,,,,1,0.52,,,,,2439,,,,,,,,,,,26/9/2024,Ica,Lote 37,Tierra Linda,Ica,31.63,87020,9108,Generica
2022-2023,27/9/2024,19:02,Formulario Registro Inspeccion Uva,Ica,Guadalupe,False,Perú,Ica,EEUU,,First Inspection,1093472:28:00,MERLOT,14,,Pass_Pasar,276,10,368,Yes / Si,358.9,10,0,,96,103,1030,3,13.6,14.2,12.7,,,3,0.44,0.51,0.6,,,2439,,,,,,,,,,,26/9/2024,Ica,Lote 37,Tierra Linda,Ica,31.63,87020,9116,Generica
2022-2023,27/9/2024,15:49,Formulario Registro Inspeccion Uva,Ica,Guadalupe,True,Perú,Ica,EEUU,,First Inspection,1093502:48:00,AIREN,10,,Pass_Pasar,276,8,360,Yes / Si,359.3125,8,0,,157,149.5,1196,2,13.8,13.1,,,,2,0.58,0.31,,,,2439,,,,,,,,,,,27/9/2024,Ica,Lote 35,Agricultores del Sol,Ica,129.08,87018,9116,Generica
2022-2023,27/9/2024,14:07,Formulario Registro Inspeccion Uva,Pisco,Andres Caceres,False,Perú,Pisco,ASIA CENTRO,Yes / Si,First Inspection,1093499:04:00,AIREN,10,Singapur,Pass_Pasar,80,6,149,Yes / Si,141.833333,2,4,140.0,140,140,840,1,12.5,,,,,1,0.27,,,,,2439,,,,,,,,,,,27/9/2024,Pisco,Lote 3,Santa Bernardina Uva,Pisco,313.27,86986,9099,Generica
2022-2023,27/9/2024,13:52,Formulario Registro Inspeccion Uva,Pisco,Andres Caceres,False,Perú,Pisco,ASIA CENTRO,Yes / Si,First Inspection,1093501:22:00,AIREN,10,Singapur,Pass_Pasar,120,12,148,Yes / Si,142.166667,8,4,140.0,146,140.5,1686,1,13.2,,,,,1,0.23,,,,,2439,,,,,,,,,,,27/9/2024,Pisco,Lote 3,Santa Bernardina Uva,Pisco,313.27,86986,9099,Generica
2022-2023,28/9/2024,8:26,Formulario Registro Inspeccion Uva,Pisco,Andres Caceres,True,Perú,Pisco,EEUU,,First Inspection,1093478:19:00,TINTORERA,9,,Pass_Pasar,120,9,0,Yes / Si,0,9,0,,194,190.5,1714.5,1,10.9,,,,,1,0.39,,,,,2439,,,,,,,,,,,26/9/2024,Pisco,Lote 4,Santa Bernardina Uva,Pisco,47.28,86987,9108,Generica
2022-2023,28/9/2024,8:17,Formulario Registro Inspeccion Uva,Pisco,Andres Caceres,True,Perú,Pisco,EEUU,,First Inspection,1093426:11:00,MERLOT,11,,Pass_Pasar,150,8,356,Yes / Si,353.375,8,0,,99,100.5,804,1,15.2,,,,,1,0.37,,,,,2439,,,,,,,,,,,24/9/2024,Pisco,Lote 4,Santa Bernardina Uva,Pisco,47.28,86987,9116,Generica
2022-2023,30/9/2024,17:57,Formulario Registro Inspeccion Uva,Pisco,Andres Caceres,True,Perú,Pisco,EEUU,,First Inspection,1093572:45:00,AIREN,1,,Pass_Pasar,120,2,0,Yes / Si,0,2,0,,325,302.5,605,1,12,,,,,1,0.71,,,,,2440,,,,,,,,,,,30/9/2024,Pisco,Lote 10,Eden del Norte,Pisco,76.26,86993,9108,Generica
2022-2023,30/9/2024,17:31,Formulario Registro Inspeccion Uva,Pisco,Andres Caceres,True,Perú,Pisco,EEUU,,First Inspection,1093573:27:00,AIREN,10,,Pass_Pasar,145,6,359,Yes / Si,358.166667,6,0,,144,142,852,1,12.8,,,,,1,0.5,,,,,2440,,,,,,,,,,,30/9/2024,Pisco,Lote 10,Eden del Norte,Pisco,76.26,86993,9116,Generica
2022-2023,30/9/2024,17:25,Formulario Registro Inspeccion Uva,Pisco,Andres Caceres,True,Perú,Pisco,EEUU,,First Inspection,1093570:18:00,AIREN,10,,Pass_Pasar,204,8,359,Yes / Si,358.375,8,0,,146,144.5,1156,1,12.6,,,,,1,0.41,,,,,2440,,,,,,,,,,,30/9/2024,Pisco,Lote 10,Eden del Norte,Pisco,76.26,86993,9116,Generica
2022-2023,1/10/2024,21:08,Formulario Registro Inspeccion Uva,Ica,Guadalupe,True,Perú,Ica,EEUU,,First Inspection,1093574:43:00,AIREN,10,,Pass_Pasar,276,10,368,Yes / Si,359.4,10,0,,144,143,1430,2,15.2,14.3,,,,2,0.2,0.36,,,,2440,,,,,,,,,,,30/9/2024,Ica,Lote 17,Agricultores Unidos,Ica,54.61,87000,9116,Generica
2022-2023,1/10/2024,21:06,Formulario Registro Inspeccion Uva,Ica,Guadalupe,True,Perú,Ica,EEUU,,First Inspection,1093575:32:00,AIREN,10,,Pass_Pasar,276,10,366,Yes / Si,359.6,10,0,,145,143,1430,2,14.6,14.1,,,,2,0.42,0.33,,,,2440,,,,,,,,,,,30/9/2024,Ica,Lote 17,Agricultores Unidos,Ica,54.61,87000,9116,Generica
2022-2023,1/10/2024,18:31,Formulario Registro Inspeccion Uva,Ica,Guadalupe,True,Perú,Ica,EEUU,,First Inspection,1093569:11:00,MERLOT,16,,Pass_Pasar,240,8,351,Yes / Si,342.75,8,0,,86,85,680,1,12.8,,,,,1,0.57,,,,,2440,,,,,,,,,,,30/9/2024,Ica,Lote 37,Tierra Linda,Ica,31.63,87020,9108,Generica
2022-2023,1/10/2024,18:29,Formulario Registro Inspeccion Uva,Ica,Guadalupe,True,Perú,Ica,EEUU,,First Inspection,1093568:51:00,AIREN,13,,Pass_Pasar,20,1,574,Yes / Si,574,1,0,,407,407,407,1,12.7,,,,,1,0.39,,,,,2440,,,,,,,,,,,30/9/2024,Ica,Lote 37,Tierra Linda,Ica,31.63,87020,9111,Generica
2022-2023,1/10/2024,18:27,Formulario Registro Inspeccion Uva,Ica,Guadalupe,False,Perú,Ica,EEUU,,First Inspection,1093567:19:00,AIREN,13,,Pass_Pasar,276,10,364,Yes / Si,357.7,10,0,,137,136,1360,2,13.4,13.7,,,,2,0.28,0.41,,,,2440,,,,,,,,,,,30/9/2024,Ica,Lote 37,Tierra Linda,Ica,31.63,87020,9116,Generica
2022-2023,1/10/2024,18:25,Formulario Registro Inspeccion Uva,Ica,Guadalupe,False,Perú,Ica,EEUU,,First Inspection,1093568:20:00,AIREN,13,,Pass_Pasar,276,10,362,Yes / Si,357.9,10,0,,140,138.5,1385,2,13.3,13.8,,,,2,0.4,0.59,,,,2440,,,,,,,,,,,30/9/2024,Ica,Lote 37,Tierra Linda,Ica,31.63,87020,9116,Generica
2022-2023,1/10/2024,17:11,Formulario Registro Inspeccion Uva,Ica,Gloria A.,True,Perú,Ica,EEUU,,First Inspection,1093600:23:00,TINTORERA,7,,Pass_Pasar,110,4,589.5,Yes / Si,589,4,0,,305,303.5,1214,1,13.1,,,,,1,0.36,,,,,2440,,,,,,,,,,,1/10/2024,Ica,Lote 34,Agricultores del Sol,Ica,249.17,87017,9111,Generica
2022-2023,1/10/2024,17:09,Formulario Registro Inspeccion Uva,Ica,Gloria A.,True,Perú,Ica,ASIA NORTE,,First Inspection,1093600:47:00,PINOT,7,,Pass_Pasar,390,16,143,Yes / Si,142.75,16,0,,52,51,816,1,14.5,,,,,1,0.71,,,,,2440,,,,,,,,,,,1/10/2024,Ica,Lote 34,Agricultores del Sol,Ica,249.17,87017,9102,Generica
2022-2023,1/10/2024,15:39,Formulario Registro Inspeccion Uva,Ica,Gloria A.,True,Perú,Ica,ASIA NORTE,,First Inspection,1093599:05:00,PINOT,7,,Pass_Pasar,390,16,144,No,,,,,50,49.5,792,1,14.8,,,,,1,0.74,,,,,2440,,,,,,,,,,,1/10/2024,Ica,Lote 34,Agricultores del Sol,Ica,249.17,87017,9102,Generica
2022-2023,1/10/2024,12:26,Formulario Registro Inspeccion Uva,Pisco,Andres Caceres,True,Perú,Pisco,EEUU,,First Inspection,1093569:05:00,VERDEJO,10,,Pass_Pasar,124,6,0,Yes / Si,0,6,0,,102,102,612,1,12.6,,,,,1,0.5,,,,,2440,,,,,,,,,,,30/9/2024,Pisco,Lote 4,Santa Bernardina Uva,Pisco,47.28,86987,9108,Generica
2022-2023,1/10/2024,11:44,Formulario Registro Inspeccion Uva,Pisco,Andres Caceres,True,Perú,Pisco,EEUU,,First Inspection,1093569:35:00,TINTORERA,10,,Pass_Pasar,120,4,0,Yes / Si,0,4,0,,155,154,616,1,11.8,,,,,1,0.4,,,,,2440,,,,,,,,,,,30/9/2024,Pisco,Lote 4,Santa Bernardina Uva,Pisco,47.28,86987,9108,Generica
2022-2023,2/10/2024,16:41,Formulario Registro Inspeccion Uva,Pisco,Andres Caceres,True,Perú,Pisco,EEUU,,First Inspection,1093622:26:00,AIREN,10,,Pass_Pasar,120,4,0,Yes / Si,0,4,0,,326,318.5,1274,1,13.4,,,,,1,0.44,,,,,2440,,,,,,,,,,,2/10/2024,Pisco,Lote 10,Eden del Norte,Pisco,76.26,86993,9108,Generica
2022-2023,2/10/2024,16:24,Formulario Registro Inspeccion Uva,Pisco,Andres Caceres,True,Perú,Pisco,EEUU,,First Inspection,1093619:20:00,AIREN,10,,Pass_Pasar,144,4,0,Yes / Si,0,4,0,,315,306.5,1226,1,12.2,,,,,1,0.59,,,,,2440,,,,,,,,,,,2/10/2024,Pisco,Lote 10,Eden del Norte,Pisco,76.26,86993,9108,Generica
2022-2023,2/10/2024,16:09,Formulario Registro Inspeccion Uva,Pisco,Andres Caceres,True,Perú,Pisco,EEUU,,First Inspection,1093619:53:00,AIREN,10,,Pass_Pasar,120,8,359,Yes / Si,358.125,8,0,,153,151.5,1212,1,13,,,,,1,0.54,,,,,2440,,,,,,,,,,,2/10/2024,Pisco,Lote 10,Eden del Norte,Pisco,76.26,86993,9116,Generica
2022-2023,2/10/2024,15:58,Formulario Registro Inspeccion Uva,Ica,Gloria A.,True,Perú,Ica,EEUU,,First Inspection,1093622:27:00,AIREN,10,,Pass_Pasar,276,10,360,Yes / Si,359,10,0,,157,155.5,1555,3,14.4,14.5,14.6,,,3,0.61,0.44,0.36,,,2440,,,,,,,,,,,2/10/2024,Ica,Lote 35,Agricultores del Sol,Ica,129.08,87018,9116,Generica
2022-2023,2/10/2024,15:13,Formulario Registro Inspeccion Uva,Ica,Guadalupe,True,Perú,Ica,EEUU,,First Inspection,1093622:22:00,AIREN,10,,Pass_Pasar,276,10,359,Yes / Si,358.5,10,0,,151,138,1380,2,14.8,14,,,,2,0.42,0.47,,,,2440,,,,,,,,,,,2/10/2024,Ica,Lote 35,Agricultores del Sol,Ica,129.08,87018,9116,Generica
2022-2023,4/10/2024,17:54,Formulario Registro Inspeccion Uva,Ica,Guadalupe,True,Perú,Ica,EEUU,,First Inspection,1093593:54:00,AIREN,12,,Pass_Pasar,240,15,360,Yes / Si,350.2,12,0,,138,129,1935,2,15.1,15.3,,,,2,0.45,0.6,,,,2440,,,,,,,,,,,1/10/2024,Ica,Lote 26,Andenes de Andrea,Ica,84.47,87009,9120,Generica
2022-2023,4/10/2024,17:20,Formulario Registro Inspeccion Uva,Ica,Guadalupe,True,Perú,Ica,EUROPA,No,First Inspection,1093643:35:00,AIREN,7,,Pass_Pasar,105,4,333,No,,,,,185,183.5,734,1,12.8,,,,,1,0.94,,,,,2440,,,,,,,,,,,3/10/2024,Ica,Lote 19,Agricultores Unidos,Ica,79.51,87002,9098,Generica
2022-2023,4/10/2024,16:57,Formulario Registro Inspeccion Uva,Ica,Guadalupe,True,Perú,Ica,EEUU,,First Inspection,1093642:50:00,AIREN,10,,Pass_Pasar,276,10,365,Yes / Si,358.7,10,0,,145,142,1420,2,14.2,13.4,,,,2,0.35,0.22,,,,2440,,,,,,,,,,,3/10/2024,Ica,Lote 19,Agricultores Unidos,Ica,79.51,87002,9116,Generica
2022-2023,4/10/2024,16:52,Formulario Registro Inspeccion Uva,Ica,Guadalupe,False,Perú,Ica,EEUU,,First Inspection,1093642:00:00,AIREN,10,,Pass_Pasar,276,10,365,Yes / Si,358.8,10,0,,149,143.5,1435,2,14.4,14.1,,,,2,0.43,0.35,,,,2440,,,,,,,,,,,3/10/2024,Ica,Lote 19,Agricultores Unidos,Ica,79.51,87002,9116,Generica
2022-2023,4/10/2024,16:47,Formulario Registro Inspeccion Uva,Ica,Guadalupe,True,Perú,Ica,EEUU,,First Inspection,1093595:08:00,AIREN,12,,Pass_Pasar,240,3,346,Yes / Si,340.333333,3,0,,249,225,675,1,14.2,,,,,1,0.74,,,,,2440,,,,,,,,,,,1/10/2024,Ica,Lote 26,Andenes de Andrea,Ica,84.47,87009,9108,Generica
2022-2023,4/10/2024,16:38,Formulario Registro Inspeccion Uva,Ica,Guadalupe,True,Perú,Ica,EEUU,,First Inspection,1093640:09:00,AIREN,12,,Pass_Pasar,276,10,365,Yes / Si,356.7,10,0,,140,138,1380,2,13.4,13.2,,,,2,0.23,0.32,,,,2440,,,,,,,,,,,3/10/2024,Ica,Lote 37,Tierra Linda,Ica,31.63,87020,9116,Generica
2022-2023,4/10/2024,16:31,Formulario Registro Inspeccion Uva,Ica,Guadalupe,True,Perú,Ica,EEUU,,First Inspection,1093639:27:00,AIREN,12,,Pass_Pasar,188,7,372,Yes / Si,359.714286,7,0,,140,140,980,2,12.6,12.6,,,,2,0.66,0.47,,,,2440,,,,,,,,,,,3/10/2024,Ica,Lote 37,Tierra Linda,Ica,31.63,87020,9116,Generica
2022-2023,4/10/2024,16:23,Formulario Registro Inspeccion Uva,Ica,Guadalupe,True,Perú,Ica,EUROPA,No,First Inspection,1093575:18:00,AIREN,10,,Pass_Pasar,200,6,3526,Yes / Si,3474.333333,0,0,,100,100,600,1,12.4,,,,,0,,,,,,2440,,,,,,,,,,,30/9/2024,Ica,Lote 17,Agricultores Unidos,Ica,54.61,87000,9091,Generica
2022-2023,4/10/2024,16:13,Formulario Registro Inspeccion Uva,Pisco,Andres Caceres,True,Perú,Pisco,EEUU,,First Inspection,1093667:11:00,AIREN,10,,Pass_Pasar,30,4,359,Yes / Si,358.5,4,0,,140,139,556,1,12.8,,,,,1,0.46,,,,,2440,,,,,,,,,,,4/10/2024,Pisco,Lote 10,Eden del Norte,Pisco,76.26,86993,9116,Generica
2022-2023,4/10/2024,16:06,Formulario Registro Inspeccion Uva,Pisco,Andres Caceres,True,Perú,Pisco,EEUU,,First Inspection,1093669:01:00,AIREN,10,,Pass_Pasar,5,2,0,Yes / Si,0,2,0,,342,335,670,1,12.3,,,,,1,0.62,,,,,2440,,,,,,,,,,,4/10/2024,Pisco,Lote 10,Eden del Norte,Pisco,76.26,86993,9108,Generica
2022-2023,4/10/2024,15:51,Formulario Registro Inspeccion Uva,Pisco,Andres Caceres,True,Perú,Pisco,EEUU,,First Inspection,1093667:39:00,AIREN,10,,Pass_Pasar,50,12,359,Yes / Si,358.25,12,0,,152,150.5,1806,1,13.2,,,,,1,0.43,,,,,2440,,,,,,,,,,,4/10/2024,Pisco,Lote 10,Eden del Norte,Pisco,76.26,86993,9116,Generica
2022-2023,5/10/2024,12:16,Formulario Registro Inspeccion Uva,Pisco,Andres Caceres,True,Perú,Pisco,EEUU,,First Inspection,1093593:08:00,TINTORERA,9,,Pass_Pasar,80,2,585,Yes / Si,584,2,0,,318,308,616,1,12.4,,,,,1,0.37,,,,,2440,,,,,,,,,,,1/10/2024,Pisco,Lote 4,Santa Bernardina Uva,Pisco,47.28,86987,9111,Generica
2022-2023,5/10/2024,7:12,Formulario Registro Inspeccion Uva,Pisco,Andres Caceres,True,Perú,Pisco,EEUU,,First Inspection,1093594:02:00,TINTORERA,9,,Pass_Pasar,120,4,0,Yes / Si,0,4,0,,157,153,612,1,11,,,,,1,0.4,,,,,2440,,,,,,,,,,,1/10/2024,Pisco,Lote 4,Santa Bernardina Uva,Pisco,47.28,86987,9108,Generica
2022-2023,8/10/2024,12:08,Formulario Registro Inspeccion Uva,Pisco,Andres Caceres,True,Perú,Pisco,EEUU,,First Inspection,1093760:03:00,AIREN,10,,Pass_Pasar,36,2,0,Yes / Si,0,2,0,,279,268.5,537,1,12,,,,,1,0.66,,,,,2441,,,,,,,,,,,8/10/2024,Pisco,Lote 10,Eden del Norte,Pisco,76.26,86993,9108,Generica
2022-2023,8/10/2024,11:57,Formulario Registro Inspeccion Uva,Pisco,Andres Caceres,True,Perú,Pisco,EEUU,,First Inspection,1093761:53:00,AIREN,10,,Pass_Pasar,80,4,359,Yes / Si,358.75,4,0,,130,126.5,506,1,13,,,,,1,0.35,,,,,2441,,,,,,,,,,,8/10/2024,Pisco,Lote 10,Eden del Norte,Pisco,76.26,86993,9116,Generica
2022-2023,8/10/2024,11:48,Formulario Registro Inspeccion Uva,Pisco,Andres Caceres,True,Perú,Pisco,EEUU,,First Inspection,1093760:33:00,AIREN,10,,Pass_Pasar,90,6,359,No,,,,,130,127.5,765,1,12.6,,,,,1,0.31,,,,,2441,,,,,,,,,,,8/10/2024,Pisco,Lote 10,Eden del Norte,Pisco,76.26,86993,9116,Generica
2022-2023,9/10/2024,19:49,Formulario Registro Inspeccion Uva,Ica,Guadalupe,True,Perú,Ica,EEUU,,First Inspection,1093695:18:00,MERLOT,10.7,,Pass_Pasar,61,2,340,Yes / Si,339,2,0,,103,103,206,1,14.6,,,,,1,0.96,,,,,2441,,,,,,,,,,,5/10/2024,Ica,Lote 24,Andenes de Andrea,Ica,151.43,87007,9108,Generica
2022-2023,9/10/2024,19:40,Formulario Registro Inspeccion Uva,Ica,Guadalupe,True,Perú,Ica,EEUU,,First Inspection,1093695:46:00,MERLOT,10.7,,Pass_Pasar,240,8,362,Yes / Si,351.75,8,0,,96,95,760,3,15.5,16,16,,,3,0.68,0.39,0.66,,,2441,,,,,,,,,,,5/10/2024,Ica,Lote 24,Andenes de Andrea,Ica,151.43,87007,9120,Generica
2022-2023,9/10/2024,19:25,Formulario Registro Inspeccion Uva,Ica,Guadalupe,True,Perú,Ica,EEUU,,First Inspection,1093694:27:00,MERLOT,10.7,,Pass_Pasar,240,8,366,Yes / Si,349.75,8,0,,98,100,800,2,14.9,15,,,,2,0.65,0.87,,,,2441,,,,,,,,,,,5/10/2024,Ica,Lote 24,Andenes de Andrea,Ica,151.43,87007,9120,Generica
2022-2023,9/10/2024,13:34,Formulario Registro Inspeccion Uva,Ica,Guadalupe,True,Perú,Ica,EEUU,,First Inspection,1093760:56:00,MERLOT,12,,Pass_Pasar,110,4,583,Yes / Si,578,4,0,,149,149,596,1,11.7,,,,,1,0.5,,,,,2441,,,,,,,,,,,8/10/2024,Ica,Lote 37,Tierra Linda,Ica,31.63,87020,9111,Generica
2022-2023,9/10/2024,13:30,Formulario Registro Inspeccion Uva,Ica,Guadalupe,True,Perú,Ica,EEUU,,First Inspection,1093760:16:00,MERLOT,12,,Pass_Pasar,276,10,366,No,,,,,96,98.5,985,2,13.7,13.1,,,,2,0.38,0.54,,,,2441,,,,,,,,,,,8/10/2024,Ica,Lote 37,Tierra Linda,Ica,31.63,87020,9116,Generica
2022-2023,9/10/2024,13:24,Formulario Registro Inspeccion Uva,Ica,Guadalupe,False,Perú,Ica,EEUU,,First Inspection,1093759:30:00,MERLOT,12,,Pass_Pasar,276,10,364,Yes / Si,357.1,10,0,,92,91.5,915,2,13.7,13,,,,2,0.64,0.48,,,,2441,,,,,,,,,,,8/10/2024,Ica,Lote 37,Tierra Linda,Ica,31.63,87020,9116,Generica
2022-2023,9/10/2024,13:19,Formulario Registro Inspeccion Uva,Ica,Guadalupe,False,Perú,Ica,EEUU,,First Inspection,1093743:24:00,TINTORERA,9,,Pass_Pasar,110,4,581,Yes / Si,579.5,4,0,,506,506,2024,1,13.4,,,,,1,0.49,,,,,2441,,,,,,,,,,,7/10/2024,Ica,Lote 12,Agricultores Unidos,Ica,152.84,86995,9111,Generica
2022-2023,9/10/2024,13:11,Formulario Registro Inspeccion Uva,Ica,Guadalupe,True,Perú,Ica,EUROPA,No,First Inspection,1093742:55:00,AIREN,9,,Pass_Pasar,390,16,148,Yes / Si,206.0625,12,0,,63,60,960,2,13.1,14.7,,,,2,0.25,0.34,,,,2441,,,,,,,,,,,7/10/2024,Ica,Lote 17,Agricultores Unidos,Ica,54.61,87000,9096,Generica
2022-2023,9/10/2024,13:05,Formulario Registro Inspeccion Uva,Ica,Guadalupe,False,Perú,Ica,EEUU,,First Inspection,1093741:46:00,AIREN,10,,Pass_Pasar,276,10,363,Yes / Si,356.9,10,0,,151,144.5,1445,2,13.8,13.7,,,,2,0.39,0.34,,,,2441,,,,,,,,,,,7/10/2024,Ica,Lote 17,Agricultores Unidos,Ica,54.61,87000,9116,Generica
2022-2023,9/10/2024,12:49,Formulario Registro Inspeccion Uva,Ica,Guadalupe,False,Perú,Ica,EEUU,,First Inspection,1093737:01:00,MERLOT,12,,Pass_Pasar,110,4,584,Yes / Si,580.75,4,0,,159,158.5,634,1,12.2,,,,,1,0.59,,,,,2441,,,,,,,,,,,7/10/2024,Ica,Lote 37,Tierra Linda,Ica,31.63,87020,9111,Generica
2022-2023,9/10/2024,12:41,Formulario Registro Inspeccion Uva,Ica,Guadalupe,False,Perú,Ica,EEUU,,First Inspection,1093736:21:00,MERLOT,12,,Pass_Pasar,187,10,361,Yes / Si,325.3,10,0,,97,96,960,2,14.3,14,,,,2,0.54,0.37,,,,2441,,,,,,,,,,,7/10/2024,Ica,Lote 37,Tierra Linda,Ica,31.63,87020,9116,Generica
2022-2023,9/10/2024,12:35,Formulario Registro Inspeccion Uva,Ica,Guadalupe,False,Perú,Ica,EEUU,,First Inspection,1093735:32:00,MERLOT,12,,Pass_Pasar,276,10,366,Yes / Si,358.2,10,0,,95,97.5,975,2,13.5,13.2,,,,2,0.49,0.46,,,,2441,,,,,,,,,,,7/10/2024,Ica,Lote 37,Tierra Linda,Ica,31.63,87020,9116,Generica
2022-2023,9/10/2024,12:04,Formulario Registro Inspeccion Uva,Ica,Guadalupe,True,Perú,Ica,ASIA NORTE,,First Inspection,1093745:25:00,PINOT,7,,Pass_Pasar,390,16,145,Yes / Si,143.15625,16,0,,54,52,832,1,16.9,,,,,1,0.67,,,,,2441,,,,,,,,,,,7/10/2024,Ica,Lote 34,Agricultores del Sol,Ica,249.17,87017,9102,Generica
2022-2023,9/10/2024,12:02,Formulario Registro Inspeccion Uva,Ica,Guadalupe,False,Perú,Ica,EEUU,,First Inspection,1093745:05:00,AIREN,10,,Pass_Pasar,10,4,359,Yes / Si,358.375,4,0,,170,154,616,2,13.6,14.1,,,,2,0.59,0.57,,,,2441,,,,,,,,,,,7/10/2024,Ica,Lote 35,Agricultores del Sol,Ica,129.08,87018,9116,Generica
2022-2023,10/10/2024,19:43,Formulario Registro Inspeccion Uva,Ica,Guadalupe,True,Perú,Ica,EEUU,,First Inspection,1093761:54:00,MERLOT,10,,Pass_Pasar,240,8,361,Yes / Si,350.625,8,0,,109,105,840,2,15.5,15.8,,,,2,0.66,0.55,,,,2441,,,,,,,,,,,8/10/2024,Ica,Lote 24,Andenes de Andrea,Ica,151.43,87007,9120,Generica
2022-2023,10/10/2024,19:42,Formulario Registro Inspeccion Uva,Ica,Guadalupe,False,Perú,Ica,EEUU,,First Inspection,1093762:59:00,MERLOT,10,,Pass_Pasar,150,5,351,Yes / Si,341.8,5,0,,111,107.5,537.5,1,16.2,,,,,1,0.77,,,,,2441,,,,,,,,,,,8/10/2024,Ica,Lote 24,Andenes de Andrea,Ica,151.43,87007,9108,Generica
2022-2023,10/10/2024,19:30,Formulario Registro Inspeccion Uva,Ica,Guadalupe,False,Perú,Ica,EEUU,,First Inspection,1093760:50:00,MERLOT,10,,Pass_Pasar,240,8,363,Yes / Si,349.625,8,0,,103,102,816,2,16.2,17,,,,2,0.64,0.49,,,,2441,,,,,,,,,,,8/10/2024,Ica,Lote 24,Andenes de Andrea,Ica,151.43,87007,9120,Generica
2022-2023,10/10/2024,18:26,Formulario Registro Inspeccion Uva,Pisco,Andres Caceres,False,Perú,Pisco,EEUU,,First Inspection,1093740:12:00,MERLOT,0,,Pass_Pasar,168,12,0,Yes / Si,0,12,0,,145,127.5,1530,1,13,,,,,1,0.35,,,,,2441,,,,,,,,,,,7/10/2024,Pisco,Lote 3,Santa Bernardina Uva,Pisco,313.27,86986,9108,Generica
2022-2023,10/10/2024,6:47,Formulario Registro Inspeccion Uva,Ica,Gloria A.,True,Perú,Ica,EEUU,,First Inspection,1093791:33:00,AIREN,10,,Pass_Pasar,120,5,359,Yes / Si,358.78,5,0,,175,158,790,2,14.4,13.9,,,,2,0.51,0.4,,,,2441,,,,,,,,,,,9/10/2024,Ica,Lote 35,Agricultores del Sol,Ica,129.08,87018,9116,Generica
2022-2023,10/10/2024,6:45,Formulario Registro Inspeccion Uva,Ica,Gloria A.,True,Perú,Ica,EEUU,,First Inspection,1093790:32:00,AIREN,10,,Pass_Pasar,240,10,359,Yes / Si,358.49,10,0,,159,154,1540,2,14.1,15.5,,,,2,0.6,0.5,,,,2441,,,,,,,,,,,9/10/2024,Ica,Lote 35,Agricultores del Sol,Ica,129.08,87018,9116,Generica
2022-2023,11/10/2024,21:08,Formulario Registro Inspeccion Uva,Ica,Guadalupe,True,Perú,Ica,ASIA CENTRO,Yes / Si,First Inspection,1093809:54:00,VERDEJO,7,Malasia,Pass_Pasar,225,10,151,Yes / Si,146.8,10,0,,34,33.5,335,1,11.4,,,,,1,0.68,,,,,2441,,,,,,,,,,,10/10/2024,Ica,Lote 15,Agricultores Unidos,Ica,62.09,86998,9100,Generica
2022-2023,11/10/2024,21:05,Formulario Registro Inspeccion Uva,Ica,Guadalupe,True,Perú,Ica,EUROPA,No,First Inspection,1093834:54:00,TINTORERA,8,,Pass_Pasar,240,8,334,Yes / Si,330.125,0,0,,294,293.5,2348,1,13.3,,,,,1,0.48,,,,,2441,,,,,,,,,,,11/10/2024,Ica,Lote 14,Agricultores Unidos,Ica,40.26,86997,9098,Generica
2022-2023,11/10/2024,16:57,Formulario Registro Inspeccion Uva,Ica,Guadalupe,True,Perú,Ica,ASIA CENTRO,Yes / Si,First Inspection,1093810:32:00,VERDEJO,7,Malasia,Pass_Pasar,360,10,148,Yes / Si,144.6,10,0,,45,44.5,445,1,11.7,,,,,1,0.67,,,,,2441,,,,,,,,,,,10/10/2024,Ica,Lote 15,Agricultores Unidos,Ica,62.09,86998,9099,Generica
2022-2023,11/10/2024,16:51,Formulario Registro Inspeccion Uva,Ica,Guadalupe,False,Perú,Ica,EEUU,,First Inspection,1093809:02:00,MERLOT,12,,Pass_Pasar,6,2,578,Yes / Si,576.5,2,0,,171,171,342,1,12.6,,,,,1,0.42,,,,,2441,,,,,,,,,,,10/10/2024,Ica,Lote 37,Tierra Linda,Ica,31.63,87020,9111,Generica
2022-2023,11/10/2024,16:38,Formulario Registro Inspeccion Uva,Ica,Guadalupe,True,Perú,Ica,EEUU,,First Inspection,1093808:31:00,AIREN,10,,Pass_Pasar,29,2,577,Yes / Si,575,2,0,,371,371,742,1,12.7,,,,,1,0.44,,,,,2441,,,,,,,,,,,10/10/2024,Ica,Lote 37,Tierra Linda,Ica,31.63,87020,9111,Generica
2022-2023,11/10/2024,16:32,Formulario Registro Inspeccion Uva,Ica,Guadalupe,True,Perú,Ica,EEUU,,First Inspection,1093807:57:00,AIREN,10,,Pass_Pasar,175,8,363,Yes / Si,357.75,8,0,,135,133.5,1068,2,13.9,13.4,,,,2,0.34,0.34,,,,2441,,,,,,,,,,,10/10/2024,Ica,Lote 37,Tierra Linda,Ica,31.63,87020,9116,Generica
2022-2023,11/10/2024,16:23,Formulario Registro Inspeccion Uva,Ica,Guadalupe,False,Perú,Ica,EEUU,,First Inspection,1093816:02:00,MERLOT,12,,Pass_Pasar,276,10,362,Yes / Si,356.3,10,0,,93,93,930,2,13.7,12.7,,,,2,0.41,0.5,,,,2441,,,,,,,,,,,10/10/2024,Ica,Lote 37,Tierra Linda,Ica,31.63,87020,9116,Generica
2022-2023,11/10/2024,11:46,Formulario Registro Inspeccion Uva,Pisco,Andres Caceres,True,Perú,Pisco,EEUU,,First Inspection,1093814:37:00,AIREN,13,,Pass_Pasar,90,4,0,Yes / Si,0,4,0,,158,153.5,614,1,11.8,,,,,1,0.56,,,,,2441,,,,,,,,,,,10/10/2024,Pisco,Lote 3,Santa Bernardina Uva,Pisco,313.27,86986,9108,Generica
2022-2023,15/10/2024,18:39,Formulario Registro Inspeccion Uva,Ica,Mauricio F.,True,Perú,Ica,EEUU,,First Inspection,1093897:00:00,AIREN,13,,Pass_Pasar,50,7,354,Yes / Si,352.571429,7,0,,164,153,1071,2,14.4,14.9,,,,2,0.69,0.58,,,,2442,,,,,,,,,,,14/10/2024,Piura,Lote 1,Santa Bernardina Uva,Piura,80.51,86984,9116,Generica
2022-2023,15/10/2024,18:38,Formulario Registro Inspeccion Uva,Ica,Mauricio F.,False,Perú,Ica,EEUU,,First Inspection,1093897:00:00,MERLOT,12,,Pass_Pasar,50,4,354,No,,,,,86,84,336,2,13.2,12.6,,,,2,0.33,0.46,,,,2442,,,,,,,,,,,14/10/2024,Piura,Lote 1,Santa Bernardina Uva,Piura,80.51,86984,9116,Generica
2022-2023,15/10/2024,14:22,Formulario Registro Inspeccion Uva,Pisco,Andres Caceres,True,Perú,Pisco,EEUU,,First Inspection,1093932:13:00,AIREN,10,,Pass_Pasar,50,8,359,Yes / Si,358.5,8,0,,134,130,1040,1,13.3,,,,,1,0.31,,,,,2442,,,,,,,,,,,15/10/2024,Pisco,Lote 10,Eden del Norte,Pisco,76.26,86993,9116,Generica
2022-2023,16/10/2024,17:36,Formulario Registro Inspeccion Uva,Ica,Gloria A.,True,Perú,Ica,EEUU,,First Inspection,1093931:32:00,MERLOT,11.7,,Pass_Pasar,120,6,344,Yes / Si,338.166667,6,0,,152,145,870,1,14.7,,,,,1,0.78,,,,,2442,,,,,,,,,,,15/10/2024,Ica,Lote 24,Andenes de Andrea,Ica,151.43,87007,9108,Generica
2022-2023,16/10/2024,17:34,Formulario Registro Inspeccion Uva,Ica,Gloria A.,True,Perú,Ica,EEUU,,First Inspection,1093960:31:00,AIREN,10,,Pass_Pasar,240,8,359.8,Yes / Si,358.825,8,0,,158,152,1216,2,15.1,13.6,,,,2,0.58,0.43,,,,2442,,,,,,,,,,,16/10/2024,Ica,Lote 35,Agricultores del Sol,Ica,129.08,87018,9116,Generica
2022-2023,16/10/2024,16:27,Formulario Registro Inspeccion Uva,Ica,Gloria A.,True,Perú,Ica,EEUU,,First Inspection,1093959:43:00,VERDEJO,7,,Pass_Pasar,240,8,345,No,,,,,135,131.5,1052,1,12.5,,,,,1,0.74,,,,,2442,,,,,,,,,,,16/10/2024,Ica,Lote 34,Agricultores del Sol,Ica,249.17,87017,9108,Generica
2022-2023,16/10/2024,10:35,Formulario Registro Inspeccion Uva,Pisco,Andres Caceres,True,Perú,Pisco,EEUU,,First Inspection,1093935:29:00,AIREN,,,Pass_Pasar,220,3,0,Yes / Si,0,3,0,,115,115,345,1,12.6,,,,,1,0.59,,,,,2442,,,,,,,,,,,15/10/2024,Pisco,Lote 3,Santa Bernardina Uva,Pisco,313.27,86986,9108,Generica
2022-2023,17/10/2024,22:19,Formulario Registro Inspeccion Uva,Ica,Guadalupe,False,Perú,Ica,EEUU,,First Inspection,1093948:52:00,MERLOT,10,,Pass_Pasar,21,3,359,Yes / Si,358.833333,3,0,,98,96.5,289.5,2,13.4,12.9,,,,2,0.36,0.29,,,,2442,,,,,,,,,,,16/10/2024,Ica,Lote 34,Agricultores del Sol,Ica,249.17,87017,9116,Generica
2022-2023,17/10/2024,21:29,Formulario Registro Inspeccion Uva,Ica,Guadalupe,True,Perú,Ica,EEUU,,First Inspection,1093953:00:00,AIREN,13,,Pass_Pasar,110,4,578,Yes / Si,576.75,4,0,,400,400,1600,1,12.9,,,,,1,0.52,,,,,2442,,,,,,,,,,,16/10/2024,Ica,Lote 37,Tierra Linda,Ica,31.63,87020,9111,Generica
2022-2023,17/10/2024,21:10,Formulario Registro Inspeccion Uva,Ica,Guadalupe,True,Perú,Ica,EEUU,,First Inspection,1093952:07:00,AIREN,13,,Pass_Pasar,276,10,364,Yes / Si,358.1,10,0,,141,138,1380,2,13.4,13,,,,2,0.38,0.29,,,,2442,,,,,,,,,,,16/10/2024,Ica,Lote 37,Tierra Linda,Ica,31.63,87020,9116,Generica
2022-2023,17/10/2024,21:06,Formulario Registro Inspeccion Uva,Ica,Guadalupe,True,Perú,Ica,EEUU,,First Inspection,1093951:21:00,AIREN,13,,Pass_Pasar,276,10,359,Yes / Si,355,10,0,,147,139.5,1395,2,13.4,13.7,,,,2,0.41,0.18,,,,2442,,,,,,,,,,,16/10/2024,Ica,Lote 37,Tierra Linda,Ica,31.63,87020,9116,Generica
2022-2023,17/10/2024,20:47,Formulario Registro Inspeccion Uva,Ica,Guadalupe,True,Perú,Ica,EEUU,,First Inspection,1093931:39:00,MERLOT,11.6,,Pass_Pasar,276,12,358,Yes / Si,351.166667,12,0,,101,100.5,1206,2,13.1,15.3,,,,2,0.54,0.48,,,,2442,,,,,,,,,,,15/10/2024,Ica,Lote 24,Andenes de Andrea,Ica,151.43,87007,9120,Generica
2022-2023,17/10/2024,20:35,Formulario Registro Inspeccion Uva,Ica,Guadalupe,True,Perú,Ica,EEUU,,First Inspection,1093930:40:00,MERLOT,11.7,,Pass_Pasar,276,8,352,Yes / Si,345.625,8,0,,97,96.5,772,2,14.3,15.4,,,,2,0.56,0.38,,,,2442,,,,,,,,,,,15/10/2024,Ica,Lote 24,Andenes de Andrea,Ica,151.43,87007,9120,Generica
2022-2023,17/10/2024,20:28,Formulario Registro Inspeccion Uva,Ica,Guadalupe,True,Perú,Ica,EEUU,,First Inspection,1093929:03:00,AIREN,13,,Pass_Pasar,110,4,577,Yes / Si,575.25,4,0,,212,212,848,1,14.3,,,,,1,0.38,,,,,2442,,,,,,,,,,,15/10/2024,Ica,Lote 37,Tierra Linda,Ica,31.63,87020,9111,Generica
2022-2023,17/10/2024,19:54,Formulario Registro Inspeccion Uva,Ica,Guadalupe,True,Perú,Ica,EEUU,,First Inspection,1093928:23:00,AIREN,13,,Pass_Pasar,276,10,358,Yes / Si,356.1,10,0,,145,142.5,1425,2,14,14.1,,,,2,0.37,0.26,,,,2442,,,,,,,,,,,15/10/2024,Ica,Lote 37,Tierra Linda,Ica,31.63,87020,9116,Generica
2022-2023,17/10/2024,19:41,Formulario Registro Inspeccion Uva,Ica,Guadalupe,True,Perú,Ica,EEUU,,First Inspection,1093927:39:00,AIREN,13,,Pass_Pasar,276,10,360,Yes / Si,357.3,10,0,,144,140,1400,2,12.6,13.6,,,,2,0.36,0.26,,,,2442,,,,,,,,,,,15/10/2024,Ica,Lote 37,Tierra Linda,Ica,31.63,87020,9116,Generica
2022-2023,17/10/2024,18:42,Formulario Registro Inspeccion Uva,Ica,Guadalupe,True,Perú,Ica,EEUU,,First Inspection,1093910:42:00,TINTORERA,7,,Pass_Pasar,240,8,338,Yes / Si,334,8,0,,284,277,2216,1,13,,,,,1,0.64,,,,,2442,,,,,,,,,,,14/10/2024,Ica,Lote 12,Agricultores Unidos,Ica,152.84,86995,9108,Generica
2022-2023,17/10/2024,18:29,Formulario Registro Inspeccion Uva,Ica,Guadalupe,True,Perú,Ica,EUROPA,No,First Inspection,1093912:07:00,PINOT,9,,Pass_Pasar,390,8,146,Yes / Si,144.5,8,0,,46,45.5,364,1,14.9,,,,,1,0.47,,,,,2442,,,,,,,,,,,14/10/2024,Ica,Lote 13,Agricultores Unidos,Ica,50.93,86996,9092,Generica
2022-2023,17/10/2024,13:01,Formulario Registro Inspeccion Uva,Pisco,Andres Caceres,True,Perú,Pisco,EEUU,,First Inspection,1093978:53:00,AIREN,10,,Pass_Pasar,60,6,359,Yes / Si,358.666667,6,0,,126,124,744,1,12.7,,,,,1,0.47,,,,,2442,,,,,,,,,,,17/10/2024,Pisco,Lote 10,Eden del Norte,Pisco,76.26,86993,9116,Generica
2022-2023,17/10/2024,12:45,Formulario Registro Inspeccion Uva,Pisco,Andres Caceres,True,Perú,Pisco,EEUU,,First Inspection,1093977:35:00,AIREN,10,,Pass_Pasar,50,7,359,Yes / Si,358.142857,7,0,,125,123.5,864.5,1,12.5,,,,,1,0.44,,,,,2442,,,,,,,,,,,17/10/2024,Pisco,Lote 10,Eden del Norte,Pisco,76.26,86993,9116,Generica
2022-2023,18/10/2024,23:14,Formulario Registro Inspeccion Uva,Pisco,Andres Caceres,True,Perú,Pisco,EEUU,,First Inspection,1093862:06:00,MERLOT,10,,Pass_Pasar,150,4,0,Yes / Si,0,4,0,,98,101.5,406,1,14.5,,,,,1,0.39,,,,,2442,,,,,,,,,,,12/10/2024,Pisco,Lote 4,Santa Bernardina Uva,Pisco,47.28,86987,9108,Generica
2022-2023,18/10/2024,23:03,Formulario Registro Inspeccion Uva,Pisco,Andres Caceres,True,Perú,Pisco,EEUU,,First Inspection,1093810:54:00,TINTORERA,9,,Pass_Pasar,250,12,143,Yes / Si,141.833333,12,0,,53,50,600,1,12.7,,,,,1,0.4,,,,,2442,,,,,,,,,,,10/10/2024,Pisco,Lote 4,Santa Bernardina Uva,Pisco,47.28,86987,9102,Generica
2022-2023,18/10/2024,22:52,Formulario Registro Inspeccion Uva,Pisco,Andres Caceres,True,Perú,Pisco,EEUU,,First Inspection,1093760:44:00,VERDEJO,9,,Pass_Pasar,150,8,143,Yes / Si,141.875,8,0,,29,28,224,1,12.9,,,,,1,0.5,,,,,2442,,,,,,,,,,,8/10/2024,Pisco,Lote 4,Santa Bernardina Uva,Pisco,47.28,86987,9103,Generica
2022-2023,18/10/2024,14:07,Formulario Registro Inspeccion Uva,Pisco,Andres Caceres,True,Perú,Pisco,EEUU,,First Inspection,1093933:59:00,VERDEJO,9,,Pass_Pasar,390,12,142,Yes / Si,141.666667,12,0,,38,37,444,1,13,,,,,1,0.53,,,,,2442,,,,,,,,,,,15/10/2024,Pisco,Lote 4,Santa Bernardina Uva,Pisco,47.28,86987,9102,Generica
2022-2023,18/10/2024,13:58,Formulario Registro Inspeccion Uva,Ica,Gloria A.,True,Perú,Ica,EEUU,,First Inspection,1093980:28:00,MERLOT,9,,Pass_Pasar,204,5,368,Yes / Si,349.2,0,0,,108,106.5,532.5,1,13.1,,,,,1,0.41,,,,,2442,,,,,,,,,,,17/10/2024,Ica,Lote 6,Uvas del Sabor,Ica,215.56,86989,9110,Organica
2022-2023,18/10/2024,13:49,Formulario Registro Inspeccion Uva,Ica,Gloria A.,False,Perú,Ica,EEUU,,First Inspection,1093979:35:00,AIREN,13,,Pass_Pasar,204,5,346,Yes / Si,342.8,0,0,,136,135.5,677.5,1,15.8,,,,,1,0.64,,,,,2442,,,,,,,,,,,17/10/2024,Ica,Lote 6,Uvas del Sabor,Ica,215.56,86989,9110,Organica
2022-2023,18/10/2024,13:48,Formulario Registro Inspeccion Uva,Pisco,Andres Caceres,True,Perú,Pisco,EEUU,,First Inspection,1093906:26:00,PINOT,9,,Pass_Pasar,390,12,142,Yes / Si,141.583333,12,0,,50,50,600,1,12.4,,,,,1,0.9,,,,,2442,,,,,,,,,,,14/10/2024,Pisco,Lote 4,Santa Bernardina Uva,Pisco,47.28,86987,9102,Generica
2022-2023,18/10/2024,13:42,Formulario Registro Inspeccion Uva,Ica,Gloria A.,True,Perú,Ica,EEUU,,First Inspection,1093956:02:00,TINTORERA,7,,Pass_Pasar,204,5,348,Yes / Si,344.8,0,0,,193,189.5,947.5,1,13.2,,,,,1,0.74,,,,,2442,,,,,,,,,,,16/10/2024,Ica,Lote 6,Uvas del Sabor,Ica,215.56,86989,9110,Organica
2022-2023,18/10/2024,13:23,Formulario Registro Inspeccion Uva,Ica,Guadalupe,True,Perú,Ica,EEUU,,First Inspection,1093978:22:00,TINTORERA,8,,Pass_Pasar,240,4,335,Yes / Si,333,4,0,,272,261.5,1046,1,12.4,,,,,1,0.74,,,,,2442,,,,,,,,,,,17/10/2024,Ica,Lote 12,Agricultores Unidos,Ica,152.84,86995,9108,Generica
2022-2023,18/10/2024,13:20,Formulario Registro Inspeccion Uva,Pisco,Andres Caceres,True,Perú,Pisco,EEUU,,First Inspection,1093931:09:00,AIREN,10,,Pass_Pasar,20,4,356,Yes / Si,354.75,4,0,,89,95.5,382,1,13.6,,,,,1,0.34,,,,,2442,,,,,,,,,,,15/10/2024,Pisco,Lote 5,Santa Bernardina Uva,Pisco,72.27,86988,9116,Generica
2022-2023,19/10/2024,16:59,Formulario Registro Inspeccion Uva,Pisco,Andres Caceres,False,Perú,Pisco,EEUU,,First Inspection,1093908:56:00,TINTORERA,9,,Fail_Fallar,84,,,,,,,,,,,,,,,,,,,,,,,2442,,,,,,,,,,,14/10/2024,Pisco,Lote 4,Santa Bernardina Uva,Pisco,47.28,86987,9111,Generica
2022-2023,19/10/2024,16:21,Formulario Registro Inspeccion Uva,Pisco,Andres Caceres,True,Perú,Pisco,EEUU,,First Inspection,1093834:14:00,AIREN,11,,Pass_Pasar,60,4,358,Yes / Si,356.25,4,0,,112,110.5,442,1,13.7,,,,,1,0.33,,,,,2442,,,,,,,,,,,11/10/2024,Pisco,Lote 5,Santa Bernardina Uva,Pisco,72.27,86988,9116,Generica
2022-2023,23/10/2024,23:51,Formulario Registro Inspeccion Uva,Ica,Gloria A.,True,Perú,Ica,ASIA NORTE,,First Inspection,1094127:14:00,VERDEJO,7,,Pass_Pasar,390,15,144.5,Yes / Si,143.266667,15,0,,35,34,510,1,12.7,,,,,1,0.6,,,,,2443,,,,,,,,,,,23/10/2024,Ica,Lote 35,Agricultores del Sol,Ica,129.08,87018,9103,Generica
2022-2023,24/10/2024,23:43,Formulario Registro Inspeccion Uva,Pisco,Andres Caceres,False,Perú,Pisco,ASIA NORTE,,First Inspection,1094125:33:00,TINTORERA,10,,Pass_Pasar,300,12,142,Yes / Si,140.75,8,4,139.0,72,72,864,1,12.5,,,,,1,0.47,,,,,2443,,,,,,,,,,,23/10/2024,Pisco,Lote 4,Santa Bernardina Uva,Pisco,47.28,86987,9102,Generica
2022-2023,24/10/2024,19:56,Formulario Registro Inspeccion Uva,Ica,Gloria A.,True,Perú,Ica,EEUU,,First Inspection,1094123:04:00,AIREN,8.5,,Pass_Pasar,240,5,346,No,,,,,140,139,695,1,13.4,,,,,1,0.74,,,,,2443,,,,,,,,,,,23/10/2024,Ica,Lote 6,Uvas del Sabor,Ica,215.56,86989,9110,Organica
2022-2023,24/10/2024,19:54,Formulario Registro Inspeccion Uva,Ica,Gloria A.,False,Perú,Ica,EEUU,,First Inspection,1094051:21:00,PINOT,9.5,,Pass_Pasar,240,5,358,Yes / Si,351,0,0,,151,146.5,732.5,1,13.5,,,,,1,0.77,,,,,2443,,,,,,,,,,,20/10/2024,Ica,Lote 6,Uvas del Sabor,Ica,215.56,86989,9110,Organica
2022-2023,24/10/2024,19:51,Formulario Registro Inspeccion Uva,Ica,Gloria A.,True,Perú,Ica,EEUU,,First Inspection,1094075:49:00,TINTORERA,6,,Pass_Pasar,204,5,346,Yes / Si,343.2,0,0,,210,209,1045,1,14,,,,,1,0.49,,,,,2443,,,,,,,,,,,21/10/2024,Ica,Lote 6,Uvas del Sabor,Ica,215.56,86989,9110,Organica
2022-2023,24/10/2024,13:24,Formulario Registro Inspeccion Uva,Pisco,Andres Caceres,True,Perú,Pisco,EEUU,,First Inspection,1094147:21:00,AIREN,10,,Pass_Pasar,59,5,359,Yes / Si,358.8,5,0,,135,132.5,662.5,1,12.6,,,,,1,0.52,,,,,2443,,,,,,,,,,,24/10/2024,Pisco,Lote 10,Eden del Norte,Pisco,76.26,86993,9116,Generica
2022-2023,24/10/2024,13:19,Formulario Registro Inspeccion Uva,Pisco,Andres Caceres,True,Perú,Pisco,EEUU,,First Inspection,1094146:12:00,AIREN,10,,Pass_Pasar,50,4,359,Yes / Si,358.5,4,0,,129,124.5,498,1,12.41,,,,,1,0.51,,,,,2443,,,,,,,,,,,24/10/2024,Pisco,Lote 10,Eden del Norte,Pisco,76.26,86993,9116,Generica
2022-2023,24/10/2024,13:07,Formulario Registro Inspeccion Uva,Pisco,Andres Caceres,True,Perú,Pisco,EEUU,,First Inspection,1094146:04:00,AIREN,10,,Pass_Pasar,50,4,359,Yes / Si,358.5,4,0,,135,128.5,514,1,12.7,,,,,1,0.38,,,,,2443,,,,,,,,,,,24/10/2024,Pisco,Lote 10,Eden del Norte,Pisco,76.26,86993,9116,Generica
2022-2023,24/10/2024,12:59,Formulario Registro Inspeccion Uva,Pisco,Andres Caceres,False,Perú,Pisco,EEUU,,First Inspection,1094145:54:00,AIREN,10,,Pass_Pasar,50,4,359,Yes / Si,358.25,4,0,,133,132.5,530,1,13.2,,,,,1,0.44,,,,,2443,,,,,,,,,,,24/10/2024,Pisco,Lote 10,Eden del Norte,Pisco,76.26,86993,9116,Generica
2022-2023,24/10/2024,12:41,Formulario Registro Inspeccion Uva,Pisco,Andres Caceres,False,Perú,Pisco,EEUU,,First Inspection,1094145:55:00,AIREN,10,,Pass_Pasar,50,4,359,Yes / Si,358.75,4,0,,131,128.5,514,1,12.9,,,,,1,0.5,,,,,2443,,,,,,,,,,,24/10/2024,Pisco,Lote 10,Eden del Norte,Pisco,76.26,86993,9116,Generica
2022-2023,24/10/2024,0:01,Formulario Registro Inspeccion Uva,Ica,Gloria A.,True,Perú,Ica,EEUU,,First Inspection,1094126:53:00,PINOT,7,,Pass_Pasar,100,4,348,Yes / Si,347.5,0,0,,175,173.5,694,1,13.4,,,,,1,0.35,,,,,2443,,,,,,,,,,,23/10/2024,Ica,Lote 34,Agricultores del Sol,Ica,249.17,87017,9110,Organica
2022-2023,25/10/2024,0:21,Formulario Registro Inspeccion Uva,Pisco,Andres Caceres,True,Perú,Pisco,EEUU,,First Inspection,1094146:14:00,AIREN,10,,Pass_Pasar,40,4,358,Yes / Si,356.25,4,0,,96,95,380,1,13.5,,,,,1,0.41,,,,,2443,,,,,,,,,,,24/10/2024,Pisco,Lote 5,Santa Bernardina Uva,Pisco,72.27,86988,9116,Generica
2022-2023,25/10/2024,0:00,Formulario Registro Inspeccion Uva,Pisco,Andres Caceres,True,Perú,Pisco,EEUU,,First Inspection,1094051:53:00,TINTORERA,10,,Pass_Pasar,250,8,143,Yes / Si,141.625,8,0,,45,44,352,1,12.2,,,,,1,0.4,,,,,2443,,,,,,,,,,,20/10/2024,Pisco,Lote 4,Santa Bernardina Uva,Pisco,47.28,86987,9102,Generica
2022-2023,25/10/2024,22:30,Formulario Registro Inspeccion Uva,Ica,Gloria A.,True,Perú,Ica,ASIA CENTRO,Yes / Si,First Inspection,1094147:50:00,AIREN,9,Singapur,Pass_Pasar,390,16,148,Yes / Si,144.0625,16,0,,51,50,800,1,13.1,,,,,1,0.37,,,,,2443,,,,,,,,,,,24/10/2024,Pisco,Lote 20,Agricultores Unidos,Pisco,344.98,87003,9102,Generica
2022-2023,25/10/2024,21:25,Formulario Registro Inspeccion Uva,Ica,Gloria A.,True,Perú,Ica,EEUU,,First Inspection,1094176:27:00,AIREN,13,,Pass_Pasar,240,8,358,Yes / Si,349.75,8,0,,140,139,1112,2,12.8,15.2,,,,2,0.33,0.35,,,,2443,,,,,,,,,,,25/10/2024,Ica,Lote 26,Andenes de Andrea,Ica,84.47,87009,9120,Generica
2022-2023,25/10/2024,15:26,Formulario Registro Inspeccion Uva,Ica,Gloria A.,True,Perú,Ica,ASIA NORTE,,First Inspection,1094147:32:00,MERLOT,9,,Pass_Pasar,390,16,149,Yes / Si,144.75,16,0,,38,36,576,1,13.1,,,,,1,0.4,,,,,2443,,,,,,,,,,,24/10/2024,Ica,Lote 19,Agricultores Unidos,Ica,79.51,87002,9103,Generica
2022-2023,26/10/2024,23:36,Formulario Registro Inspeccion Uva,Pisco,Andres Caceres,True,Perú,Pisco,EEUU,,First Inspection,1094001:29:00,AIREN,9,,Pass_Pasar,52,2,575,Yes / Si,574.5,2,0,,275,272,544,1,13.3,,,,,1,0.57,,,,,2443,,,,,,,,,,,18/10/2024,Pisco,Lote 5,Santa Bernardina Uva,Pisco,72.27,86988,9108,Generica
2022-2023,27/10/2024,0:21,Formulario Registro Inspeccion Uva,Pisco,Andres Caceres,True,Perú,Pisco,EEUU,,First Inspection,1094146:14:00,AIREN,10,,Pass_Pasar,40,4,358,Yes / Si,356.25,4,0,,96,95,380,1,13.5,,,,,1,0.41,,,,,2443,,,,,,,,,,,24/10/2024,Pisco,Lote 5,Santa Bernardina Uva,Pisco,72.27,86988,9116,Generica
2022-2023,27/10/2024,0:00,Formulario Registro Inspeccion Uva,Pisco,Andres Caceres,True,Perú,Pisco,EEUU,,First Inspection,1094051:53:00,TINTORERA,10,,Pass_Pasar,250,8,143,Yes / Si,141.625,8,0,,45,44,352,1,12.2,,,,,1,0.4,,,,,2443,,,,,,,,,,,20/10/2024,Pisco,Lote 4,Santa Bernardina Uva,Pisco,47.28,86987,9102,Generica
2022-2023,29/10/2024,22:47,Formulario Registro Inspeccion Uva,Ica,Guadalupe,True,Perú,Ica,EUROPA,No,First Inspection,1094275:39:00,VERDEJO,7,,Pass_Pasar,25,6,144,Yes / Si,142.166667,6,0,,39,38.5,231,1,11.3,,,,,1,0.83,,,,,2444,,,,,,,,,,,29/10/2024,Ica,Lote 15,Agricultores Unidos,Ica,62.09,86998,9092,Generica
2022-2023,29/10/2024,22:44,Formulario Registro Inspeccion Uva,Ica,Guadalupe,False,Perú,Ica,EUROPA,Yes / Si,First Inspection,1094275:20:00,VERDEJO,7,Arabia Saudita,Pass_Pasar,90,5,146,Yes / Si,144,5,0,,41,38.5,192.5,1,12.2,,,,,1,0.81,,,,,2444,,,,,,,,,,,29/10/2024,Ica,Lote 15,Agricultores Unidos,Ica,62.09,86998,9092,Generica
2022-2023,29/10/2024,22:42,Formulario Registro Inspeccion Uva,Pisco,Andres Caceres,False,Perú,Pisco,EEUU,,First Inspection,1094221:30:00,AIREN,10,,Pass_Pasar,36,3,576,Yes / Si,575,3,0,,163,161,483,1,13.9,,,,,1,0.58,,,,,2444,,,,,,,,,,,27/10/2024,Pisco,Lote 5,Santa Bernardina Uva,Pisco,72.27,86988,9108,Generica
2022-2023,29/10/2024,22:34,Formulario Registro Inspeccion Uva,Ica,Gloria A.,True,Perú,Ica,EEUU,,First Inspection,1094195:36:00,AIREN,13.9,,Pass_Pasar,192,8,354,Yes / Si,349.625,8,0,,140,139,1112,2,13.9,14.1,,,,2,0.34,0.35,,,,2444,,,,,,,,,,,26/10/2024,Ica,Lote 26,Andenes de Andrea,Ica,84.47,87009,9120,Generica
2022-2023,29/10/2024,22:29,Formulario Registro Inspeccion Uva,Pisco,Andres Caceres,True,Perú,Pisco,EEUU,,First Inspection,1094267:23:00,AIREN,10,,Pass_Pasar,50,6,359,Yes / Si,358.666667,6,0,,128,126.5,759,1,13.3,,,,,1,0.48,,,,,2444,,,,,,,,,,,29/10/2024,Pisco,Lote 10,Eden del Norte,Pisco,76.26,86993,9116,Generica
2022-2023,29/10/2024,22:13,Formulario Registro Inspeccion Uva,Pisco,Andres Caceres,True,Perú,Pisco,EEUU,,First Inspection,1094267:09:00,AIREN,10,,Pass_Pasar,32,5,359,Yes / Si,358.6,5,0,,130,127,635,1,13.6,,,,,1,0.42,,,,,2444,,,,,,,,,,,29/10/2024,Pisco,Lote 10,Eden del Norte,Pisco,76.26,86993,9116,Generica
2022-2023,29/10/2024,22:08,Formulario Registro Inspeccion Uva,Pisco,Andres Caceres,True,Perú,Pisco,EEUU,,First Inspection,1094269:04:00,AIREN,10,,Pass_Pasar,26,4,359,Yes / Si,358.75,4,0,,132,128,512,1,13.4,,,,,1,0.46,,,,,2444,,,,,,,,,,,29/10/2024,Pisco,Lote 10,Eden del Norte,Pisco,76.26,86993,9116,Generica
2022-2023,29/10/2024,22:03,Formulario Registro Inspeccion Uva,Pisco,Andres Caceres,True,Perú,Pisco,EEUU,,First Inspection,1094268:17:00,AIREN,10,,Pass_Pasar,30,6,359,Yes / Si,358.666667,6,0,,129,127.5,765,1,13.5,,,,,1,0.37,,,,,2444,,,,,,,,,,,29/10/2024,Pisco,Lote 10,Eden del Norte,Pisco,76.26,86993,9116,Generica
2022-2023,29/10/2024,15:47,Formulario Registro Inspeccion Uva,Ica,Guadalupe,False,Perú,Ica,EEUU,,First Inspection,1094271:03:00,TINTORERA,7,,Pass_Pasar,204,8,348,Yes / Si,347.625,8,0,,158,156.5,1252,1,13.1,,,,,1,0.22,,,,,2444,,,,,,,,,,,29/10/2024,Ica,Lote 36,Agricultores del Sol,Ica,66.17,87019,9108,Generica
2022-2023,30/10/2024,16:11,Formulario Registro Inspeccion Uva,Ica,Guadalupe,True,Perú,Ica,EEUU,,First Inspection,1094272:08:00,MERLOT,12,,Pass_Pasar,50,2,578,Yes / Si,576.5,2,0,,176,176,352,1,13.2,,,,,1,0.51,,,,,2444,,,,,,,,,,,29/10/2024,Ica,Lote 37,Tierra Linda,Ica,31.63,87020,9111,Generica
2022-2023,30/10/2024,16:07,Formulario Registro Inspeccion Uva,Ica,Guadalupe,True,Perú,Ica,EEUU,,First Inspection,1094272:01:00,AIREN,12,,Pass_Pasar,110,2,577,Yes / Si,576.5,2,0,,410,410,820,1,12.7,,,,,1,0.53,,,,,2444,,,,,,,,,,,29/10/2024,Ica,Lote 37,Tierra Linda,Ica,31.63,87020,9111,Generica
2022-2023,30/10/2024,15:59,Formulario Registro Inspeccion Uva,Ica,Guadalupe,True,Perú,Ica,EEUU,,First Inspection,1094264:15:00,AIREN,12,,Pass_Pasar,276,10,362,Yes / Si,355.8,10,0,,146,145.5,1455,2,14.5,13.3,,,,2,0.21,0.27,,,,2444,,,,,,,,,,,29/10/2024,Ica,Lote 37,Tierra Linda,Ica,31.63,87020,9116,Generica
2022-2023,30/10/2024,15:52,Formulario Registro Inspeccion Uva,Ica,Guadalupe,True,Perú,Ica,EEUU,,First Inspection,1094263:30:00,AIREN,12,,Pass_Pasar,276,10,359,Yes / Si,356.5,10,0,,154,154,1540,2,14.2,13.7,,,,2,0.36,0.26,,,,2444,,,,,,,,,,,29/10/2024,Ica,Lote 37,Tierra Linda,Ica,31.63,87020,9116,Generica
2022-2023,30/10/2024,15:36,Formulario Registro Inspeccion Uva,Ica,Guadalupe,True,Perú,Ica,EUROPA,No,First Inspection,1094247:24:00,VERDEJO,7,,Pass_Pasar,110,4,578,Yes / Si,570.5,4,0,,150,150,600,1,12.3,,,,,1,0.65,,,,,2444,,,,,,,,,,,28/10/2024,Pisco,Lote 20,Agricultores Unidos,Pisco,344.98,87003,9095,Generica
2022-2023,31/10/2024,13:25,Formulario Registro Inspeccion Uva,Ica,Guadalupe,True,Perú,Ica,EEUU,,First Inspection,1094289:08:00,AIREN,12,,Pass_Pasar,61,5,357,Yes / Si,354.8,5,0,,141,138.5,692.5,2,14.8,13.5,,,,2,0.29,0.24,,,,2444,,,,,,,,,,,30/10/2024,Ica,Lote 37,Tierra Linda,Ica,31.63,87020,9116,Generica
2022-2023,31/10/2024,13:13,Formulario Registro Inspeccion Uva,Ica,Guadalupe,False,Perú,Ica,EEUU,,First Inspection,1094290:02:00,MERLOT,13,,Pass_Pasar,110,4,579,Yes / Si,576.75,4,0,,165,165,660,1,13,,,,,1,0.49,,,,,2444,,,,,,,,,,,30/10/2024,Ica,Lote 37,Tierra Linda,Ica,31.63,87020,9111,Generica
2022-2023,31/10/2024,12:45,Formulario Registro Inspeccion Uva,Ica,Guadalupe,True,Perú,Ica,EEUU,,First Inspection,1094288:02:00,AIREN,12,,Pass_Pasar,30,2,575,Yes / Si,575,2,0,,375,375,750,1,13.6,,,,,1,0.32,,,,,2444,,,,,,,,,,,30/10/2024,Ica,Lote 37,Tierra Linda,Ica,31.63,87020,9111,Generica
2022-2023,31/10/2024,12:40,Formulario Registro Inspeccion Uva,Ica,Guadalupe,False,Perú,Ica,EEUU,,First Inspection,1094287:37:00,MERLOT,13,,Pass_Pasar,150,6,357,Yes / Si,356.166667,6,0,,91,89,534,2,14.1,14.4,,,,2,0.36,0.32,,,,2444,,,,,,,,,,,30/10/2024,Ica,Lote 37,Tierra Linda,Ica,31.63,87020,9116,Generica
2022-2023,1/11/2024,17:20,Formulario Registro Inspeccion Uva,Pisco,Andres Caceres,False,Perú,Pisco,EEUU,,First Inspection,1094249:12:00,VERDEJO,10,,Pass_Pasar,146,6,0,Yes / Si,0,6,0,,94,100,600,1,11.6,,,,,1,0.67,,,,,2444,,,,,,,,,,,28/10/2024,Pisco,Lote 4,Santa Bernardina Uva,Pisco,47.28,86987,9108,Generica
2022-2023,1/11/2024,16:49,Formulario Registro Inspeccion Uva,Pisco,Andres Caceres,True,Perú,Pisco,EEUU,,First Inspection,1094272:42:00,TINTORERA,8,,Pass_Pasar,320,12,143,Yes / Si,141.75,12,0,,69,68,816,1,12.4,,,,,1,0.35,,,,,2444,,,,,,,,,,,29/10/2024,Pisco,Lote 4,Santa Bernardina Uva,Pisco,47.28,86987,9102,Generica
2022-2023,1/11/2024,16:26,Formulario Registro Inspeccion Uva,Pisco,Andres Caceres,False,Perú,Pisco,EEUU,,First Inspection,1094224:11:00,MERLOT,11,,Pass_Pasar,15,4,357,Yes / Si,356,4,0,,99,97.5,390,1,14.3,,,,,1,0.49,,,,,2444,,,,,,,,,,,27/10/2024,Pisco,Lote 4,Santa Bernardina Uva,Pisco,47.28,86987,9116,Generica
2022-2023,1/11/2024,14:04,Formulario Registro Inspeccion Uva,Pisco,Andres Caceres,False,Perú,Pisco,EEUU,,First Inspection,1094197:41:00,MERLOT,10,,Pass_Pasar,88,4,580,Yes / Si,577,4,0,,199,197.5,790,1,14.4,,,,,1,0.55,,,,,2444,,,,,,,,,,,26/10/2024,Pisco,Lote 4,Santa Bernardina Uva,Pisco,47.28,86987,9108,Generica
2022-2023,1/11/2024,13:35,Formulario Registro Inspeccion Uva,Pisco,Andres Caceres,True,Perú,Pisco,EEUU,,First Inspection,1094149:22:00,AIREN,10,,Pass_Pasar,42,3,578,Yes / Si,576,3,0,,226,224.5,673.5,1,12.8,,,,,1,0.46,,,,,2444,,,,,,,,,,,24/10/2024,Pisco,Lote 5,Santa Bernardina Uva,Pisco,72.27,86988,9108,Generica
2022-2023,1/11/2024,13:17,Formulario Registro Inspeccion Uva,Pisco,Andres Caceres,True,Perú,Pisco,EEUU,,First Inspection,1094172:56:00,TINTORERA,8,,Pass_Pasar,120,8,143,Yes / Si,142.125,8,0,,79,77,616,1,13.1,,,,,1,0.42,,,,,2444,,,,,,,,,,,25/10/2024,Pisco,Lote 4,Santa Bernardina Uva,Pisco,47.28,86987,9102,Generica
2022-2023,1/11/2024,12:49,Formulario Registro Inspeccion Uva,Pisco,Andres Caceres,False,Perú,Pisco,EEUU,,First Inspection,1094148:19:00,MERLOT,10,,Pass_Pasar,72,4,580,Yes / Si,579.5,4,0,,196,193,772,1,13.5,,,,,1,0.43,,,,,2444,,,,,,,,,,,24/10/2024,Pisco,Lote 4,Santa Bernardina Uva,Pisco,47.28,86987,9108,Generica
2022-2023,2/11/2024,10:53,Formulario Registro Inspeccion Uva,Pisco,Andres Caceres,True,Perú,Pisco,ASIA NORTE,,First Inspection,1094266:48:00,AIREN,11,,Pass_Pasar,100,12,143,Yes / Si,142.166667,12,0,,34,32.5,390,1,12.8,,,,,1,0.29,,,,,2444,,,,,,,,,,,29/10/2024,Pisco,Lote 3,Santa Bernardina Uva,Pisco,313.27,86986,9103,Generica
2022-2023,2/11/2024,10:44,Formulario Registro Inspeccion Uva,Pisco,Andres Caceres,True,Perú,Pisco,EEUU,,First Inspection,1094266:38:00,AIREN,11,,Pass_Pasar,100,4,0,Yes / Si,0,4,0,,112,111.5,446,1,13.4,,,,,1,0.48,,,,,2444,,,,,,,,,,,29/10/2024,Pisco,Lote 3,Santa Bernardina Uva,Pisco,313.27,86986,9108,Generica
2022-2023,2/11/2024,10:36,Formulario Registro Inspeccion Uva,Pisco,Andres Caceres,True,Perú,Pisco,EEUU,,First Inspection,1094194:24:00,MERLOT,9,,Pass_Pasar,100,3,0,Yes / Si,0,3,0,,89,89,267,1,13.8,,,,,1,0.58,,,,,2444,,,,,,,,,,,26/10/2024,Pisco,Lote 3,Santa Bernardina Uva,Pisco,313.27,86986,9108,Generica
2022-2023,2/11/2024,10:05,Formulario Registro Inspeccion Uva,Pisco,Andres Caceres,True,Perú,Pisco,ASIA NORTE,,First Inspection,1094265:57:00,AIREN,11,,Pass_Pasar,100,12,144,Yes / Si,142.5,12,0,,33,33,396,1,13.2,,,,,1,0.3,,,,,2444,,,,,,,,,,,29/10/2024,Pisco,Lote 3,Santa Bernardina Uva,Pisco,313.27,86986,9103,Generica
2022-2023,2/11/2024,9:50,Formulario Registro Inspeccion Uva,Pisco,Andres Caceres,True,Perú,Pisco,ASIA NORTE,,Second Inspection,1094296:45:00,AIREN,11,,Pass_Pasar,300,8,142,Yes / Si,141.625,8,0,,63,60.5,484,1,13.2,,,,,1,0.4,,,,,2444,,,,,,,,,,,30/10/2024,Pisco,Lote 3,Santa Bernardina Uva,Pisco,313.27,86986,9102,Generica
2022-2023,2/11/2024,9:40,Formulario Registro Inspeccion Uva,Pisco,Andres Caceres,False,Perú,Pisco,EEUU,,First Inspection,1094265:32:00,AIREN,11,,Pass_Pasar,300,8,142,Yes / Si,141.5,8,0,,63,59,472,1,12.8,,,,,1,0.46,,,,,2444,,,,,,,,,,,29/10/2024,Pisco,Lote 20,Agricultores Unidos,Pisco,344.98,87003,9102,Generica
2022-2023,2/11/2024,9:27,Formulario Registro Inspeccion Uva,Pisco,Andres Caceres,True,Perú,Pisco,EEUU,,First Inspection,1094241:15:00,AIREN,12,,Pass_Pasar,120,6,357,Yes / Si,355.666667,6,0,,126,126,756,1,13.5,,,,,1,0.34,,,,,2444,,,,,,,,,,,28/10/2024,Pisco,Lote 3,Santa Bernardina Uva,Pisco,313.27,86986,9116,Generica
2022-2023,4/11/2024,16:56,Formulario Registro Inspeccion Uva,Ica,Guadalupe,True,Perú,Ica,EEUU,,First Inspection,1094416:22:00,TINTORERA,7,,Pass_Pasar,70,8,345,Yes / Si,344,8,0,,183,172,1376,1,12.7,,,,,1,0.23,,,,,2445,,,,,,,,,,,4/11/2024,Ica,Lote 35,Agricultores del Sol,Ica,129.08,87018,9108,Generica
2022-2023,5/11/2024,18:23,Formulario Registro Inspeccion Uva,Ica,Guadalupe,False,Perú,Ica,ASIA CENTRO,Yes / Si,First Inspection,1094414:25:00,VERDEJO,6,Singapur,Pass_Pasar,390,16,146,Yes / Si,144.3125,16,0,,35,34,544,1,11.5,,,,,1,0.96,,,,,2445,,,,,,,,,,,4/11/2024,Ica,Lote 15,Agricultores Unidos,Ica,62.09,86998,9099,Generica
2022-2023,5/11/2024,16:22,Formulario Registro Inspeccion Uva,Pisco,Andres Caceres,True,Perú,Pisco,ASIA NORTE,,First Inspection,1094320:13:00,TINTORERA,8,,Pass_Pasar,390,12,143,Yes / Si,142.333333,12,0,,72,70,840,1,12.5,,,,,1,0.24,,,,,2445,,,,,,,,,,,31/10/2024,Pisco,Lote 4,Santa Bernardina Uva,Pisco,47.28,86987,9102,Generica
2022-2023,5/11/2024,15:47,Formulario Registro Inspeccion Uva,Pisco,Andres Caceres,False,Perú,Pisco,EEUU,,First Inspection,1094319:31:00,MERLOT,11,,Pass_Pasar,34,3,578,Yes / Si,575,3,0,,133,131,393,1,13.8,,,,,1,0.6,,,,,2445,,,,,,,,,,,31/10/2024,Pisco,Lote 4,Santa Bernardina Uva,Pisco,47.28,86987,9111,Generica
2022-2023,5/11/2024,15:26,Formulario Registro Inspeccion Uva,Pisco,Andres Caceres,False,Perú,Pisco,EEUU,,First Inspection,1094271:11:00,MERLOT,11,,Pass_Pasar,184,3,356,Yes / Si,354.666667,3,0,,94,91,273,1,14.5,,,,,1,0.52,,,,,2445,,,,,,,,,,,29/10/2024,Pisco,Lote 4,Santa Bernardina Uva,Pisco,47.28,86987,9116,Generica
2022-2023,5/11/2024,15:05,Formulario Registro Inspeccion Uva,Pisco,Andres Caceres,False,Perú,Pisco,EEUU,,First Inspection,1094289:03:00,AIREN,11,,Pass_Pasar,152,5,356,Yes / Si,355.4,5,0,,126,122.5,612.5,1,14.2,,,,,1,0.39,,,,,2445,,,,,,,,,,,30/10/2024,Pisco,Lote 5,Santa Bernardina Uva,Pisco,72.27,86988,9116,Generica
2022-2023,6/11/2024,22:53,Formulario Registro Inspeccion Uva,Ica,Gloria A.,True,Perú,Ica,EUROPA,Yes / Si,First Inspection,1094414:41:00,VERDEJO,6,Arabia Saudita,Pass_Pasar,390,16,147,Yes / Si,143.9375,16,0,,54,50,800,1,12.2,,,,,1,1.02,,,,,2445,,,,,,,,,,,4/11/2024,Ica,Lote 15,Agricultores Unidos,Ica,62.09,86998,9092,Generica
2022-2023,6/11/2024,18:41,Formulario Registro Inspeccion Uva,Ica,Guadalupe,True,Perú,Ica,EEUU,,First Inspection,1094432:41:00,AIREN,12,,Pass_Pasar,51,2,579,Yes / Si,578.5,2,0,,429,429,858,1,12.1,,,,,1,0.54,,,,,2445,,,,,,,,,,,5/11/2024,Ica,Lote 37,Tierra Linda,Ica,31.63,87020,9111,Generica
2022-2023,6/11/2024,18:35,Formulario Registro Inspeccion Uva,Ica,Guadalupe,True,Perú,Ica,EEUU,,First Inspection,1094432:15:00,AIREN,12,,Pass_Pasar,200,6,355,No,,,,,155,151.5,909,2,12.4,13.6,,,,2,0.39,0.27,,,,2445,,,,,,,,,,,5/11/2024,Ica,Lote 37,Tierra Linda,Ica,31.63,87020,9116,Generica
2022-2023,6/11/2024,18:33,Formulario Registro Inspeccion Uva,Ica,Guadalupe,True,Perú,Ica,EEUU,,First Inspection,1094431:37:00,AIREN,12,,Pass_Pasar,127,7,360,No,,,,,150,147.5,1032.5,2,12.2,14.8,,,,2,0.51,0.49,,,,2445,,,,,,,,,,,5/11/2024,Ica,Lote 37,Tierra Linda,Ica,31.63,87020,9116,Generica
2022-2023,7/11/2024,23:11,Formulario Registro Inspeccion Uva,Ica,Gloria A.,True,Perú,Ica,ASIA NORTE,,First Inspection,1094488:06:00,VERDEJO,7,,Pass_Pasar,210,8,143.5,No,,,,,60,59.5,476,1,12.1,,,,,1,0.56,,,,,2445,,,,,,,,,,,7/11/2024,Ica,Lote 35,Agricultores del Sol,Ica,129.08,87018,9102,Generica
2022-2023,7/11/2024,23:07,Formulario Registro Inspeccion Uva,Ica,Gloria A.,False,Perú,Ica,EEUU,,First Inspection,1094488:34:00,AIREN,10,,Pass_Pasar,120,7,360,Yes / Si,358.785714,7,0,,151,150,1050,2,15,15.1,,,,2,0.35,0.71,,,,2445,,,,,,,,,,,7/11/2024,Ica,Lote 35,Agricultores del Sol,Ica,129.08,87018,9116,Generica
2022-2023,7/11/2024,16:31,Formulario Registro Inspeccion Uva,Pisco,Andres Caceres,False,Perú,Pisco,EEUU,,First Inspection,1094416:26:00,AIREN,10,,Fail_Fallar,44,,,,,,,,,,,,,,,,,,,,,,,2445,,,,,,,,,,,4/11/2024,Pisco,Lote 5,Santa Bernardina Uva,Pisco,72.27,86988,9116,Generica
2022-2023,7/11/2024,16:01,Formulario Registro Inspeccion Uva,Ica,Guadalupe,True,Perú,Ica,EEUU,,First Inspection,1094487:38:00,TINTORERA,7,,Pass_Pasar,110,4,590.5,Yes / Si,590.125,4,0,,271,271,1084,1,14,,,,,1,0.22,,,,,2445,,,,,,,,,,,7/11/2024,Ica,Lote 36,Agricultores del Sol,Ica,66.17,87019,9111,Generica
2022-2023,7/11/2024,14:25,Formulario Registro Inspeccion Uva,Ica,Gloria A.,True,Perú,Ica,EEUU,,First Inspection,1094458:36:00,MERLOT,15.6,,Pass_Pasar,204,10,354,Yes / Si,343.4,10,0,,112,110.5,1105,1,15.8,,,,,1,0.45,,,,,2445,,,,,,,,,,,6/11/2024,Ica,Lote 24,Andenes de Andrea,Ica,151.43,87007,9108,Generica
2022-2023,7/11/2024,12:50,Formulario Registro Inspeccion Uva,Ica,Guadalupe,True,Perú,Ica,EEUU,,First Inspection,1094456:33:00,AIREN,12,,Pass_Pasar,110,4,580,Yes / Si,577.75,4,0,,429,400.5,1602,1,13.4,,,,,1,0.45,,,,,2445,,,,,,,,,,,6/11/2024,Ica,Lote 37,Tierra Linda,Ica,31.63,87020,9111,Generica
2022-2023,7/11/2024,12:47,Formulario Registro Inspeccion Uva,Ica,Guadalupe,True,Perú,Ica,EEUU,,First Inspection,1094455:39:00,AIREN,12,,Pass_Pasar,276,10,357,Yes / Si,354.4,10,0,,152,144.5,1445,2,12.6,13.4,,,,2,0.29,0.27,,,,2445,,,,,,,,,,,6/11/2024,Ica,Lote 37,Tierra Linda,Ica,31.63,87020,9116,Generica
2022-2023,8/11/2024,19:28,Formulario Registro Inspeccion Uva,Ica,Guadalupe,False,Perú,Ica,EUROPA,No,First Inspection,1094491:24:00,TINTORERA,5.7,,Pass_Pasar,120,5,340,Yes / Si,337.8,5,0,,291,291,1455,1,13.1,,,,,1,0.44,,,,,2445,,,,,,,,,,,7/11/2024,Ica,Lote 12,Agricultores Unidos,Ica,152.84,86995,9093,Generica
2022-2023,8/11/2024,19:19,Formulario Registro Inspeccion Uva,Ica,Guadalupe,True,Perú,Ica,EUROPA,No,First Inspection,1094482:42:00,AIREN,7,,Pass_Pasar,390,16,146,Yes / Si,143.5,12,0,,55,53.5,856,2,13,13.4,,,,2,0.62,0.59,,,,2445,,,,,,,,,,,7/11/2024,Ica,Lote 17,Agricultores Unidos,Ica,54.61,87000,9096,Generica
2022-2023,8/11/2024,19:15,Formulario Registro Inspeccion Uva,Ica,Guadalupe,True,Perú,Ica,EUROPA,No,First Inspection,1094482:03:00,AIREN,7,,Pass_Pasar,390,16,149,Yes / Si,144.375,12,0,,53,51,816,2,13.6,13.4,,,,2,0.49,0.44,,,,2445,,,,,,,,,,,7/11/2024,Ica,Lote 17,Agricultores Unidos,Ica,54.61,87000,9096,Generica
2022-2023,8/11/2024,18:46,Formulario Registro Inspeccion Uva,Ica,Guadalupe,True,Perú,Ica,EEUU,,First Inspection,1094490:23:00,AIREN,9,,Pass_Pasar,50,2,576,Yes / Si,575.5,2,0,,385,385,770,1,12.9,,,,,1,0.43,,,,,2445,,,,,,,,,,,7/11/2024,Ica,Lote 37,Tierra Linda,Ica,31.63,87020,9111,Generica
2022-2023,8/11/2024,18:22,Formulario Registro Inspeccion Uva,Ica,Guadalupe,True,Perú,Ica,EEUU,,First Inspection,1094490:13:00,MERLOT,9,,Pass_Pasar,4,1,579,Yes / Si,579,1,0,,176,176,176,1,13,,,,,1,0.79,,,,,2445,,,,,,,,,,,7/11/2024,Ica,Lote 37,Tierra Linda,Ica,31.63,87020,9111,Generica
2022-2023,8/11/2024,18:12,Formulario Registro Inspeccion Uva,Ica,Guadalupe,True,Perú,Ica,EEUU,,First Inspection,1094481:15:00,MERLOT,9,,Pass_Pasar,110,4,585,Yes / Si,581,4,0,,208,208,832,1,13.4,,,,,1,0.5,,,,,2445,,,,,,,,,,,7/11/2024,Ica,Lote 37,Tierra Linda,Ica,31.63,87020,9111,Generica
2022-2023,8/11/2024,18:09,Formulario Registro Inspeccion Uva,Ica,Guadalupe,True,Perú,Ica,EEUU,,First Inspection,1094480:38:00,AIREN,9,,Pass_Pasar,192,6,365,Yes / Si,358.833333,6,0,,155,152,912,2,13.2,13.1,,,,2,0.44,0.32,,,,2445,,,,,,,,,,,7/11/2024,Ica,Lote 37,Tierra Linda,Ica,31.63,87020,9116,Generica
2022-2023,8/11/2024,18:05,Formulario Registro Inspeccion Uva,Ica,Guadalupe,True,Perú,Ica,EEUU,,First Inspection,1094481:28:00,MERLOT,9,,Pass_Pasar,70,3,356,Yes / Si,355.666667,3,0,,105,104,312,2,14.6,15,,,,2,0.43,0.6,,,,2445,,,,,,,,,,,7/11/2024,Ica,Lote 37,Tierra Linda,Ica,31.63,87020,9116,Generica
2022-2023,9/11/2024,23:36,Formulario Registro Inspeccion Uva,Pisco,Andres Caceres,True,Perú,Pisco,EEUU,,First Inspection,1094482:29:00,AIREN,10,,Pass_Pasar,80,6,359,Yes / Si,358.5,6,0,,137,129.5,777,1,12.7,,,,,1,0.47,,,,,2445,,,,,,,,,,,7/11/2024,Pisco,Lote 10,Eden del Norte,Pisco,76.26,86993,9116,Generica
2022-2023,9/11/2024,23:26,Formulario Registro Inspeccion Uva,Pisco,Andres Caceres,True,Perú,Pisco,EEUU,,First Inspection,1094440:39:00,MERLOT,11,,Pass_Pasar,77,4,354,Yes / Si,353.75,4,0,,110,107,428,1,13.8,,,,,1,0.47,,,,,2445,,,,,,,,,,,5/11/2024,Pisco,Lote 4,Santa Bernardina Uva,Pisco,47.28,86987,9116,Generica
2022-2023,10/11/2024,20:19,Formulario Registro Inspeccion Uva,Ica,Gloria A.,False,Perú,Ica,EEUU,,First Inspection,1094411:48:00,PINOT,9,,Pass_Pasar,204,5,351,Yes / Si,344,0,0,,149,148,740,1,16.5,,,,,1,0.46,,,,,2445,,,,,,,,,,,4/11/2024,Ica,Lote 6,Uvas del Sabor,Ica,215.56,86989,9110,Organica
2022-2023,12/11/2024,21:00,Formulario Registro Inspeccion Uva,Ica,Guadalupe,True,Perú,Ica,EUROPA,No,First Inspection,1094585:26:00,VERDEJO,7,,Pass_Pasar,390,16,152,Yes / Si,145.8125,16,0,,44,42.5,680,1,10.8,,,,,1,0.87,,,,,2446,,,,,,,,,,,11/11/2024,Pisco,Lote 20,Agricultores Unidos,Pisco,344.98,87003,9092,Generica
2022-2023,12/11/2024,20:57,Formulario Registro Inspeccion Uva,Ica,Guadalupe,True,Perú,Ica,ASIA CENTRO,No,First Inspection,1094584:45:00,VERDEJO,7,,Pass_Pasar,390,16,152,Yes / Si,145.5,16,0,,38,37,592,1,11.7,,,,,1,0.71,,,,,2446,,,,,,,,,,,11/11/2024,Pisco,Lote 20,Agricultores Unidos,Pisco,344.98,87003,9099,Generica
2022-2023,12/11/2024,20:41,Formulario Registro Inspeccion Uva,Ica,Guadalupe,True,Perú,Ica,EEUU,,First Inspection,1094588:38:00,AIREN,10,,Pass_Pasar,276,10,367,Yes / Si,358.5,10,0,,131,125,1250,2,13.6,12.9,,,,2,0.25,0.36,,,,2446,,,,,,,,,,,11/11/2024,Pisco,Lote 20,Agricultores Unidos,Pisco,344.98,87003,9116,Generica
2022-2023,12/11/2024,20:34,Formulario Registro Inspeccion Uva,Ica,Guadalupe,True,Perú,Ica,EEUU,,First Inspection,1094582:46:00,AIREN,10,,Pass_Pasar,276,10,361,Yes / Si,357.2,10,0,,125,123.5,1235,2,12.7,13.3,,,,2,0.2,0.37,,,,2446,,,,,,,,,,,11/11/2024,Pisco,Lote 20,Agricultores Unidos,Pisco,344.98,87003,9116,Generica
2022-2023,13/11/2024,23:09,Formulario Registro Inspeccion Uva,Ica,Gloria A.,True,Perú,Ica,EEUU,,First Inspection,1094631:35:00,AIREN,10,,Pass_Pasar,200,6,360,Yes / Si,359.083333,6,0,,148,146.5,879,2,15.2,13.7,,,,2,0.4,0.59,,,,2446,,,,,,,,,,,13/11/2024,Ica,Lote 35,Agricultores del Sol,Ica,129.08,87018,9116,Generica
2022-2023,13/11/2024,23:04,Formulario Registro Inspeccion Uva,Ica,Gloria A.,True,Perú,Ica,ASIA NORTE,,First Inspection,1094630:53:00,PINOT,7,,Pass_Pasar,350,14,144,Yes / Si,143,14,0,,58,57,798,1,14.9,,,,,1,0.54,,,,,2446,,,,,,,,,,,13/11/2024,Ica,Lote 34,Agricultores del Sol,Ica,249.17,87017,9102,Generica
2022-2023,13/11/2024,21:30,Formulario Registro Inspeccion Uva,Ica,Guadalupe,True,Perú,Ica,EEUU,,First Inspection,1094583:27:00,AIREN,13,,Pass_Pasar,204,10,355,Yes / Si,350.9,9,0,,117,113.5,1135,2,13.7,13.3,,,,2,0.53,0.36,,,,2446,,,,,,,,,,,11/11/2024,Ica,Lote 26,Andenes de Andrea,Ica,84.47,87009,9120,Generica
2022-2023,13/11/2024,21:23,Formulario Registro Inspeccion Uva,Ica,Guadalupe,True,Perú,Ica,EEUU,,First Inspection,1094582:28:00,AIREN,13,,Pass_Pasar,204,10,354,Yes / Si,350,9,0,,126,122.5,1225,2,12.5,12.9,,,,2,0.51,0.48,,,,2446,,,,,,,,,,,11/11/2024,Ica,Lote 26,Andenes de Andrea,Ica,84.47,87009,9120,Generica
2022-2023,13/11/2024,9:40,Formulario Registro Inspeccion Uva,Ica,Guadalupe,True,Perú,Ica,EEUU,,First Inspection,1094600:07:00,AIREN,9,,Pass_Pasar,59,3,577,Yes / Si,575.666667,3,0,,401,401,1203,1,12.2,,,,,1,0.56,,,,,2446,,,,,,,,,,,12/11/2024,Ica,Lote 37,Tierra Linda,Ica,31.63,87020,9111,Generica
2022-2023,13/11/2024,9:30,Formulario Registro Inspeccion Uva,Ica,Guadalupe,True,Perú,Ica,EEUU,,First Inspection,1094599:32:00,AIREN,9,,Pass_Pasar,276,10,358,Yes / Si,356.3,10,0,,139,137.5,1375,2,12,13.4,,,,2,0.32,0.31,,,,2446,,,,,,,,,,,12/11/2024,Ica,Lote 37,Tierra Linda,Ica,31.63,87020,9116,Generica
2022-2023,14/11/2024,23:41,Formulario Registro Inspeccion Uva,Pisco,Andres Caceres,True,Perú,Pisco,EEUU,,First Inspection,1094651:38:00,AIREN,10,,Pass_Pasar,88,4,359,Yes / Si,358.25,4,0,,125,119.5,478,1,13.6,,,,,1,0.48,,,,,2446,,,,,,,,,,,14/11/2024,Pisco,Lote 10,Eden del Norte,Pisco,76.26,86993,9116,Generica
2022-2023,14/11/2024,23:37,Formulario Registro Inspeccion Uva,Pisco,Andres Caceres,True,Perú,Pisco,EEUU,,First Inspection,1094651:33:00,AIREN,10,,Pass_Pasar,80,4,359,Yes / Si,358.75,4,0,,130,124,496,1,14.1,,,,,1,0.39,,,,,2446,,,,,,,,,,,14/11/2024,Pisco,Lote 10,Eden del Norte,Pisco,76.26,86993,9116,Generica
2022-2023,14/11/2024,23:30,Formulario Registro Inspeccion Uva,Pisco,Andres Caceres,True,Perú,Pisco,EEUU,,First Inspection,1094651:26:00,AIREN,10,,Pass_Pasar,116,6,359,Yes / Si,358.333333,6,0,,129,126,756,1,13.8,,,,,1,0.44,,,,,2446,,,,,,,,,,,14/11/2024,Pisco,Lote 10,Eden del Norte,Pisco,76.26,86993,9116,Generica
2022-2023,14/11/2024,20:12,Formulario Registro Inspeccion Uva,Ica,Guadalupe,True,Perú,Ica,EEUU,,First Inspection,1094579:24:00,MERLOT,12.4,,Pass_Pasar,204,10,358,Yes / Si,351.3,9,0,,148,135,1350,2,15.2,14.3,,,,2,0.54,0.57,,,,2446,,,,,,,,,,,11/11/2024,Ica,Lote 24,Andenes de Andrea,Ica,151.43,87007,9120,Generica
2022-2023,14/11/2024,20:05,Formulario Registro Inspeccion Uva,Ica,Guadalupe,True,Perú,Ica,EEUU,,First Inspection,1094577:31:00,MERLOT,12.4,,Pass_Pasar,204,10,351,Yes / Si,348.2,9,0,,124,123,1230,2,15.1,15.2,,,,2,0.45,0.56,,,,2446,,,,,,,,,,,11/11/2024,Ica,Lote 24,Andenes de Andrea,Ica,151.43,87007,9120,Generica
2022-2023,14/11/2024,20:03,Formulario Registro Inspeccion Uva,Ica,Guadalupe,True,Perú,Ica,EEUU,,First Inspection,1094624:30:00,AIREN,7,,Pass_Pasar,31,2,578,Yes / Si,576.5,2,0,,380,380,760,1,12.6,,,,,1,0.8,,,,,2446,,,,,,,,,,,13/11/2024,Ica,Lote 37,Tierra Linda,Ica,31.63,87020,9111,Generica
2022-2023,14/11/2024,20:01,Formulario Registro Inspeccion Uva,Ica,Guadalupe,True,Perú,Ica,EEUU,,First Inspection,1094623:31:00,AIREN,7,,Pass_Pasar,276,10,360,Yes / Si,356.6,10,0,,143,135,1350,2,13.1,13.2,,,,2,0.63,0.47,,,,2446,,,,,,,,,,,13/11/2024,Ica,Lote 37,Tierra Linda,Ica,31.63,87020,9116,Generica
2022-2023,15/11/2024,23:59,Formulario Registro Inspeccion Uva,Pisco,Andres Caceres,False,Perú,Pisco,ASIA NORTE,,First Inspection,1094601:55:00,MERLOT,12,,Fail_Fallar,300,16,149,Yes / Si,140,9,7,127,,,,,,,,,,,,,,,,2446,,,,,,,,,,,12/11/2024,Pisco,Lote 3,Santa Bernardina Uva,Pisco,313.27,86986,9103,Generica
2022-2023,15/11/2024,11:45,Formulario Registro Inspeccion Uva,Ica,Gloria A.,True,Perú,Ica,EEUU,,First Inspection,1094602:13:00,AIREN,8,,Pass_Pasar,204,5,346,No,,,,,162,160,800,1,14.1,,,,,1,0.59,,,,,2446,,,,,,,,,,,12/11/2024,Ica,Lote 6,Uvas del Sabor,Ica,215.56,86989,9110,Organica
2022-2023,15/11/2024,11:40,Formulario Registro Inspeccion Uva,Ica,Gloria A.,False,Perú,Ica,EEUU,,First Inspection,1094530:45:00,PINOT,,,Pass_Pasar,204,5,345,Yes / Si,343,0,0,,142,140.5,702.5,1,14.8,,,,,1,0.51,,,,,2446,,,,,,,,,,,9/11/2024,Ica,Lote 6,Uvas del Sabor,Ica,215.56,86989,9110,Organica
2022-2023,15/11/2024,1:13,Formulario Registro Inspeccion Uva,Pisco,Andres Caceres,True,Perú,Pisco,EEUU,,First Inspection,1094650:09:00,AIREN,10,,Pass_Pasar,116,6,359,Yes / Si,358.5,6,0,,128,123.5,741,1,13.4,,,,,1,0.42,,,,,2446,,,,,,,,,,,14/11/2024,Pisco,Lote 10,Eden del Norte,Pisco,76.26,86993,9116,Generica
2022-2023,15/11/2024,1:02,Formulario Registro Inspeccion Uva,Pisco,Andres Caceres,True,Perú,Pisco,ASIA NORTE,,First Inspection,1094507:53:00,TINTORERA,9,,Pass_Pasar,260,12,145,Yes / Si,142.583333,12,0,,52,50,600,1,12.6,,,,,1,0.45,,,,,2446,,,,,,,,,,,8/11/2024,Pisco,Lote 4,Santa Bernardina Uva,Pisco,47.28,86987,9099,Generica
2022-2023,15/11/2024,0:52,Formulario Registro Inspeccion Uva,Pisco,Andres Caceres,True,Perú,Pisco,EEUU,,First Inspection,1094531:44:00,TINTORERA,9,,Pass_Pasar,200,6,0,Yes / Si,0,6,0,,202,200,1200,1,12.6,,,,,1,0.28,,,,,2446,,,,,,,,,,,9/11/2024,Pisco,Lote 4,Santa Bernardina Uva,Pisco,47.28,86987,9108,Generica
2022-2023,15/11/2024,0:35,Formulario Registro Inspeccion Uva,Pisco,Andres Caceres,True,Perú,Pisco,EEUU,,First Inspection,1094603:59:00,AIREN,12,,Pass_Pasar,204,3,0,Yes / Si,0,3,0,,164,157,471,1,12.3,,,,,1,0.53,,,,,2446,,,,,,,,,,,12/11/2024,Pisco,Lote 3,Santa Bernardina Uva,Pisco,313.27,86986,9108,Generica
2022-2023,15/11/2024,0:16,Formulario Registro Inspeccion Uva,Pisco,Andres Caceres,True,Perú,Pisco,EEUU,,First Inspection,1094603:11:00,MERLOT,11,,Pass_Pasar,60,4,575,Yes / Si,574,4,0,,206,202.5,810,1,12.6,,,,,1,0.58,,,,,2446,,,,,,,,,,,12/11/2024,Pisco,Lote 4,Santa Bernardina Uva,Pisco,47.28,86987,9111,Generica
2022-2023,15/11/2024,0:00,Formulario Registro Inspeccion Uva,Pisco,Andres Caceres,True,Perú,Pisco,EEUU,,First Inspection,1094603:52:00,MERLOT,11,,Pass_Pasar,65,8,356,Yes / Si,353.375,8,0,,106,103,824,1,13.5,,,,,1,0.4,,,,,2446,,,,,,,,,,,12/11/2024,Pisco,Lote 4,Santa Bernardina Uva,Pisco,47.28,86987,9116,Generica
2022-2023,19/11/2024,23:45,Formulario Registro Inspeccion Uva,Ica,Guadalupe,True,Perú,Ica,EUROPA,No,First Inspection,1094752:18:00,VERDEJO,6,,Pass_Pasar,150,10,146,No,,,,,38,36,360,1,11.6,,,,,1,0.75,,,,,2447,,,,,,,,,,,18/11/2024,Pisco,Lote 20,Agricultores Unidos,Pisco,344.98,87003,9092,Generica
2022-2023,19/11/2024,23:43,Formulario Registro Inspeccion Uva,Ica,Guadalupe,True,Perú,Ica,EEUU,,First Inspection,1094751:48:00,AIREN,7,,Pass_Pasar,110,4,587,Yes / Si,584.25,0,0,,179,179,716,2,12.3,13.4,,,,2,0.53,0.36,,,,2447,,,,,,,,,,,18/11/2024,Pisco,Lote 20,Agricultores Unidos,Pisco,344.98,87003,9118,Generica
2022-2023,19/11/2024,23:40,Formulario Registro Inspeccion Uva,Ica,Guadalupe,True,Perú,Ica,EUROPA,No,First Inspection,1094751:22:00,VERDEJO,6,,Pass_Pasar,390,16,148,Yes / Si,144.4375,16,0,,39,37.5,600,1,11.1,,,,,1,0.81,,,,,2447,,,,,,,,,,,18/11/2024,Pisco,Lote 20,Agricultores Unidos,Pisco,344.98,87003,9092,Generica
2022-2023,19/11/2024,23:38,Formulario Registro Inspeccion Uva,Ica,Guadalupe,True,Perú,Ica,EEUU,,First Inspection,1094751:12:00,AIREN,7,,Pass_Pasar,110,7,584,No,,,,,179,179,1253,2,13.7,13.7,,,,2,0.52,0.54,,,,2447,,,,,,,,,,,18/11/2024,Ica,Lote 17,Agricultores Unidos,Ica,54.61,87000,9118,Generica
2022-2023,20/11/2024,9:30,Formulario Registro Inspeccion Uva,Ica,Guadalupe,True,Perú,Ica,EEUU,,First Inspection,1094767:25:00,AIREN,7,,Pass_Pasar,80,3,579,No,,,,,260,260,780,1,13,,,,,1,0.64,,,,,2447,,,,,,,,,,,19/11/2024,Ica,Lote 37,Tierra Linda,Ica,31.63,87020,9111,Generica
2022-2023,20/11/2024,9:24,Formulario Registro Inspeccion Uva,Ica,Guadalupe,True,Perú,Ica,EEUU,,First Inspection,1094767:48:00,AIREN,7,,Pass_Pasar,110,4,577,Yes / Si,575.75,4,0,,241,241,964,1,13.6,,,,,1,0.71,,,,,2447,,,,,,,,,,,19/11/2024,Ica,Lote 37,Tierra Linda,Ica,31.63,87020,9111,Generica
2022-2023,21/11/2024,22:44,Formulario Registro Inspeccion Uva,Ica,Guadalupe,False,Perú,Ica,EEUU,,First Inspection,1094795:19:00,MERLOT,13.4,,Pass_Pasar,204,8,352,Yes / Si,349.375,7,0,,107,105.5,844,2,16.3,16.3,,,,2,0.45,0.59,,,,2447,,,,,,,,,,,20/11/2024,Ica,Lote 24,Andenes de Andrea,Ica,151.43,87007,9120,Generica
2022-2023,21/11/2024,22:43,Formulario Registro Inspeccion Uva,Ica,Guadalupe,True,Perú,Ica,EEUU,,First Inspection,1094794:15:00,MERLOT,13.1,,Pass_Pasar,204,10,359,Yes / Si,350.1,9,0,,107,105.5,1055,2,16.1,15.9,,,,2,0.57,0.58,,,,2447,,,,,,,,,,,20/11/2024,Ica,Lote 24,Andenes de Andrea,Ica,151.43,87007,9120,Generica
2022-2023,21/11/2024,20:47,Formulario Registro Inspeccion Uva,Pisco,Andres Caceres,True,Perú,Pisco,EEUU,,First Inspection,1094612:42:00,PINOT,9,,Pass_Pasar,20,2,577,Yes / Si,576.5,2,0,,245,242.5,485,1,12.8,,,,,1,0.7,,,,,2447,,,,,,,,,,,12/11/2024,Pisco,Lote 4,Santa Bernardina Uva,Pisco,47.28,86987,9111,Generica
2022-2023,21/11/2024,20:39,Formulario Registro Inspeccion Uva,Pisco,Andres Caceres,False,Perú,Pisco,EEUU,,First Inspection,1094797:24:00,AIREN,10,,Pass_Pasar,180,6,357,Yes / Si,355.666667,6,0,,106,104,624,1,12.4,,,,,1,0.31,,,,,2447,,,,,,,,,,,20/11/2024,Pisco,Lote 3,Santa Bernardina Uva,Pisco,313.27,86986,9116,Generica
2022-2023,21/11/2024,20:33,Formulario Registro Inspeccion Uva,Pisco,Andres Caceres,True,Perú,Pisco,EEUU,,First Inspection,1094656:45:00,MERLOT,11,,Pass_Pasar,24,6,354,Yes / Si,353.333333,6,0,,116,111,666,1,13.8,,,,,1,0.43,,,,,2447,,,,,,,,,,,14/11/2024,Pisco,Lote 4,Santa Bernardina Uva,Pisco,47.28,86987,9116,Generica
2022-2023,21/11/2024,20:29,Formulario Registro Inspeccion Uva,Pisco,Andres Caceres,False,Perú,Pisco,EEUU,,Second Inspection,1094796:02:00,AIREN,10,,Pass_Pasar,120,5,356,Yes / Si,353.8,5,0,,126,118,590,1,12.4,,,,,1,0.33,,,,,2447,,,,,,,,,,,20/11/2024,Pisco,Lote 3,Santa Bernardina Uva,Pisco,313.27,86986,9116,Generica
2022-2023,21/11/2024,17:38,Formulario Registro Inspeccion Uva,Pisco,Andres Caceres,True,Perú,Pisco,EEUU,,First Inspection,1094628:33:00,TINTORERA,9,,Pass_Pasar,64,2,573,Yes / Si,572.5,2,0,,362,343,686,1,12.5,,,,,1,0.46,,,,,2447,,,,,,,,,,,13/11/2024,Pisco,Lote 4,Santa Bernardina Uva,Pisco,47.28,86987,9111,Generica
2022-2023,21/11/2024,17:17,Formulario Registro Inspeccion Uva,Pisco,Andres Caceres,True,Perú,Pisco,EEUU,,First Inspection,1094461:12:00,MERLOT,10,,Pass_Pasar,45,3,354,Yes / Si,353,3,0,,107,106,318,1,14.2,,,,,1,0.44,,,,,2447,,,,,,,,,,,6/11/2024,Pisco,Lote 4,Santa Bernardina Uva,Pisco,47.28,86987,9116,Generica
2022-2023,21/11/2024,17:09,Formulario Registro Inspeccion Uva,Pisco,Andres Caceres,True,Perú,Pisco,EEUU,,First Inspection,1094649:09:00,VERDEJO,9,,Pass_Pasar,204,5,0,Yes / Si,0,5,0,,93,97.5,487.5,1,12.1,,,,,1,0.62,,,,,2447,,,,,,,,,,,14/11/2024,Pisco,Lote 4,Santa Bernardina Uva,Pisco,47.28,86987,9108,Generica
2022-2023,21/11/2024,17:03,Formulario Registro Inspeccion Uva,Pisco,Andres Caceres,True,Perú,Pisco,EEUU,,First Inspection,1094632:59:00,TINTORERA,9,,Pass_Pasar,25,3,0,Yes / Si,0,3,0,,178,173.5,520.5,1,11.9,,,,,1,0.4,,,,,2447,,,,,,,,,,,13/11/2024,Pisco,Lote 4,Santa Bernardina Uva,Pisco,47.28,86987,9108,Generica
2022-2023,21/11/2024,16:23,Formulario Registro Inspeccion Uva,Ica,Guadalupe,True,Perú,Ica,EEUU,,First Inspection,1094823:42:00,MERLOT,10,,Pass_Pasar,20,4,359,No,,,,,104,104,416,3,13,12.8,13.6,,,3,0.4,0.61,0.33,,,2447,,,,,,,,,,,21/11/2024,Ica,Lote 34,Agricultores del Sol,Ica,249.17,87017,9116,Generica
2022-2023,21/11/2024,16:23,Formulario Registro Inspeccion Uva,Pisco,Andres Caceres,True,Perú,Pisco,EEUU,,First Inspection,1094794:29:00,AIREN,10,,Pass_Pasar,200,8,356,Yes / Si,353.875,8,0,,119,116,928,1,12.8,,,,,1,0.28,,,,,2447,,,,,,,,,,,20/11/2024,Pisco,Lote 3,Santa Bernardina Uva,Pisco,313.27,86986,9116,Generica
2022-2023,21/11/2024,15:41,Formulario Registro Inspeccion Uva,Ica,Guadalupe,True,Perú,Ica,ASIA NORTE,,First Inspection,1094823:07:00,PINOT,7,,Pass_Pasar,50,9,142.5,No,,,,,57,55.5,499.5,1,14.6,,,,,1,0.69,,,,,2447,,,,,,,,,,,21/11/2024,Ica,Lote 34,Agricultores del Sol,Ica,249.17,87017,9102,Generica
2022-2023,21/11/2024,15:02,Formulario Registro Inspeccion Uva,Pisco,Andres Caceres,True,Perú,Pisco,EEUU,,First Inspection,1094818:57:00,AIREN,10,,Pass_Pasar,72,6,359,Yes / Si,358.666667,6,0,,126,119,714,2,12.9,12.9,,,,2,0.35,0.45,,,,2447,,,,,,,,,,,21/11/2024,Pisco,Lote 10,Eden del Norte,Pisco,76.26,86993,9116,Generica
2022-2023,22/11/2024,20:14,Formulario Registro Inspeccion Uva,Pisco,Andres Caceres,True,Perú,Pisco,EEUU,,First Inspection,1094780:01:00,AIREN,10,,Pass_Pasar,110,3,583,Yes / Si,581,0,0,,226,222,666,1,13.2,,,,,1,0.33,,,,,2447,,,,,,,,,,,19/11/2024,Pisco,Lote 5,Santa Bernardina Uva,Pisco,72.27,86988,9118,Generica
2022-2023,22/11/2024,18:21,Formulario Registro Inspeccion Uva,Ica,Guadalupe,True,Perú,Ica,EEUU,,First Inspection,1094821:37:00,AIREN,7,,Pass_Pasar,204,8,341,Yes / Si,335,8,0,,122,118,944,1,12.9,,,,,1,0.51,,,,,2447,,,,,,,,,,,21/11/2024,Ica,Lote 37,Tierra Linda,Ica,31.63,87020,9108,Generica
2022-2023,22/11/2024,18:17,Formulario Registro Inspeccion Uva,Ica,Guadalupe,True,Perú,Ica,EEUU,,First Inspection,1094821:32:00,MERLOT,7,,Pass_Pasar,204,7,349,No,,,,,112,112,784,1,13.5,,,,,1,0.55,,,,,2447,,,,,,,,,,,21/11/2024,Ica,Lote 37,Tierra Linda,Ica,31.63,87020,9108,Generica
2022-2023,22/11/2024,18:12,Formulario Registro Inspeccion Uva,Ica,Guadalupe,False,Perú,Ica,EUROPA,No,First Inspection,1094819:23:00,TINTORERA,7,,Pass_Pasar,204,6,338,Yes / Si,336.666667,4,2,335,260,260,1560,1,13.5,,,,,1,0.6,,,,,2447,,,,,,,,,,,21/11/2024,Ica,Lote 12,Agricultores Unidos,Ica,152.84,86995,9093,Generica
2022-2023,22/11/2024,18:10,Formulario Registro Inspeccion Uva,Ica,Guadalupe,True,Perú,Ica,EUROPA,No,First Inspection,1094818:55:00,VERDEJO,7,,Pass_Pasar,390,16,151,Yes / Si,144.5625,16,0,,44,43.5,696,1,12,,,,,1,0.66,,,,,2447,,,,,,,,,,,21/11/2024,Ica,Lote 16,Agricultores Unidos,Ica,19.49,86999,9092,Generica
2022-2023,22/11/2024,0:19,Formulario Registro Inspeccion Uva,Ica,Gloria A.,True,Perú,Ica,EEUU,,First Inspection,1094760:11:00,PINOT,8,,Pass_Pasar,204,5,347,Yes / Si,343.2,0,0,,135,134,670,1,14.1,,,,,1,0.83,,,,,2447,,,,,,,,,,,19/11/2024,Ica,Lote 6,Uvas del Sabor,Ica,215.56,86989,9110,Organica
2022-2023,22/11/2024,0:19,Formulario Registro Inspeccion Uva,Ica,Gloria A.,True,Perú,Ica,EEUU,,First Inspection,1094795:20:00,TINTORERA,7,,Pass_Pasar,204,8,342,Yes / Si,339,0,0,,179,174,1392,1,12.3,,,,,1,0.76,,,,,2447,,,,,,,,,,,20/11/2024,Ica,Lote 6,Uvas del Sabor,Ica,215.56,86989,9110,Organica
2022-2023,22/11/2024,0:18,Formulario Registro Inspeccion Uva,Ica,Gloria A.,False,Perú,Ica,EEUU,,First Inspection,1094795:58:00,AIREN,8,,Pass_Pasar,204,5,349,No,,,,,123,122,610,1,15.7,,,,,1,0.66,,,,,2447,,,,,,,,,,,20/11/2024,Ica,Lote 6,Uvas del Sabor,Ica,215.56,86989,9110,Organica
2022-2023,25/11/2024,20:31,Formulario Registro Inspeccion Uva,Pisco,Andres Caceres,True,Perú,Pisco,EEUU,,First Inspection,1094916:24:00,MERLOT,11,,Pass_Pasar,1,3,353,Yes / Si,352.666667,3,0,,98,95.5,286.5,1,13.4,,,,,1,0.49,,,,,2448,,,,,,,,,,,25/11/2024,Pisco,Lote 3,Santa Bernardina Uva,Pisco,313.27,86986,9116,Generica
2022-2023,25/11/2024,20:11,Formulario Registro Inspeccion Uva,Pisco,Andres Caceres,False,Perú,Pisco,EEUU,,First Inspection,1094794:06:00,AIREN,11,,Pass_Pasar,1,3,354,Yes / Si,352,2,1,350,108,105,315,1,12.5,,,,,1,0.33,,,,,2448,,,,,,,,,,,20/11/2024,Pisco,Lote 3,Santa Bernardina Uva,Pisco,313.27,86986,9116,Generica
2022-2023,25/11/2024,19:52,Formulario Registro Inspeccion Uva,Pisco,Andres Caceres,False,Perú,Pisco,EEUU,,First Inspection,1094769:44:00,AIREN,11,,Pass_Pasar,1,4,352,Yes / Si,349.5,1,3,346,96,102.5,410,1,12.6,,,,,1,0.22,,,,,2448,,,,,,,,,,,19/11/2024,Pisco,Lote 3,Santa Bernardina Uva,Pisco,313.27,86986,9116,Generica
2022-2023,25/11/2024,18:54,Formulario Registro Inspeccion Uva,Pisco,Andres Caceres,False,Perú,Pisco,EEUU,,First Inspection,1094506:46:00,AIREN,11,,Pass_Pasar,1,4,354,Yes / Si,352,3,1,350,98,93,372,1,12.8,,,,,1,0.32,,,,,2448,,,,,,,,,,,8/11/2024,Pisco,Lote 3,Santa Bernardina Uva,Pisco,313.27,86986,9116,Generica
2022-2023,25/11/2024,18:26,Formulario Registro Inspeccion Uva,Pisco,Andres Caceres,False,Perú,Pisco,EEUU,,First Inspection,1094336:20:00,AIREN,11,,Pass_Pasar,1,4,353,Yes / Si,352,3,1,351,98,103,412,1,12.6,,,,,1,0.3,,,,,2448,,,,,,,,,,,1/11/2024,Pisco,Lote 3,Santa Bernardina Uva,Pisco,313.27,86986,9116,Generica
2022-2023,25/11/2024,18:03,Formulario Registro Inspeccion Uva,Pisco,Andres Caceres,True,Perú,Pisco,EEUU,,First Inspection,1094241:55:00,AIREN,11,,Pass_Pasar,1,4,352,Yes / Si,350.75,1,3,350,89,99,396,1,12.4,,,,,1,0.29,,,,,2448,,,,,,,,,,,28/10/2024,Pisco,Lote 3,Santa Bernardina Uva,Pisco,313.27,86986,9116,Generica
2022-2023,25/11/2024,17:32,Formulario Registro Inspeccion Uva,Pisco,Andres Caceres,True,Perú,Pisco,EEUU,,First Inspection,1094194:02:00,AIREN,11,,Pass_Pasar,1,4,352.2,Yes / Si,350.9,2,2,349.2,120,113,452,1,12.8,,,,,1,0.35,,,,,2448,,,,,,,,,,,26/10/2024,Pisco,Lote 3,Santa Bernardina Uva,Pisco,313.27,86986,9116,Generica
2022-2023,26/11/2024,23:24,Formulario Registro Inspeccion Uva,Ica,Gloria A.,True,Perú,Ica,EUROPA,No,First Inspection,1094920:19:00,MERLOT,6,,Pass_Pasar,200,8,149,Yes / Si,308.875,8,0,,72,69,552,1,15.6,,,,,1,0.28,,,,,2448,,,,,,,,,,,25/11/2024,Pisco,Lote 20,Agricultores Unidos,Pisco,344.98,87003,9092,Generica
2022-2023,26/11/2024,23:11,Formulario Registro Inspeccion Uva,Ica,Gloria A.,True,Perú,Ica,ASIA NORTE,,First Inspection,1094919:50:00,VERDEJO,7,,Pass_Pasar,390,16,151,Yes / Si,145.4375,16,0,,35,34.5,552,1,12,,,,,1,0.74,,,,,2448,,,,,,,,,,,25/11/2024,Ica,Lote 15,Agricultores Unidos,Ica,62.09,86998,9103,Generica
2022-2023,26/11/2024,21:35,Formulario Registro Inspeccion Uva,Ica,Guadalupe,True,Perú,Ica,EUROPA,No,First Inspection,1094925:31:00,VERDEJO,7,,Pass_Pasar,110,6,339,No,,,,,89,89,534,1,12,,,,,1,0.64,,,,,2448,,,,,,,,,,,25/11/2024,Pisco,Lote 20,Agricultores Unidos,Pisco,344.98,87003,9093,Generica
2022-2023,26/11/2024,21:30,Formulario Registro Inspeccion Uva,Ica,Guadalupe,True,Perú,Ica,EUROPA,No,First Inspection,1094919:28:00,VERDEJO,7,,Pass_Pasar,390,16,149,Yes / Si,228.1875,16,0,,43,40,640,1,11.2,,,,,1,0.83,,,,,2448,,,,,,,,,,,25/11/2024,Pisco,Lote 20,Agricultores Unidos,Pisco,344.98,87003,9092,Generica
2022-2023,26/11/2024,21:27,Formulario Registro Inspeccion Uva,Ica,Guadalupe,False,Perú,Ica,EUROPA,No,First Inspection,1094918:43:00,VERDEJO,7,,Pass_Pasar,390,16,170,Yes / Si,147.5,16,0,,37,36.5,584,1,11.1,,,,,1,0.8,,,,,2448,,,,,,,,,,,25/11/2024,Pisco,Lote 20,Agricultores Unidos,Pisco,344.98,87003,9092,Generica
2022-2023,27/11/2024,23:50,Formulario Registro Inspeccion Uva,Ica,Gloria A.,True,Perú,Ica,EEUU,,First Inspection,1094966:34:00,AIREN,10,,Pass_Pasar,276,10,360,No,,,,,134,131.5,1315,2,12.7,13.7,,,,2,0.55,0.41,,,,2448,,,,,,,,,,,27/11/2024,Ica,Lote 34,Agricultores del Sol,Ica,249.17,87017,9116,Generica
2022-2023,27/11/2024,23:46,Formulario Registro Inspeccion Uva,Ica,Gloria A.,True,Perú,Ica,ASIA NORTE,,First Inspection,1094967:26:00,VERDEJO,7,,Pass_Pasar,130,5,144,No,,,,,33,32.5,162.5,1,13.4,,,,,1,0.66,,,,,2448,,,,,,,,,,,27/11/2024,Ica,Lote 35,Agricultores del Sol,Ica,129.08,87018,9103,Generica
2022-2023,27/11/2024,20:57,Formulario Registro Inspeccion Uva,Ica,Guadalupe,False,Perú,Ica,EEUU,,First Inspection,1094941:32:00,MERLOT,10,,Pass_Pasar,196,8,354,Yes / Si,353,8,0,,109,108,864,2,15.3,14.5,,,,2,0.49,0.53,,,,2448,,,,,,,,,,,26/11/2024,Ica,Lote 37,Tierra Linda,Ica,31.63,87020,9116,Generica
2022-2023,27/11/2024,20:54,Formulario Registro Inspeccion Uva,Ica,Guadalupe,True,Perú,Ica,EEUU,,First Inspection,1094915:13:00,MERLOT,13.5,,Pass_Pasar,110,4,585,Yes / Si,584,4,0,,276,276,1104,1,13.3,,,,,1,0.56,,,,,2448,,,,,,,,,,,25/11/2024,Ica,Lote 24,Andenes de Andrea,Ica,151.43,87007,9111,Generica
2022-2023,27/11/2024,20:48,Formulario Registro Inspeccion Uva,Ica,Guadalupe,True,Perú,Ica,EEUU,,First Inspection,1094942:36:00,MERLOT,10,,Pass_Pasar,100,4,340,Yes / Si,338.5,4,0,,200,199.5,798,1,14.6,,,,,1,0.56,,,,,2448,,,,,,,,,,,26/11/2024,Ica,Lote 37,Tierra Linda,Ica,31.63,87020,9108,Generica
2022-2023,27/11/2024,20:45,Formulario Registro Inspeccion Uva,Ica,Guadalupe,True,Perú,Ica,EEUU,,First Inspection,1094941:27:00,MERLOT,10,,Pass_Pasar,276,10,356,Yes / Si,353,8,2,351,114,110,1100,2,14.8,14.9,,,,2,0.37,0.49,,,,2448,,,,,,,,,,,26/11/2024,Ica,Lote 37,Tierra Linda,Ica,31.63,87020,9116,Generica
2022-2023,27/11/2024,20:37,Formulario Registro Inspeccion Uva,Ica,Guadalupe,True,Perú,Ica,EEUU,,First Inspection,1094916:28:00,MERLOT,13.5,,Pass_Pasar,204,8,355,Yes / Si,351.625,7,0,,109,106.5,852,2,15.5,13.3,,,,2,0.52,0.48,,,,2448,,,,,,,,,,,25/11/2024,Ica,Lote 24,Andenes de Andrea,Ica,151.43,87007,9120,Generica
2022-2023,27/11/2024,20:31,Formulario Registro Inspeccion Uva,Ica,Guadalupe,True,Perú,Ica,EEUU,,First Inspection,1094915:02:00,AIREN,13,,Pass_Pasar,204,10,359,Yes / Si,350.8,9,0,,91,90,900,2,13.4,13.6,,,,2,0.42,0.45,,,,2448,,,,,,,,,,,25/11/2024,Ica,Lote 24,Andenes de Andrea,Ica,151.43,87007,9120,Generica
2022-2023,28/11/2024,17:14,Formulario Registro Inspeccion Uva,Ica,Guadalupe,True,Perú,Ica,EEUU,,First Inspection,1094945:13:00,MERLOT,14,,Pass_Pasar,110,4,584,Yes / Si,582.25,4,0,,305,305,1220,1,15.1,,,,,1,0.63,,,,,2448,,,,,,,,,,,26/11/2024,Ica,Lote 24,Andenes de Andrea,Ica,151.43,87007,9111,Generica
2022-2023,28/11/2024,17:01,Formulario Registro Inspeccion Uva,Ica,Guadalupe,True,Perú,Ica,EEUU,,First Inspection,1094939:09:00,MERLOT,14,,Pass_Pasar,204,10,357,Yes / Si,350.5,9,0,,124,119.5,1195,2,16.5,13.9,,,,2,0.54,0.49,,,,2448,,,,,,,,,,,26/11/2024,Ica,Lote 24,Andenes de Andrea,Ica,151.43,87007,9120,Generica
2022-2023,28/11/2024,16:58,Formulario Registro Inspeccion Uva,Ica,Guadalupe,True,Perú,Ica,EEUU,,First Inspection,1094939:07:00,MERLOT,14,,Pass_Pasar,204,10,352,Yes / Si,349.6,9,0,,124,118,1180,2,15.3,13.7,,,,2,0.61,0.59,,,,2448,,,,,,,,,,,26/11/2024,Ica,Lote 24,Andenes de Andrea,Ica,151.43,87007,9120,Generica
2022-2023,28/11/2024,15:37,Formulario Registro Inspeccion Uva,Ica,Guadalupe,True,Perú,Ica,EEUU,,First Inspection,1094991:08:00,AIREN,10,,Pass_Pasar,276,10,359.5,Yes / Si,358.69,10,0,,127,126.5,1265,3,11.9,12.9,14.3,,,3,0.4,0.49,0.34,,,2448,,,,,,,,,,,28/11/2024,Ica,Lote 35,Agricultores del Sol,Ica,129.08,87018,9116,Generica
2022-2023,28/11/2024,15:13,Formulario Registro Inspeccion Uva,Pisco,Andres Caceres,True,Perú,Pisco,EEUU,,First Inspection,1094986:10:00,AIREN,9,,Pass_Pasar,120,4,359,Yes / Si,358.5,4,0,,125,122.5,490,1,12.6,,,,,1,0.46,,,,,2448,,,,,,,,,,,28/11/2024,Pisco,Lote 10,Eden del Norte,Pisco,76.26,86993,9116,Generica
2022-2023,28/11/2024,15:09,Formulario Registro Inspeccion Uva,Pisco,Andres Caceres,True,Perú,Pisco,EEUU,,First Inspection,1094988:01:00,AIREN,8,,Pass_Pasar,100,6,359,Yes / Si,359,6,0,,120,119.5,717,1,13.6,,,,,1,0.43,,,,,2448,,,,,,,,,,,28/11/2024,Pisco,Lote 10,Eden del Norte,Pisco,76.26,86993,9116,Generica
2022-2023,28/11/2024,14:58,Formulario Registro Inspeccion Uva,Pisco,Andres Caceres,True,Perú,Pisco,EEUU,,First Inspection,1094990:49:00,AIREN,8,,Pass_Pasar,100,6,359,Yes / Si,358.5,6,0,,126,125.5,753,1,12,,,,,1,0.59,,,,,2448,,,,,,,,,,,28/11/2024,Pisco,Lote 10,Eden del Norte,Pisco,76.26,86993,9116,Generica
2022-2023,28/11/2024,14:47,Formulario Registro Inspeccion Uva,Pisco,Andres Caceres,True,Perú,Pisco,EEUU,,First Inspection,1094987:37:00,AIREN,9,,Pass_Pasar,122,6,359,Yes / Si,358.833333,6,0,,127,122.5,735,1,12.2,,,,,1,0.58,,,,,2448,,,,,,,,,,,28/11/2024,Pisco,Lote 10,Eden del Norte,Pisco,76.26,86993,9116,Generica
2022-2023,28/11/2024,14:29,Formulario Registro Inspeccion Uva,Pisco,Andres Caceres,False,Perú,Pisco,EEUU,,First Inspection,1094986:11:00,AIREN,9,,Pass_Pasar,120,6,359,Yes / Si,358.666667,6,0,,121,120,720,1,13.6,,,,,1,0.58,,,,,2448,,,,,,,,,,,28/11/2024,Pisco,Lote 10,Eden del Norte,Pisco,76.26,86993,9116,Generica
2022-2023,28/11/2024,13:37,Formulario Registro Inspeccion Uva,Ica,Guadalupe,False,Perú,Ica,EEUU,,First Inspection,1094965:28:00,AIREN,9,,Pass_Pasar,71,4,334,No,,,,,149,148.5,594,1,12.9,,,,,1,0.62,,,,,2448,,,,,,,,,,,27/11/2024,Ica,Lote 37,Tierra Linda,Ica,31.63,87020,9108,Generica
2022-2023,28/11/2024,13:23,Formulario Registro Inspeccion Uva,Ica,Guadalupe,True,Perú,Ica,EEUU,,First Inspection,1094965:18:00,AIREN,9,,Pass_Pasar,276,10,358,Yes / Si,354.7,10,0,,115,113,1130,2,13.1,13,,,,2,0.48,0.65,,,,2448,,,,,,,,,,,27/11/2024,Ica,Lote 37,Tierra Linda,Ica,31.63,87020,9116,Generica
2022-2023,28/11/2024,13:18,Formulario Registro Inspeccion Uva,Ica,Guadalupe,True,Perú,Ica,EEUU,,First Inspection,1094959:30:00,MERLOT,10,,Pass_Pasar,276,10,358,Yes / Si,354.8,10,0,,98,101.5,1015,2,13.9,16,,,,2,0.61,0.5,,,,2448,,,,,,,,,,,27/11/2024,Ica,Lote 37,Tierra Linda,Ica,31.63,87020,9116,Generica
2022-2023,29/11/2024,23:55,Formulario Registro Inspeccion Uva,Ica,Gloria A.,True,Perú,Ica,EEUU,,First Inspection,1094986:57:00,TINTORERA,7,,Pass_Pasar,204,5,352,Yes / Si,347.2,0,0,,178,176,880,1,15.4,,,,,1,0.45,,,,,2448,,,,,,,,,,,28/11/2024,Ica,Lote 6,Uvas del Sabor,Ica,215.56,86989,9110,Organica
2022-2023,29/11/2024,23:51,Formulario Registro Inspeccion Uva,Ica,Gloria A.,True,Perú,Ica,EEUU,,First Inspection,1094986:43:00,PINOT,8,,Pass_Pasar,204,5,346,Yes / Si,342,0,0,,140,136,680,1,15.4,,,,,1,0.45,,,,,2448,,,,,,,,,,,28/11/2024,Ica,Lote 6,Uvas del Sabor,Ica,215.56,86989,9110,Organica
2022-2023,29/11/2024,23:39,Formulario Registro Inspeccion Uva,Ica,Gloria A.,False,Perú,Ica,EEUU,,First Inspection,1094986:26:00,AIREN,7,,Pass_Pasar,204,5,350,Yes / Si,341.6,0,0,,151,147,735,1,14.8,,,,,1,0.68,,,,,2448,,,,,,,,,,,28/11/2024,Ica,Lote 6,Uvas del Sabor,Ica,215.56,86989,9110,Organica
2022-2023,29/11/2024,23:37,Formulario Registro Inspeccion Uva,Ica,Gloria A.,True,Perú,Ica,EEUU,,First Inspection,1094986:01:00,TINTORERA,7,,Pass_Pasar,204,5,344,Yes / Si,340.4,0,0,,169,159,795,1,12.7,,,,,1,0.65,,,,,2448,,,,,,,,,,,28/11/2024,Ica,Lote 6,Uvas del Sabor,Ica,215.56,86989,9110,Organica
2022-2023,29/11/2024,20:56,Formulario Registro Inspeccion Uva,Ica,Guadalupe,True,Perú,Ica,EUROPA,No,First Inspection,1094991:30:00,AIREN,7,,Pass_Pasar,48,4,333,Yes / Si,332,0,0,,123,123,492,1,13,,,,,1,0.68,,,,,2448,,,,,,,,,,,28/11/2024,Ica,Lote 17,Agricultores Unidos,Ica,54.61,87000,9098,Generica
2022-2023,29/11/2024,20:47,Formulario Registro Inspeccion Uva,Ica,Guadalupe,True,Perú,Ica,EEUU,,First Inspection,1094984:01:00,AIREN,9,,Pass_Pasar,276,10,360,Yes / Si,356.5,10,0,,112,111.5,1115,2,13.5,12.9,,,,2,0.46,0.56,,,,2448,,,,,,,,,,,28/11/2024,Ica,Lote 37,Tierra Linda,Ica,31.63,87020,9116,Generica
2022-2023,29/11/2024,20:43,Formulario Registro Inspeccion Uva,Ica,Guadalupe,True,Perú,Ica,EEUU,,First Inspection,1094983:54:00,AIREN,9,,Pass_Pasar,100,6,339,No,,,,,137,134,804,1,12.8,,,,,1,0.66,,,,,2448,,,,,,,,,,,28/11/2024,Ica,Lote 37,Tierra Linda,Ica,31.63,87020,9108,Generica
2022-2023,29/11/2024,20:41,Formulario Registro Inspeccion Uva,Ica,Guadalupe,True,Perú,Ica,EEUU,,First Inspection,1094983:23:00,AIREN,9,,Pass_Pasar,188,10,358,Yes / Si,355.3,10,0,,116,109.5,1095,2,12.9,13.1,,,,2,0.77,0.5,,,,2448,,,,,,,,,,,28/11/2024,Ica,Lote 37,Tierra Linda,Ica,31.63,87020,9116,Generica
2022-2023,30/11/2024,0:22,Formulario Registro Inspeccion Uva,Ica,Gloria A.,True,Perú,Ica,EEUU,,First Inspection,1094990:12:00,VERDEJO,7,,Pass_Pasar,204,8,340,Yes / Si,333.875,8,0,,122,114.5,916,1,11,,,,,1,0.85,,,,,2448,,,,,,,,,,,28/11/2024,Ica,Lote 15,Agricultores Unidos,Ica,62.09,86998,9108,Generica
2022-2023,30/11/2024,0:14,Formulario Registro Inspeccion Uva,Ica,Gloria A.,True,Perú,Ica,EEUU,,First Inspection,1094990:53:00,AIREN,7,,Pass_Pasar,110,4,580,Yes / Si,579.5,0,0,,163,161,644,2,13.3,12.6,,,,2,0.84,0.42,,,,2448,,,,,,,,,,,28/11/2024,Ica,Lote 17,Agricultores Unidos,Ica,54.61,87000,9118,Generica
2022-2023,30/11/2024,0:10,Formulario Registro Inspeccion Uva,Ica,Gloria A.,True,Perú,Ica,EEUU,,First Inspection,1094991:19:00,AIREN,7,,Pass_Pasar,110,4,584,No,,,,,158,157,628,2,12.6,13.3,,,,2,0.84,0.42,,,,2448,,,,,,,,,,,28/11/2024,Ica,Lote 17,Agricultores Unidos,Ica,54.61,87000,9118,Generica
2022-2023,30/11/2024,0:01,Formulario Registro Inspeccion Uva,Ica,Gloria A.,True,Perú,Ica,ASIA NORTE,,First Inspection,1094990:17:00,VERDEJO,7,,Pass_Pasar,390,16,154,No,,,,,41,40.5,648,1,10.8,,,,,1,1.03,,,,,2448,,,,,,,,,,,28/11/2024,Ica,Lote 15,Agricultores Unidos,Ica,62.09,86998,9102,Generica
2022-2023,3/12/2024,23:15,Formulario Registro Inspeccion Uva,Ica,Gloria A.,True,Perú,Ica,EEUU,,First Inspection,1095086:22:00,AIREN,10,,Pass_Pasar,110,4,592,Yes / Si,583.5,0,0,,193,186.5,746,2,14.4,13.2,,,,2,0.27,0.33,,,,2449,,,,,,,,,,,2/12/2024,Pisco,Lote 20,Agricultores Unidos,Pisco,344.98,87003,9118,Generica
2022-2023,3/12/2024,23:14,Formulario Registro Inspeccion Uva,Ica,Guadalupe,True,Perú,Ica,EUROPA,No,First Inspection,1095087:49:00,VERDEJO,6,,Pass_Pasar,375,16,149,Yes / Si,145.1875,16,0,,46,42,672,1,11.3,,,,,1,0.75,,,,,2449,,,,,,,,,,,2/12/2024,Pisco,Lote 20,Agricultores Unidos,Pisco,344.98,87003,9092,Generica
2022-2023,3/12/2024,23:13,Formulario Registro Inspeccion Uva,Ica,Gloria A.,True,Perú,Ica,EEUU,,First Inspection,1095094:44:00,AIREN,10,,Pass_Pasar,100,4,338,Yes / Si,334.25,4,0,,162,159,636,2,11.8,12.8,,,,2,0.53,0.74,,,,2449,,,,,,,,,,,2/12/2024,Pisco,Lote 20,Agricultores Unidos,Pisco,344.98,87003,9108,Generica
2022-2023,3/12/2024,23:12,Formulario Registro Inspeccion Uva,Ica,Gloria A.,True,Perú,Ica,EEUU,,First Inspection,1095086:50:00,AIREN,10,,Pass_Pasar,276,10,362,Yes / Si,355.7,10,0,,140,136,1360,2,12.7,13.9,,,,2,0.31,0.44,,,,2449,,,,,,,,,,,2/12/2024,Pisco,Lote 20,Agricultores Unidos,Pisco,344.98,87003,9116,Generica
2022-2023,3/12/2024,23:11,Formulario Registro Inspeccion Uva,Ica,Guadalupe,True,Perú,Ica,ASIA CENTRO,Yes / Si,First Inspection,1095086:59:00,VERDEJO,6,Singapur,Pass_Pasar,375,16,152,Yes / Si,143.875,16,0,,35,34,544,1,11.2,,,,,1,0.76,,,,,2449,,,,,,,,,,,2/12/2024,Pisco,Lote 20,Agricultores Unidos,Pisco,344.98,87003,9103,Generica
2022-2023,3/12/2024,23:04,Formulario Registro Inspeccion Uva,Ica,Guadalupe,False,Perú,Ica,EEUU,,Second Inspection,1095086:23:00,MERLOT,10,,Pass_Pasar,99,5,335,No,,,,,104,103,515,1,14.4,,,,,1,0.51,,,,,2449,,,,,,,,,,,2/12/2024,Ica,Lote 37,Tierra Linda,Ica,31.63,87020,9108,Generica
2022-2023,3/12/2024,23:01,Formulario Registro Inspeccion Uva,Ica,Guadalupe,False,Perú,Ica,EEUU,,First Inspection,1095080:55:00,MERLOT,10,,Pass_Pasar,204,8,336,Yes / Si,331.75,8,0,,128,116.5,932,1,14.4,,,,,1,0.51,,,,,2449,,,,,,,,,,,2/12/2024,Ica,Lote 37,Tierra Linda,Ica,31.63,87020,9108,Generica
2022-2023,3/12/2024,22:59,Formulario Registro Inspeccion Uva,Ica,Guadalupe,True,Perú,Ica,EEUU,,First Inspection,1095080:53:00,AIREN,11,,Pass_Pasar,204,8,337,Yes / Si,332.5,8,0,,146,142.5,1140,1,13,,,,,1,0.44,,,,,2449,,,,,,,,,,,2/12/2024,Ica,Lote 37,Tierra Linda,Ica,31.63,87020,9108,Generica
2022-2023,3/12/2024,22:56,Formulario Registro Inspeccion Uva,Ica,Guadalupe,True,Perú,Ica,EEUU,,First Inspection,1095081:35:00,AIREN,11,,Pass_Pasar,276,10,365,Yes / Si,358.2,10,0,,112,110,1100,2,13.7,13.1,,,,2,0.22,0.33,,,,2449,,,,,,,,,,,2/12/2024,Ica,Lote 37,Tierra Linda,Ica,31.63,87020,9116,Generica
2022-2023,3/12/2024,22:53,Formulario Registro Inspeccion Uva,Ica,Guadalupe,True,Perú,Ica,EEUU,,First Inspection,1095079:14:00,AIREN,11,,Pass_Pasar,276,10,357,Yes / Si,355.3,10,0,,108,107,1070,2,12.9,13.4,,,,2,0.43,0.35,,,,2449,,,,,,,,,,,2/12/2024,Ica,Lote 37,Tierra Linda,Ica,31.63,87020,9116,Generica
2022-2023,4/12/2024,20:59,Formulario Registro Inspeccion Uva,Ica,Guadalupe,True,Perú,Ica,EEUU,,First Inspection,1095096:00:00,MERLOT,9,,Pass_Pasar,204,8,362,Yes / Si,350,7,0,,96,106,848,2,13.9,15.5,,,,2,0.72,0.65,,,,2449,,,,,,,,,,,3/12/2024,Ica,Lote 24,Andenes de Andrea,Ica,151.43,87007,9120,Generica
2022-2023,4/12/2024,20:15,Formulario Registro Inspeccion Uva,Ica,Guadalupe,False,Perú,Ica,EEUU,,First Inspection,1095107:21:00,MERLOT,9,,Pass_Pasar,5,3,340,Yes / Si,334.333333,3,0,,215,215,645,1,13.5,,,,,1,0.81,,,,,2449,,,,,,,,,,,3/12/2024,Ica,Lote 24,Andenes de Andrea,Ica,151.43,87007,9108,Generica
2022-2023,4/12/2024,20:06,Formulario Registro Inspeccion Uva,Ica,Guadalupe,True,Perú,Ica,EEUU,,First Inspection,1095106:29:00,MERLOT,9,,Pass_Pasar,204,10,351,Yes / Si,347.2,9,0,,124,115.5,1155,2,14.9,14.5,,,,2,0.6,0.71,,,,2449,,,,,,,,,,,3/12/2024,Ica,Lote 24,Andenes de Andrea,Ica,151.43,87007,9120,Generica
2022-2023,4/12/2024,19:57,Formulario Registro Inspeccion Uva,Ica,Guadalupe,True,Perú,Ica,EEUU,,First Inspection,1095105:32:00,AIREN,10,,Pass_Pasar,204,8,335,Yes / Si,331.875,8,0,,146,139,1112,1,13.2,,,,,1,0.35,,,,,2449,,,,,,,,,,,3/12/2024,Ica,Lote 37,Tierra Linda,Ica,31.63,87020,9108,Generica
2022-2023,4/12/2024,19:54,Formulario Registro Inspeccion Uva,Ica,Guadalupe,True,Perú,Ica,EEUU,,First Inspection,1095103:58:00,AIREN,11,,Pass_Pasar,150,6,356,Yes / Si,354.5,6,0,,121,115.5,693,2,13.6,14.7,,,,2,0.48,0.37,,,,2449,,,,,,,,,,,3/12/2024,Ica,Lote 37,Tierra Linda,Ica,31.63,87020,9116,Generica
2022-2023,4/12/2024,19:49,Formulario Registro Inspeccion Uva,Ica,Guadalupe,True,Perú,Ica,EEUU,,First Inspection,1095105:34:00,AIREN,10,,Pass_Pasar,276,10,360,Yes / Si,356.4,10,0,,110,107,1070,2,13.8,13.3,,,,2,0.3,0.36,,,,2449,,,,,,,,,,,3/12/2024,Ica,Lote 37,Tierra Linda,Ica,31.63,87020,9116,Generica
2022-2023,4/12/2024,19:44,Formulario Registro Inspeccion Uva,Ica,Guadalupe,True,Perú,Ica,EEUU,,First Inspection,1095104:20:00,AIREN,10,,Pass_Pasar,276,10,362,Yes / Si,357,10,0,,109,105,1050,2,12.4,12.8,,,,2,0.35,0.52,,,,2449,,,,,,,,,,,3/12/2024,Ica,Lote 37,Tierra Linda,Ica,31.63,87020,9116,Generica
2022-2023,4/12/2024,19:38,Formulario Registro Inspeccion Uva,Ica,Guadalupe,True,Perú,Ica,EEUU,,First Inspection,1095103:47:00,MERLOT,10,,Pass_Pasar,29,2,332,Yes / Si,331,2,0,,165,165,330,1,15,,,,,1,0.39,,,,,2449,,,,,,,,,,,3/12/2024,Ica,Lote 37,Tierra Linda,Ica,31.63,87020,9108,Generica
2022-2023,4/12/2024,19:34,Formulario Registro Inspeccion Uva,Ica,Guadalupe,True,Perú,Ica,EEUU,,First Inspection,1095103:20:00,MERLOT,10,,Pass_Pasar,126,6,362,Yes / Si,357.166667,6,0,,95,100,600,2,13.6,14.2,,,,2,0.47,0.54,,,,2449,,,,,,,,,,,3/12/2024,Ica,Lote 37,Tierra Linda,Ica,31.63,87020,9116,Generica
2022-2023,4/12/2024,15:37,Formulario Registro Inspeccion Uva,Ica,Gloria A.,True,Perú,Ica,ASIA NORTE,,First Inspection,1095134:42:00,VERDEJO,7,,Pass_Pasar,390,16,144,Yes / Si,142.9375,16,0,,54,53.5,856,1,11.2,,,,,1,0.85,,,,,2449,,,,,,,,,,,4/12/2024,Ica,Lote 34,Agricultores del Sol,Ica,249.17,87017,9102,Generica
2022-2023,4/12/2024,15:35,Formulario Registro Inspeccion Uva,Ica,Gloria A.,True,Perú,Ica,ASIA NORTE,,First Inspection,1095135:04:00,PINOT,7,,Pass_Pasar,390,16,143.5,Yes / Si,142.78125,16,0,,68,67,1072,1,15.2,,,,,1,0.73,,,,,2449,,,,,,,,,,,4/12/2024,Ica,Lote 34,Agricultores del Sol,Ica,249.17,87017,9102,Generica
2022-2023,5/12/2024,16:51,Formulario Registro Inspeccion Uva,Ica,Guadalupe,False,Perú,Ica,EEUU,,Second Inspection,1095109:09:00,MERLOT,8.6,,Pass_Pasar,62,5,346,Yes / Si,339.8,5,0,,247,227,1135,1,16.7,,,,,1,0.87,,,,,2449,,,,,,,,,,,3/12/2024,Ica,Lote 24,Andenes de Andrea,Ica,151.43,87007,9108,Generica
2022-2023,5/12/2024,16:30,Formulario Registro Inspeccion Uva,Ica,Guadalupe,True,Perú,Ica,EEUU,,First Inspection,1095132:54:00,MERLOT,8.6,,Pass_Pasar,192,6,350,Yes / Si,348.5,5,0,,134,120,720,2,13.9,15.6,,,,2,0.63,0.46,,,,2449,,,,,,,,,,,4/12/2024,Ica,Lote 24,Andenes de Andrea,Ica,151.43,87007,9120,Generica
2022-2023,5/12/2024,16:25,Formulario Registro Inspeccion Uva,Ica,Guadalupe,False,Perú,Ica,EEUU,,First Inspection,1095108:32:00,AIREN,11.6,,Pass_Pasar,204,4,352,Yes / Si,348,4,0,,113,110.5,442,1,11.3,,,,,1,0.89,,,,,2449,,,,,,,,,,,3/12/2024,Ica,Lote 26,Andenes de Andrea,Ica,84.47,87009,9108,Generica
2022-2023,5/12/2024,16:22,Formulario Registro Inspeccion Uva,Ica,Guadalupe,False,Perú,Ica,EEUU,,First Inspection,1095107:25:00,AIREN,11.6,,Pass_Pasar,240,8,354,Yes / Si,349.75,7,0,,99,98,784,2,12,11.8,,,,2,0.59,0.34,,,,2449,,,,,,,,,,,3/12/2024,Ica,Lote 26,Andenes de Andrea,Ica,84.47,87009,9120,Generica
2022-2023,5/12/2024,16:19,Formulario Registro Inspeccion Uva,Ica,Guadalupe,False,Perú,Ica,EEUU,,First Inspection,1095107:58:00,AIREN,11.6,,Pass_Pasar,204,6,371,Yes / Si,353.333333,5,0,,99,93,558,2,12.1,11.5,,,,2,0.32,0.35,,,,2449,,,,,,,,,,,3/12/2024,Ica,Lote 26,Andenes de Andrea,Ica,84.47,87009,9120,Generica
2022-2023,5/12/2024,16:15,Formulario Registro Inspeccion Uva,Pisco,Andres Caceres,True,Perú,Pisco,EEUU,,First Inspection,1095157:11:00,AIREN,9,,Pass_Pasar,58,2,589,Yes / Si,589,2,0,,388,386.5,773,1,13.1,,,,,1,0.6,,,,,2449,,,,,,,,,,,5/12/2024,Pisco,Lote 10,Eden del Norte,Pisco,76.26,86993,9111,Generica
2022-2023,5/12/2024,16:10,Formulario Registro Inspeccion Uva,Ica,Guadalupe,True,Perú,Ica,EEUU,,First Inspection,1095128:59:00,MERLOT,11,,Pass_Pasar,100,5,334,Yes / Si,331.4,5,0,,163,151,755,1,14.7,,,,,1,0.54,,,,,2449,,,,,,,,,,,4/12/2024,Ica,Lote 37,Tierra Linda,Ica,31.63,87020,9108,Generica
2022-2023,5/12/2024,16:08,Formulario Registro Inspeccion Uva,Pisco,Andres Caceres,True,Perú,Pisco,EEUU,,First Inspection,1095158:02:00,AIREN,9,,Pass_Pasar,102,5,359,Yes / Si,358.6,5,0,,113,109,545,1,13.1,,,,,1,0.45,,,,,2449,,,,,,,,,,,5/12/2024,Pisco,Lote 10,Eden del Norte,Pisco,76.26,86993,9116,Generica
2022-2023,5/12/2024,16:07,Formulario Registro Inspeccion Uva,Ica,Guadalupe,True,Perú,Ica,EEUU,,First Inspection,1095128:26:00,MERLOT,11,,Pass_Pasar,276,10,362,Yes / Si,355.7,10,0,,104,102,1020,2,14.3,13.6,,,,2,0.51,0.49,,,,2449,,,,,,,,,,,4/12/2024,Ica,Lote 37,Tierra Linda,Ica,31.63,87020,9116,Generica
2022-2023,5/12/2024,16:03,Formulario Registro Inspeccion Uva,Ica,Guadalupe,True,Perú,Ica,EEUU,,First Inspection,1095127:56:00,MERLOT,11,,Pass_Pasar,276,10,362,Yes / Si,356.1,10,0,,107,105,1050,2,13.8,14.6,,,,2,0.56,0.71,,,,2449,,,,,,,,,,,4/12/2024,Ica,Lote 37,Tierra Linda,Ica,31.63,87020,9116,Generica
2022-2023,5/12/2024,16:01,Formulario Registro Inspeccion Uva,Ica,Guadalupe,True,Perú,Ica,EEUU,,First Inspection,1095127:33:00,MERLOT,11,,Pass_Pasar,276,10,361,Yes / Si,356.5,10,0,,99,96,960,2,14.8,14.8,,,,2,0.41,0.44,,,,2449,,,,,,,,,,,4/12/2024,Ica,Lote 37,Tierra Linda,Ica,31.63,87020,9116,Generica
2022-2023,5/12/2024,15:49,Formulario Registro Inspeccion Uva,Pisco,Andres Caceres,True,Perú,Pisco,EEUU,,First Inspection,1095155:45:00,AIREN,9,,Pass_Pasar,90,6,359,Yes / Si,358.666667,6,0,,121,119.5,717,1,12.8,,,,,1,0.36,,,,,2449,,,,,,,,,,,5/12/2024,Pisco,Lote 10,Eden del Norte,Pisco,76.26,86993,9116,Generica
2022-2023,5/12/2024,15:44,Formulario Registro Inspeccion Uva,Pisco,Andres Caceres,True,Perú,Pisco,EEUU,,First Inspection,1095155:22:00,AIREN,9,,Pass_Pasar,68,4,359,Yes / Si,358.75,4,0,,125,122,488,1,12.8,,,,,1,0.34,,,,,2449,,,,,,,,,,,5/12/2024,Pisco,Lote 10,Eden del Norte,Pisco,76.26,86993,9116,Generica
2022-2023,5/12/2024,15:20,Formulario Registro Inspeccion Uva,Pisco,Andres Caceres,True,Perú,Pisco,EEUU,,First Inspection,1095155:10:00,AIREN,9,,Pass_Pasar,80,8,359,Yes / Si,358.5,8,0,,124,121.5,972,1,13.2,,,,,1,0.41,,,,,2449,,,,,,,,,,,5/12/2024,Pisco,Lote 10,Eden del Norte,Pisco,76.26,86993,9116,Generica
2022-2023,6/12/2024,21:44,Formulario Registro Inspeccion Uva,Ica,Gloria A.,True,Perú,Ica,EEUU,,First Inspection,1095130:49:00,PINOT,9,,Pass_Pasar,204,5,349,Yes / Si,345.8,0,0,,128,126,630,1,14.7,,,,,1,0.38,,,,,2449,,,,,,,,,,,4/12/2024,Ica,Lote 6,Uvas del Sabor,Ica,215.56,86989,9110,Organica
2022-2023,6/12/2024,21:43,Formulario Registro Inspeccion Uva,Ica,Gloria A.,True,Perú,Ica,EEUU,,First Inspection,1095155:14:00,AIREN,7.5,,Pass_Pasar,204,5,346,Yes / Si,341.6,0,0,,128,126.5,632.5,1,15.2,,,,,1,0.43,,,,,2449,,,,,,,,,,,5/12/2024,Ica,Lote 6,Uvas del Sabor,Ica,215.56,86989,9110,Organica
2022-2023,6/12/2024,21:41,Formulario Registro Inspeccion Uva,Ica,Gloria A.,True,Perú,Ica,EEUU,,First Inspection,1095130:34:00,MERLOT,6.5,,Pass_Pasar,204,5,350,Yes / Si,342.4,0,0,,121,117.5,587.5,1,14.4,,,,,1,0.48,,,,,2449,,,,,,,,,,,4/12/2024,Ica,Lote 6,Uvas del Sabor,Ica,215.56,86989,9110,Organica
2022-2023,6/12/2024,21:40,Formulario Registro Inspeccion Uva,Ica,Gloria A.,True,Perú,Ica,EEUU,,First Inspection,1095159:35:00,AIREN,10,,Pass_Pasar,276,10,359,Yes / Si,358.1,10,0,,129,128,1280,2,13.5,13.8,,,,2,0.38,0.59,,,,2449,,,,,,,,,,,5/12/2024,Ica,Lote 35,Agricultores del Sol,Ica,129.08,87018,9116,Generica
2022-2023,6/12/2024,21:38,Formulario Registro Inspeccion Uva,Ica,Gloria A.,True,Perú,Ica,EEUU,,First Inspection,1095160:04:00,AIREN,10,,Pass_Pasar,105,5,359,Yes / Si,358.1,5,0,,132,129.5,647.5,2,12,11.9,,,,2,0.5,0.69,,,,2449,,,,,,,,,,,5/12/2024,Ica,Lote 35,Agricultores del Sol,Ica,129.08,87018,9116,Generica
2022-2023,6/12/2024,20:15,Formulario Registro Inspeccion Uva,Pisco,Andres Caceres,False,Perú,Pisco,EEUU,,First Inspection,1095105:07:00,MERLOT,9,,Pass_Pasar,260,6,357,Yes / Si,354.833333,6,0,,84,81.5,489,1,13.2,,,,,1,0.3,,,,,2449,,,,,,,,,,,3/12/2024,Pisco,Lote 3,Santa Bernardina Uva,Pisco,313.27,86986,9116,Generica
2022-2023,6/12/2024,19:54,Formulario Registro Inspeccion Uva,Pisco,Andres Caceres,False,Perú,Pisco,EEUU,,First Inspection,1095082:50:00,MERLOT,9,,Pass_Pasar,265,6,356,Yes / Si,354,6,0,,82,81,486,1,14.2,,,,,1,0.32,,,,,2449,,,,,,,,,,,2/12/2024,Pisco,Lote 3,Santa Bernardina Uva,Pisco,313.27,86986,9116,Generica
2022-2023,6/12/2024,19:24,Formulario Registro Inspeccion Uva,Ica,Guadalupe,True,Perú,Ica,EEUU,,First Inspection,1095155:14:00,VERDEJO,6,,Pass_Pasar,110,4,579,Yes / Si,578.25,4,0,,170,170,680,1,11,,,,,1,0.98,,,,,2449,,,,,,,,,,,5/12/2024,Ica,Lote 14,Agricultores Unidos,Ica,40.26,86997,9111,Generica
2022-2023,6/12/2024,19:16,Formulario Registro Inspeccion Uva,Ica,Guadalupe,True,Perú,Ica,EEUU,,First Inspection,1095155:10:00,VERDEJO,6,,Pass_Pasar,204,8,330,Yes / Si,326,8,0,,86,85.5,684,1,11.7,,,,,1,1.07,,,,,2449,,,,,,,,,,,5/12/2024,Ica,Lote 15,Agricultores Unidos,Ica,62.09,86998,9108,Generica
2022-2023,6/12/2024,18:59,Formulario Registro Inspeccion Uva,Pisco,Andres Caceres,False,Perú,Pisco,EEUU,,First Inspection,1095132:54:00,MERLOT,9,,Pass_Pasar,260,12,358,Yes / Si,355.5,12,0,,87,83,996,1,13.2,,,,,1,0.28,,,,,2449,,,,,,,,,,,4/12/2024,Pisco,Lote 3,Santa Bernardina Uva,Pisco,313.27,86986,9116,Generica
2022-2023,6/12/2024,18:28,Formulario Registro Inspeccion Uva,Pisco,Andres Caceres,False,Perú,Pisco,EEUU,,First Inspection,1095155:20:00,MERLOT,9,,Pass_Pasar,276,6,358,Yes / Si,355.333333,6,0,,86,85,510,1,12.5,,,,,1,0.26,,,,,2449,,,,,,,,,,,5/12/2024,Pisco,Lote 3,Santa Bernardina Uva,Pisco,313.27,86986,9116,Generica
2022-2023,6/12/2024,14:23,Formulario Registro Inspeccion Uva,Pisco,Andres Caceres,True,Perú,Pisco,EEUU,,First Inspection,1095157:11:00,MERLOT,9,,Pass_Pasar,25,2,580,Yes / Si,579.5,0,0,,212,206.5,413,1,13.5,,,,,1,0.25,,,,,2449,,,,,,,,,,,5/12/2024,Pisco,Lote 4,Santa Bernardina Uva,Pisco,47.28,86987,9118,Generica
2022-2023,10/12/2024,22:08,Formulario Registro Inspeccion Uva,Ica,Gloria A.,True,Perú,Ica,EEUU,,First Inspection,1095255:42:00,AIREN,7,,Pass_Pasar,204,8,339,Yes / Si,335.625,8,0,,145,141,1128,1,11.8,,,,,1,0.91,,,,,2450,,,,,,,,,,,9/12/2024,Pisco,Lote 20,Agricultores Unidos,Pisco,344.98,87003,9108,Generica
2022-2023,10/12/2024,22:07,Formulario Registro Inspeccion Uva,Ica,Gloria A.,True,Perú,Ica,EEUU,,First Inspection,1095255:02:00,AIREN,7,,Pass_Pasar,110,4,588,Yes / Si,583.5,0,0,,149,148.5,594,2,13.4,13.6,,,,2,0.39,0.45,,,,2450,,,,,,,,,,,9/12/2024,Pisco,Lote 20,Agricultores Unidos,Pisco,344.98,87003,9118,Generica
2022-2023,10/12/2024,21:59,Formulario Registro Inspeccion Uva,Ica,Gloria A.,True,Perú,Ica,ASIA NORTE,,First Inspection,1095255:22:00,VERDEJO,6,,Pass_Pasar,390,16,149,Yes / Si,145.25,16,0,,38,37,592,1,11.7,,,,,1,0.68,,,,,2450,,,,,,,,,,,9/12/2024,Pisco,Lote 20,Agricultores Unidos,Pisco,344.98,87003,9103,Generica
2022-2023,11/12/2024,23:10,Formulario Registro Inspeccion Uva,Ica,Gloria A.,True,Perú,Ica,EEUU,,First Inspection,1095302:40:00,AIREN,10,,Pass_Pasar,276,10,360,Yes / Si,358.9,10,0,,92,96.5,965,2,13,13,,,,2,0.34,0.45,,,,2450,,,,,,,,,,,11/12/2024,Ica,Lote 35,Agricultores del Sol,Ica,129.08,87018,9116,Generica
2022-2023,11/12/2024,23:09,Formulario Registro Inspeccion Uva,Ica,Gloria A.,True,Perú,Ica,EEUU,,First Inspection,1095304:12:00,AIREN,10,,Pass_Pasar,276,10,359,Yes / Si,358.4,10,0,,93,92.5,925,2,12.7,13.5,,,,2,0.48,0.39,,,,2450,,,,,,,,,,,11/12/2024,Ica,Lote 35,Agricultores del Sol,Ica,129.08,87018,9116,Generica
2022-2023,11/12/2024,17:58,Formulario Registro Inspeccion Uva,Ica,Guadalupe,True,Perú,Ica,EEUU,,First Inspection,1095275:29:00,MERLOT,10,,Pass_Pasar,50,3,581,Yes / Si,578.666667,3,0,,397,388.5,1165.5,1,15.1,,,,,1,0.47,,,,,2450,,,,,,,,,,,10/12/2024,Ica,Lote 24,Andenes de Andrea,Ica,151.43,87007,9111,Generica
2022-2023,11/12/2024,17:55,Formulario Registro Inspeccion Uva,Ica,Guadalupe,True,Perú,Ica,EEUU,,First Inspection,1095275:12:00,MERLOT,10,,Pass_Pasar,204,10,357,Yes / Si,352.1,9,0,,132,125.5,1255,2,16.4,14,,,,2,0.46,0.88,,,,2450,,,,,,,,,,,10/12/2024,Ica,Lote 24,Andenes de Andrea,Ica,151.43,87007,9120,Generica
2022-2023,11/12/2024,17:51,Formulario Registro Inspeccion Uva,Ica,Guadalupe,True,Perú,Ica,EEUU,,First Inspection,1095274:15:00,MERLOT,10,,Pass_Pasar,204,10,363,No,,,,,143,139.5,1395,2,15.1,14.5,,,,2,0.47,0.46,,,,2450,,,,,,,,,,,10/12/2024,Ica,Lote 24,Andenes de Andrea,Ica,151.43,87007,9120,Generica
2022-2023,11/12/2024,17:44,Formulario Registro Inspeccion Uva,Ica,Guadalupe,True,Perú,Ica,EEUU,,First Inspection,1095272:22:00,AIREN,10,,Pass_Pasar,204,8,339,Yes / Si,332.125,8,0,,149,138.5,1108,1,12.9,,,,,1,0.38,,,,,2450,,,,,,,,,,,10/12/2024,Ica,Lote 37,Tierra Linda,Ica,31.63,87020,9108,Generica
2022-2023,11/12/2024,17:42,Formulario Registro Inspeccion Uva,Ica,Guadalupe,True,Perú,Ica,EEUU,,First Inspection,1095271:50:00,AIREN,10,,Pass_Pasar,276,10,358,Yes / Si,355.6,10,0,,111,110.5,1105,2,12.2,14.1,,,,2,0.36,0.28,,,,2450,,,,,,,,,,,10/12/2024,Ica,Lote 37,Tierra Linda,Ica,31.63,87020,9116,Generica
2022-2023,11/12/2024,17:34,Formulario Registro Inspeccion Uva,Ica,Guadalupe,True,Perú,Ica,EEUU,,First Inspection,1095271:19:00,AIREN,10,,Pass_Pasar,276,10,360,Yes / Si,356.9,10,0,,112,109.5,1095,2,13.6,12.9,,,,2,0.28,0.28,,,,2450,,,,,,,,,,,10/12/2024,Ica,Lote 37,Tierra Linda,Ica,31.63,87020,9116,Generica
2022-2023,12/12/2024,21:57,Formulario Registro Inspeccion Uva,Ica,Gloria A.,False,Perú,Ica,EEUU,,First Inspection,1095299:43:00,MERLOT,9,,Pass_Pasar,50,2,577,Yes / Si,576.5,2,0,,342,333.5,667,1,15.2,,,,,1,0.62,,,,,2450,,,,,,,,,,,11/12/2024,Ica,Lote 24,Andenes de Andrea,Ica,151.43,87007,9111,Generica
2022-2023,12/12/2024,19:47,Formulario Registro Inspeccion Uva,Ica,Guadalupe,True,Perú,Ica,EEUU,,First Inspection,1095327:49:00,AIREN,10,,Pass_Pasar,276,10,360.5,Yes / Si,359.05,10,0,,86,85,850,3,11.3,12.1,10.7,,,3,0.51,0.79,0.43,,,2450,,,,,,,,,,,12/12/2024,Ica,Lote 35,Agricultores del Sol,Ica,129.08,87018,9116,Generica
2022-2023,12/12/2024,19:42,Formulario Registro Inspeccion Uva,Ica,Guadalupe,True,Perú,Ica,ASIA NORTE,,First Inspection,1095327:28:00,PINOT,7,,Pass_Pasar,330,16,144.5,Yes / Si,143.03125,16,0,,60,59.5,952,1,15.8,,,,,1,0.53,,,,,2450,,,,,,,,,,,12/12/2024,Ica,Lote 34,Agricultores del Sol,Ica,249.17,87017,9102,Generica
2022-2023,12/12/2024,19:40,Formulario Registro Inspeccion Uva,Ica,Guadalupe,True,Perú,Ica,EEUU,,First Inspection,1095299:55:00,MERLOT,9,,Pass_Pasar,204,10,354,Yes / Si,349.1,9,0,,131,129,1290,2,16.9,15.5,,,,2,0.39,0.47,,,,2450,,,,,,,,,,,11/12/2024,Ica,Lote 24,Andenes de Andrea,Ica,151.43,87007,9120,Generica
2022-2023,12/12/2024,17:28,Formulario Registro Inspeccion Uva,Pisco,Andres Caceres,True,Perú,Pisco,EEUU,,First Inspection,1095325:20:00,AIREN,8,,Pass_Pasar,46,2,589,Yes / Si,589,0,0,,205,204,408,1,13.1,,,,,1,0.28,,,,,2450,,,,,,,,,,,12/12/2024,Pisco,Lote 10,Eden del Norte,Pisco,76.26,86993,9118,Generica
2022-2023,12/12/2024,17:21,Formulario Registro Inspeccion Uva,Ica,Gloria A.,True,Perú,Ica,ASIA NORTE,,First Inspection,1095327:15:00,VERDEJO,7,,Pass_Pasar,390,16,144,No,,,,,31,30.5,488,1,9.7,,,,,1,0.69,,,,,2450,,,,,,,,,,,12/12/2024,Ica,Lote 35,Agricultores del Sol,Ica,129.08,87018,9103,Generica
2022-2023,12/12/2024,17:17,Formulario Registro Inspeccion Uva,Ica,Gloria A.,True,Perú,Ica,EEUU,,First Inspection,1095327:51:00,AIREN,10,,Pass_Pasar,276,10,360.5,Yes / Si,359,10,0,,96,90.5,905,2,12.9,12.4,,,,2,0.44,0.43,,,,2450,,,,,,,,,,,12/12/2024,Ica,Lote 35,Agricultores del Sol,Ica,129.08,87018,9116,Generica
2022-2023,12/12/2024,17:15,Formulario Registro Inspeccion Uva,Pisco,Andres Caceres,True,Perú,Pisco,EEUU,,First Inspection,1095324:10:00,AIREN,8,,Pass_Pasar,50,3,589,Yes / Si,589,0,0,,206,204,612,1,12.8,,,,,1,0.36,,,,,2450,,,,,,,,,,,12/12/2024,Pisco,Lote 10,Eden del Norte,Pisco,76.26,86993,9118,Generica
2022-2023,12/12/2024,17:05,Formulario Registro Inspeccion Uva,Pisco,Andres Caceres,True,Perú,Pisco,EEUU,,First Inspection,1095323:58:00,AIREN,8,,Pass_Pasar,24,2,589,Yes / Si,588.75,0,0,,199,196,392,1,13.4,,,,,1,0.32,,,,,2450,,,,,,,,,,,12/12/2024,Pisco,Lote 10,Eden del Norte,Pisco,76.26,86993,9118,Generica
2022-2023,12/12/2024,16:51,Formulario Registro Inspeccion Uva,Pisco,Andres Caceres,True,Perú,Pisco,EEUU,,First Inspection,1095321:46:00,AIREN,8,,Pass_Pasar,68,2,589,Yes / Si,588.75,0,0,,200,199.5,399,2,13.7,13.9,,,,2,0.38,0.28,,,,2450,,,,,,,,,,,12/12/2024,Pisco,Lote 10,Eden del Norte,Pisco,76.26,86993,9118,Generica
2022-2023,12/12/2024,16:38,Formulario Registro Inspeccion Uva,Pisco,Andres Caceres,True,Perú,Pisco,EEUU,,First Inspection,1095320:31:00,AIREN,8,,Pass_Pasar,30,2,589,Yes / Si,587.25,0,0,,201,195,390,3,13.4,11.8,12,,,3,0.35,0.4,0.45,,,2450,,,,,,,,,,,12/12/2024,Pisco,Lote 10,Eden del Norte,Pisco,76.26,86993,9118,Generica
2022-2023,13/12/2024,20:05,Formulario Registro Inspeccion Uva,Ica,Guadalupe,True,Perú,Ica,EEUU,,First Inspection,1095320:39:00,AIREN,9,,Pass_Pasar,48,3,334,Yes / Si,331.666667,3,0,,189,178,534,1,11.9,,,,,1,0.39,,,,,2450,,,,,,,,,,,12/12/2024,Ica,Lote 37,Tierra Linda,Ica,31.63,87020,9108,Generica
2022-2023,13/12/2024,20:02,Formulario Registro Inspeccion Uva,Ica,Guadalupe,True,Perú,Ica,EEUU,,First Inspection,1095320:11:00,AIREN,9,,Pass_Pasar,123,6,363,Yes / Si,357.833333,6,0,,112,112,672,3,12.7,13.3,12.8,,,3,0.7,0.7,0.54,,,2450,,,,,,,,,,,12/12/2024,Ica,Lote 37,Tierra Linda,Ica,31.63,87020,9116,Generica
2022-2023,13/12/2024,18:20,Formulario Registro Inspeccion Uva,Ica,Guadalupe,True,Perú,Ica,EEUU,,First Inspection,1095319:54:00,MERLOT,10,,Pass_Pasar,69,3,335,Yes / Si,332.666667,3,0,,144,124.5,373.5,1,14.9,,,,,1,0.46,,,,,2450,,,,,,,,,,,12/12/2024,Ica,Lote 37,Tierra Linda,Ica,31.63,87020,9108,Generica
2022-2023,13/12/2024,18:13,Formulario Registro Inspeccion Uva,Ica,Guadalupe,True,Perú,Ica,EEUU,,First Inspection,1095319:16:00,MERLOT,10,,Pass_Pasar,276,10,363,Yes / Si,356.8,10,0,,93,98,980,3,13.6,14.9,15.5,,,3,0.8,0.34,0.4,,,2450,,,,,,,,,,,12/12/2024,Ica,Lote 37,Tierra Linda,Ica,31.63,87020,9116,Generica
2022-2023,13/12/2024,16:18,Formulario Registro Inspeccion Uva,Pisco,Andres Caceres,True,Perú,Pisco,EEUU,,First Inspection,1095298:14:00,MERLOT,9,,Pass_Pasar,52,3,583,Yes / Si,581.666667,0,0,,182,180.5,541.5,2,13.5,14.4,,,,2,0.35,0.39,,,,2450,,,,,,,,,,,11/12/2024,Pisco,Lote 4,Santa Bernardina Uva,Pisco,47.28,86987,9118,Generica
2022-2023,13/12/2024,16:06,Formulario Registro Inspeccion Uva,Pisco,Andres Caceres,True,Perú,Pisco,EEUU,,First Inspection,1095300:05:00,AIREN,8,,Pass_Pasar,5,2,580,Yes / Si,579,0,0,,182,180,360,3,13.2,12.8,13.1,,,3,0.32,0.29,0.4,,,2450,,,,,,,,,,,11/12/2024,Pisco,Lote 5,Santa Bernardina Uva,Pisco,72.27,86988,9118,Generica
2022-2023,14/12/2024,12:41,Formulario Registro Inspeccion Uva,Pisco,Andres Caceres,False,Perú,Pisco,EEUU,,First Inspection,1095345:24:00,MERLOT,8,,Pass_Pasar,260,8,358,Yes / Si,355.25,8,0,,87,86.5,692,1,13.2,,,,,1,0.35,,,,,2450,,,,,,,,,,,13/12/2024,Pisco,Lote 3,Santa Bernardina Uva,Pisco,313.27,86986,9116,Generica
2022-2023,14/12/2024,12:15,Formulario Registro Inspeccion Uva,Pisco,Andres Caceres,True,Perú,Pisco,EEUU,,First Inspection,1095297:08:00,MERLOT,8,,Pass_Pasar,260,12,357,Yes / Si,355.5,12,0,,94,91,1092,3,13.4,14.2,12.8,,,3,0.4,0.36,0.42,,,2450,,,,,,,,,,,11/12/2024,Pisco,Lote 3,Santa Bernardina Uva,Pisco,313.27,86986,9116,Generica
2022-2023,17/12/2024,22:47,Formulario Registro Inspeccion Uva,Ica,Gloria A.,True,Perú,Ica,EEUU,,First Inspection,1095448:34:00,AIREN,10,,Pass_Pasar,204,10,360,Yes / Si,358.7,10,0,,92,90.5,905,3,13,11.2,15,,,3,0.4,0.64,0.29,,,2451,,,,,,,,,,,17/12/2024,Ica,Lote 35,Agricultores del Sol,Ica,129.08,87018,9116,Generica
2022-2023,17/12/2024,21:29,Formulario Registro Inspeccion Uva,Ica,Guadalupe,True,Perú,Ica,EEUU,,First Inspection,1095423:30:00,AIREN,7,,Pass_Pasar,110,4,583,Yes / Si,580.25,0,0,,173,171,684,3,13,12.7,12.9,,,3,0.34,0.29,0.24,,,2451,,,,,,,,,,,16/12/2024,Pisco,Lote 20,Agricultores Unidos,Pisco,344.98,87003,9118,Generica
2022-2023,17/12/2024,21:07,Formulario Registro Inspeccion Uva,Ica,Guadalupe,True,Perú,Ica,EEUU,,First Inspection,1095422:40:00,AIREN,7,,Pass_Pasar,276,11,362,Yes / Si,355.545455,11,0,,148,147.5,1622.5,3,14.2,12.7,14.4,,,3,0.31,0.8,0.33,,,2451,,,,,,,,,,,16/12/2024,Pisco,Lote 20,Agricultores Unidos,Pisco,344.98,87003,9116,Generica
2022-2023,17/12/2024,20:59,Formulario Registro Inspeccion Uva,Ica,Guadalupe,False,Perú,Ica,EEUU,,Second Inspection,1095417:14:00,AIREN,10,,Pass_Pasar,55,4,354,Yes / Si,333.25,4,0,,175,165.5,662,1,13.2,,,,,1,0.28,,,,,2451,,,,,,,,,,,16/12/2024,Ica,Lote 37,Tierra Linda,Ica,31.63,87020,9108,Generica
2022-2023,17/12/2024,20:55,Formulario Registro Inspeccion Uva,Ica,Guadalupe,True,Perú,Ica,EEUU,,First Inspection,1095416:52:00,MERLOT,10,,Pass_Pasar,120,6,344,Yes / Si,340.166667,6,0,,91,96.5,579,1,15.5,,,,,1,0.4,,,,,2451,,,,,,,,,,,16/12/2024,Ica,Lote 37,Tierra Linda,Ica,31.63,87020,9108,Generica
2022-2023,17/12/2024,20:52,Formulario Registro Inspeccion Uva,Ica,Guadalupe,False,Perú,Ica,EEUU,,First Inspection,1095416:30:00,AIREN,10,,Pass_Pasar,57,3,352,Yes / Si,341,3,0,,142,136,408,1,13.2,,,,,1,0.28,,,,,2451,,,,,,,,,,,16/12/2024,Ica,Lote 37,Tierra Linda,Ica,31.63,87020,9108,Generica
2022-2023,17/12/2024,20:43,Formulario Registro Inspeccion Uva,Ica,Guadalupe,True,Perú,Ica,EEUU,,First Inspection,1095416:02:00,AIREN,10,,Pass_Pasar,100,5,358,Yes / Si,356.2,5,0,,114,110,550,3,12.6,12,11.4,,,3,0.51,0.47,0.35,,,2451,,,,,,,,,,,16/12/2024,Ica,Lote 37,Tierra Linda,Ica,31.63,87020,9116,Generica
2022-2023,17/12/2024,20:35,Formulario Registro Inspeccion Uva,Ica,Guadalupe,True,Perú,Ica,EEUU,,First Inspection,1095415:27:00,MERLOT,10,,Pass_Pasar,276,8,359,Yes / Si,356.75,8,0,,94,92,736,3,16.4,15.5,14,,,3,0.55,0.53,0.45,,,2451,,,,,,,,,,,16/12/2024,Ica,Lote 37,Tierra Linda,Ica,31.63,87020,9116,Generica
2022-2023,17/12/2024,18:14,Formulario Registro Inspeccion Uva,Ica,Gloria A.,False,Perú,Ica,ASIA NORTE,,First Inspection,1095446:54:00,VERDEJO,8,,Pass_Pasar,200,9,143,Yes / Si,142.555556,9,0,,33,32.5,292.5,1,13.1,,,,,1,0.41,,,,,2451,,,,,,,,,,,17/12/2024,Ica,Lote 34,Agricultores del Sol,Ica,249.17,87017,9103,Generica
2022-2023,18/12/2024,23:59,Formulario Registro Inspeccion Uva,Ica,Gloria A.,TRUE,Perú,Ica,EEUU,,First Inspection,1095479:51:00,AIREN,10,,Pass_Pasar,276,10,364,Yes / Si,358.8,10,0,,99,98.5,985,5,12,13,10.7,13.5,14.3,5,0.33,0.45,0.24,0.39,0.59,2451,,,,,,,,,,,18/12/2024,Ica,Lote 35,Agricultores del Sol,Ica,129.08,87018,9116,Generica
2022-2023,18/12/2024,23:47,Formulario Registro Inspeccion Uva,Ica,Gloria A.,True,Perú,Ica,EEUU,,First Inspection,1095445:18:00,MERLOT,9,,Pass_Pasar,200,6,346,Yes / Si,343.833333,5,0,,158,150,900,3,17.5,15.1,14.8,,,3,0.49,0.69,0.49,,,2451,,,,,,,,,,,17/12/2024,Ica,Lote 24,Andenes de Andrea,Ica,151.43,87007,9120,Generica
2022-2023,18/12/2024,20:23,Formulario Registro Inspeccion Uva,Ica,Guadalupe,True,Perú,Ica,EEUU,,First Inspection,1095440:45:00,AIREN,10,,Pass_Pasar,204,8,354,Yes / Si,337.625,8,0,,133,126,1008,1,12.2,,,,,1,0.28,,,,,2451,,,,,,,,,,,17/12/2024,Ica,Lote 37,Tierra Linda,Ica,31.63,87020,9108,Generica
2022-2023,18/12/2024,20:18,Formulario Registro Inspeccion Uva,Ica,Guadalupe,True,Perú,Ica,EEUU,,First Inspection,1095440:15:00,AIREN,10,,Pass_Pasar,195,10,362,Yes / Si,357.2,10,0,,95,99,990,3,12,12.4,13.4,,,3,0.48,0.49,0.27,,,2451,,,,,,,,,,,17/12/2024,Ica,Lote 37,Tierra Linda,Ica,31.63,87020,9116,Generica
2022-2023,18/12/2024,19:59,Formulario Registro Inspeccion Uva,Ica,Guadalupe,True,Perú,Ica,EEUU,,First Inspection,1095439:39:00,AIREN,10,,Pass_Pasar,183,10,359,Yes / Si,356.3,10,0,,103,102,1020,3,13.3,13,13.3,,,3,0.48,0.29,0.37,,,2451,,,,,,,,,,,17/12/2024,Ica,Lote 37,Tierra Linda,Ica,31.63,87020,9116,Generica
2022-2023,18/12/2024,19:09,Formulario Registro Inspeccion Uva,Ica,Guadalupe,True,Perú,Ica,EEUU,,First Inspection,1094743:33:00,MERLOT,11,,Pass_Pasar,53,3,357,Yes / Si,356,3,0,,96,98,294,3,16,15.4,16.8,,,3,0.34,0.39,0.55,,,2451,,,,,,,,,,,18/11/2024,Ica,Lote 37,Tierra Linda,Ica,31.63,87020,9116,Generica
2022-2023,19/12/2024,21:18,Formulario Registro Inspeccion Uva,Ica,Gloria A.,True,Perú,Ica,EEUU,,First Inspection,1095443:20:00,AIREN,8,,Pass_Pasar,204,5,346,Yes / Si,340.6,0,0,,118,116.5,582.5,1,15.7,,,,,1,0.79,,,,,2451,,,,,,,,,,,17/12/2024,Ica,Lote 6,Uvas del Sabor,Ica,215.56,86989,9110,Organica
2022-2023,19/12/2024,21:14,Formulario Registro Inspeccion Uva,Ica,Gloria A.,True,Perú,Ica,EEUU,,First Inspection,1095491:34:00,PINOT,7,,Pass_Pasar,204,5,353,Yes / Si,343.4,0,0,,130,125.5,627.5,1,14,,,,,1,0.75,,,,,2451,,,,,,,,,,,19/12/2024,Ica,Lote 6,Uvas del Sabor,Ica,215.56,86989,9110,Organica
2022-2023,19/12/2024,19:11,Formulario Registro Inspeccion Uva,Ica,Guadalupe,TRUE,Perú,Ica,EEUU,,First Inspection,1095496:15:00,MERLOT,10,,Pass_Pasar,30,6,359,Yes / Si,358.75,6,0,,118,115,690,5,13.1,15,13.3,13.6,13.3,5,0.4,0.33,0.41,0.31,0.5,2451,,,,,,,,,,,19/12/2024,Ica,Lote 35,Agricultores del Sol,Ica,129.08,87018,9116,Generica
2022-2023,19/12/2024,19:07,Formulario Registro Inspeccion Uva,Ica,Guadalupe,TRUE,Perú,Ica,EEUU,,First Inspection,1095495:17:00,AIREN,9,,Pass_Pasar,20,4,360,Yes / Si,359.25,4,0,,108,107.5,430,5,12.8,15.1,14.7,14.7,13.1,5,0.48,0.26,0.5,0.37,0.75,2451,,,,,,,,,,,19/12/2024,Ica,Lote 35,Agricultores del Sol,Ica,129.08,87018,9116,Generica
2022-2023,19/12/2024,18:58,Formulario Registro Inspeccion Uva,Ica,Guadalupe,True,Perú,Ica,EEUU,,First Inspection,1095466:45:00,VERDEJO,7,,Pass_Pasar,204,8,348,Yes / Si,331,8,0,,131,126,1008,1,10,,,,,1,1.15,,,,,2451,,,,,,,,,,,18/12/2024,Ica,Lote 26,Andenes de Andrea,Ica,84.47,87009,9108,Generica
2022-2023,19/12/2024,18:54,Formulario Registro Inspeccion Uva,Ica,Guadalupe,False,Perú,Ica,ASIA NORTE,,First Inspection,1095466:00:00,VERDEJO,7,,Pass_Pasar,375,16,151,Yes / Si,143.4375,13,3,136,34,32.5,520,1,10.9,,,,,1,0.95,,,,,2451,,,,,,,,,,,18/12/2024,Ica,Lote 26,Andenes de Andrea,Ica,84.47,87009,9103,Generica
2022-2023,19/12/2024,18:47,Formulario Registro Inspeccion Uva,Ica,Guadalupe,True,Perú,Ica,EEUU,,First Inspection,1095463:38:00,AIREN,8,,Pass_Pasar,204,8,340,Yes / Si,334.125,8,0,,129,128,1024,1,12.6,,,,,1,0.66,,,,,2451,,,,,,,,,,,18/12/2024,Ica,Lote 37,Tierra Linda,Ica,31.63,87020,9108,Generica
2022-2023,19/12/2024,18:43,Formulario Registro Inspeccion Uva,Ica,Guadalupe,TRUE,Perú,Ica,EEUU,,First Inspection,1095463:25:00,AIREN,8,,Pass_Pasar,276,11,359,Yes / Si,356.545455,11,0,,94,93.5,1028.5,5,12.9,12.4,13.3,12.9,13.2,5,0.6,0.43,0.32,0.43,0.56,2451,,,,,,,,,,,18/12/2024,Ica,Lote 37,Tierra Linda,Ica,31.63,87020,9116,Generica
2022-2023,19/12/2024,0:04,Formulario Registro Inspeccion Uva,Ica,Gloria A.,TRUE,Perú,Ica,EEUU,,First Inspection,1095456:00:00,AIREN,10,,Pass_Pasar,135,5,359,Yes / Si,358.8,5,0,,,,,5,12.6,9.6,11.4,12.5,12.6,5,0.28,0.28,0.52,0.24,0.28,2451,,,,,,,,,,,18/12/2024,Ica,Lote 35,Agricultores del Sol,Ica,129.08,87018,9116,Generica
2022-2023,20/12/2024,23:29,Formulario Registro Inspeccion Uva,Ica,Gloria A.,TRUE,Perú,Ica,EEUU,,First Inspection,1095490:32:00,MERLOT,9,,Pass_Pasar,204,10,357,Yes / Si,351.3,9,0,,120,119,1190,5,16,16.5,17.6,13,15.9,5,0.51,0.58,0.71,0.41,0.76,2451,,,,,,,,,,,19/12/2024,Ica,Lote 24,Andenes de Andrea,Ica,151.43,87007,9120,Generica
2022-2023,20/12/2024,22:56,Formulario Registro Inspeccion Uva,Ica,Gloria A.,False,Perú,Ica,EEUU,,First Inspection,1095491:11:00,MERLOT,9,,Pass_Pasar,204,8,339,Yes / Si,334.25,8,0,,218,213,1704,1,15,,,,,1,0.53,,,,,2451,,,,,,,,,,,19/12/2024,Ica,Lote 24,Andenes de Andrea,Ica,151.43,87007,9108,Generica
2022-2023,20/12/2024,21:23,Formulario Registro Inspeccion Uva,Ica,Guadalupe,True,Perú,Ica,EEUU,,First Inspection,1095491:39:00,VERDEJO,6,,Pass_Pasar,110,4,578,Yes / Si,577.25,4,0,,174,170,680,1,11.3,,,,,1,0.72,,,,,2451,,,,,,,,,,,19/12/2024,Pisco,Lote 20,Agricultores Unidos,Pisco,344.98,87003,9111,Generica
2022-2023,20/12/2024,21:18,Formulario Registro Inspeccion Uva,Ica,Guadalupe,True,Perú,Ica,EUROPA,No,First Inspection,1095490:40:00,AIREN,6,,Pass_Pasar,195,7,333,Yes / Si,331.428571,0,0,,160,159,1113,1,13.5,,,,,1,0.32,,,,,2451,,,,,,,,,,,19/12/2024,Ica,Lote 19,Agricultores Unidos,Ica,79.51,87002,9098,Generica
2022-2023,20/12/2024,21:13,Formulario Registro Inspeccion Uva,Ica,Guadalupe,True,Perú,Ica,ASIA NORTE,,First Inspection,1095490:00:00,AIREN,6,,Pass_Pasar,375,12,149,Yes / Si,144.416667,12,0,,38,37.5,450,1,13.6,,,,,1,0.48,,,,,2451,,,,,,,,,,,19/12/2024,Ica,Lote 19,Agricultores Unidos,Ica,79.51,87002,9103,Generica
2022-2023,20/12/2024,21:07,Formulario Registro Inspeccion Uva,Ica,Guadalupe,True,Perú,Ica,EEUU,,First Inspection,1095489:10:00,AIREN,8,,Pass_Pasar,204,8,341,Yes / Si,333.625,8,0,,132,126,1008,1,12.2,,,,,1,0.49,,,,,2451,,,,,,,,,,,19/12/2024,Ica,Lote 37,Tierra Linda,Ica,31.63,87020,9108,Generica
2022-2023,20/12/2024,20:57,Formulario Registro Inspeccion Uva,Ica,Guadalupe,True,Perú,Ica,EEUU,,First Inspection,1095488:46:00,AIREN,8,,Pass_Pasar,242,10,361,Yes / Si,355.6,10,0,,89,94.5,945,5,13.4,11.9,13.6,11.9,12.5,5,0.41,0.48,0.52,0.56,1.17,2451,,,,,,,,,,,19/12/2024,Ica,Lote 37,Tierra Linda,Ica,31.63,87020,9116,Generica
2022-2023,20/12/2024,20:35,Formulario Registro Inspeccion Uva,Ica,Guadalupe,True,Perú,Ica,EEUU,,First Inspection,1095487:53:00,MERLOT,8,,Pass_Pasar,38,3,345,Yes / Si,339,3,0,,97,106,318,1,14.6,,,,,1,0.55,,,,,2451,,,,,,,,,,,19/12/2024,Ica,Lote 37,Tierra Linda,Ica,31.63,87020,9108,Generica
2022-2023,20/12/2024,20:28,Formulario Registro Inspeccion Uva,Ica,Guadalupe,True,Perú,Ica,EEUU,,First Inspection,1095488:19:00,AIREN,8,,Pass_Pasar,141,7,360,Yes / Si,357.857143,7,0,,99,94.5,661.5,5,13.4,12.1,12.5,13,12.4,5,0.49,0.5,0.48,0.57,0.5,2451,,,,,,,,,,,19/12/2024,Ica,Lote 37,Tierra Linda,Ica,31.63,87020,9116,Generica
2022-2023,20/12/2024,20:19,Formulario Registro Inspeccion Uva,Ica,Guadalupe,True,Perú,Ica,EEUU,,First Inspection,1095487:27:00,MERLOT,8,,Pass_Pasar,60,4,359,Yes / Si,356.75,4,0,,107,105,420,5,16.1,13.7,15.3,14.5,15.4,5,0.44,0.39,0.82,0.4,0.54,2451,,,,,,,,,,,19/12/2024,Ica,Lote 37,Tierra Linda,Ica,31.63,87020,9116,Generica
2022-2023,26/12/2024,15:34,Formulario Registro Inspeccion Uva,Ica,Gloria A.,True,Perú,Ica,EEUU,,First Inspection,1095662:14:00,AIREN,10,,Pass_Pasar,276,10,360,Yes / Si,358.85,10,0,,124,121.5,1215,5,14.5,13.1,13.4,14.9,15.6,5,0.47,0.46,0.25,0.48,0.28,2452,,,,,,,,,,,26/12/2024,Ica,Lote 35,Agricultores del Sol,Ica,129.08,87018,9116,Generica
2022-2023,26/12/2024,14:52,Formulario Registro Inspeccion Uva,Ica,Gloria A.,True,Perú,Ica,EEUU,,First Inspection,1095662:28:00,VERDEJO,10,,Pass_Pasar,204,8,348.5,Yes / Si,348.125,8,0,,127,123.5,988,1,12.6,,,,,1,0.65,,,,,2452,,,,,,,,,,,26/12/2024,Ica,Lote 35,Agricultores del Sol,Ica,129.08,87018,9108,Generica
2022-2023,26/12/2024,14:13,Formulario Registro Inspeccion Uva,Ica,Gloria A.,True,Perú,Ica,EEUU,,First Inspection,1095658:19:00,MERLOT,9,,Pass_Pasar,276,10,354,Yes / Si,349,9,0,,127,125,1250,5,17.4,16.6,15.8,17.2,15.8,5,0.49,0.52,0.36,0.5,0.41,2452,,,,,,,,,,,26/12/2024,Ica,Lote 24,Andenes de Andrea,Ica,151.43,87007,9120,Generica
2022-2023,26/12/2024,14:12,Formulario Registro Inspeccion Uva,Ica,Gloria A.,False,Perú,Ica,ASIA NORTE,,First Inspection,1095611:50:00,VERDEJO,6,,Pass_Pasar,390,16,164,No,,,,,34,33.5,536,1,10.1,,,,,1,0.96,,,,,2452,,,,,,,,,,,24/12/2024,Ica,Lote 26,Andenes de Andrea,Ica,84.47,87009,9103,Generica
2022-2023,27/12/2024,17:15,Formulario Registro Inspeccion Uva,Ica,Guadalupe,True,Perú,Ica,EEUU,,First Inspection,1095658:13:00,MERLOT,8,,Pass_Pasar,110,4,586,Yes / Si,584.5,0,0,,167,164.5,658,5,10.3,14.1,13,12.6,14.9,5,0.35,0.34,0.41,0.45,0.33,2452,,,,,,,,,,,26/12/2024,Pisco,Lote 20,Agricultores Unidos,Pisco,344.98,87003,9118,Generica
2022-2023,27/12/2024,17:11,Formulario Registro Inspeccion Uva,Ica,Guadalupe,True,Perú,Ica,EEUU,,First Inspection,1095657:25:00,MERLOT,8,,Pass_Pasar,89,4,584,Yes / Si,581.75,0,0,,164,157,628,5,14.5,15.2,14.5,13,12.6,5,0.31,0.35,0.32,0.31,0.33,2452,,,,,,,,,,,26/12/2024,Pisco,Lote 20,Agricultores Unidos,Pisco,344.98,87003,9118,Generica
2022-2023,27/12/2024,16:28,Formulario Registro Inspeccion Uva,Ica,Guadalupe,True,Perú,Ica,EEUU,,First Inspection,1095655:56:00,AIREN,8,,Pass_Pasar,204,8,342,Yes / Si,334.25,8,0,,109,108.5,868,1,12.5,,,,,1,0.46,,,,,2452,,,,,,,,,,,26/12/2024,Ica,Lote 37,Tierra Linda,Ica,31.63,87020,9108,Generica
2022-2023,27/12/2024,16:21,Formulario Registro Inspeccion Uva,Ica,Guadalupe,True,Perú,Ica,EEUU,,First Inspection,1095655:20:00,AIREN,8,,Pass_Pasar,150,8,352,Yes / Si,339,8,0,,98,107,856,1,12.5,,,,,1,0.39,,,,,2452,,,,,,,,,,,26/12/2024,Ica,Lote 37,Tierra Linda,Ica,31.63,87020,9108,Generica
2022-2023,27/12/2024,14:54,Formulario Registro Inspeccion Uva,Pisco,Andres Caceres,True,Perú,Pisco,EEUU,,First Inspection,1095682:47:00,AIREN,8,,Pass_Pasar,60,3,0,Yes / Si,0,3,0,,216,213,639,1,12.3,,,,,1,0.58,,,,,2452,,,,,,,,,,,27/12/2024,Pisco,Lote 10,Eden del Norte,Pisco,76.26,86993,9108,Generica
2022-2023,27/12/2024,14:42,Formulario Registro Inspeccion Uva,Pisco,Andres Caceres,True,Perú,Pisco,EEUU,,First Inspection,1095683:37:00,AIREN,8,,Pass_Pasar,24,3,359,Yes / Si,359,3,0,,116,113.5,340.5,5,13,14.1,13.2,13.4,13.1,5,0.3,0.19,0.2,0.23,0.3,2452,,,,,,,,,,,27/12/2024,Pisco,Lote 10,Eden del Norte,Pisco,76.26,86993,9116,Generica
2022-2023,27/12/2024,14:33,Formulario Registro Inspeccion Uva,Pisco,Andres Caceres,True,Perú,Pisco,EEUU,,First Inspection,1095682:24:00,AIREN,8,,Pass_Pasar,36,6,360,Yes / Si,359.083333,6,0,,118,115,690,5,12.9,13.1,12.7,12.8,13.1,5,0.29,0.6,0.35,0.32,0.36,2452,,,,,,,,,,,27/12/2024,Pisco,Lote 10,Eden del Norte,Pisco,76.26,86993,9116,Generica
2022-2023,28/12/2024,1:51,Formulario Registro Inspeccion Uva,Pisco,Andres Caceres,True,Perú,Pisco,EEUU,,First Inspection,1095657:43:00,TINTORERA,9,,Pass_Pasar,80,3,0,Yes / Si,0,3,0,,190,188,564,1,11.8,,,,,1,0.28,,,,,2452,,,,,,,,,,,26/12/2024,Pisco,Lote 4,Santa Bernardina Uva,Pisco,47.28,86987,9108,Generica
2022-2023,28/12/2024,1:37,Formulario Registro Inspeccion Uva,Pisco,Andres Caceres,True,Perú,Pisco,EEUU,,First Inspection,1095609:19:00,MERLOT,9,,Pass_Pasar,120,3,0,Yes / Si,0,3,0,,160,157.5,472.5,1,13.2,,,,,1,0.55,,,,,2452,,,,,,,,,,,24/12/2024,Pisco,Lote 4,Santa Bernardina Uva,Pisco,47.28,86987,9108,Generica
2022-2023,31/12/2024,11:13,Formulario Registro Inspeccion Uva,Pisco,Andres Caceres,False,Perú,Pisco,EEUU,,First Inspection,1095704:45:00,AIREN,8,,Pass_Pasar,75,2,584,Yes / Si,583,0,0,,199,195,390,5,12.5,13.3,12.9,14.2,13.9,5,0.29,0.51,0.49,0.35,0.41,2453,,,,,,,,,,,28/12/2024,Pisco,Lote 5,Santa Bernardina Uva,Pisco,72.27,86988,9118,Generica
2022-2023,2/1/2025,23:38,Formulario Registro Inspeccion Uva,Ica,Gloria A.,False,Perú,Ica,EEUU,,First Inspection,1095758:39:00,MERLOT,10,,Pass_Pasar,204,8,346,Yes / Si,336.375,8,0,,206,197.5,1580,1,16,,,,,1,0.63,,,,,2501,,,,,,,,,,,30/12/2024,Ica,Lote 24,Andenes de Andrea,Ica,151.43,87007,9108,Generica
2022-2023,2/1/2025,23:31,Formulario Registro Inspeccion Uva,Ica,Gloria A.,True,Perú,Ica,EEUU,,First Inspection,1095783:34:00,MERLOT,9,,Pass_Pasar,102,4,356,Yes / Si,348.75,4,0,,185,179.5,718,1,16.4,,,,,1,0.87,,,,,2501,,,,,,,,,,,31/12/2024,Ica,Lote 24,Andenes de Andrea,Ica,151.43,87007,9108,Generica
2022-2023,2/1/2025,20:24,Formulario Registro Inspeccion Uva,Ica,Guadalupe,TRUE,Perú,Ica,EEUU,,First Inspection,1095758:40:00,MERLOT,10,,Pass_Pasar,204,10,360,Yes / Si,352.4,9,0,,134,133,1330,5,16.2,15.9,12.9,18.2,15.3,5,0.61,0.59,0.62,0.43,0.79,2501,,,,,,,,,,,30/12/2024,Ica,Lote 24,Andenes de Andrea,Ica,151.43,87007,9120,Generica
2022-2023,3/1/2025,16:56,Formulario Registro Inspeccion Uva,Ica,Guadalupe,True,Perú,Ica,EEUU,,First Inspection,1095824:57:00,VERDEJO,5,,Pass_Pasar,204,8,338,Yes / Si,334.125,0,0,,91,90.5,724,1,10.6,,,,,1,0.88,,,,,2501,,,,,,,,,,,2/1/2025,Ica,Lote 17,Agricultores Unidos,Ica,54.61,87000,9112,Generica
2022-2023,3/1/2025,16:50,Formulario Registro Inspeccion Uva,Ica,Guadalupe,True,Perú,Ica,EEUU,,First Inspection,1095824:43:00,VERDEJO,5,,Pass_Pasar,110,4,589,Yes / Si,584.25,4,0,,144,144,576,1,10.6,,,,,1,0.89,,,,,2501,,,,,,,,,,,2/1/2025,Ica,Lote 17,Agricultores Unidos,Ica,54.61,87000,9111,Generica
2022-2023,3/1/2025,16:46,Formulario Registro Inspeccion Uva,Ica,Guadalupe,True,Perú,Ica,EEUU,,First Inspection,1095824:07:00,VERDEJO,5,,Pass_Pasar,110,4,590,Yes / Si,586.75,4,0,,190,190,760,1,11.3,,,,,1,0.96,,,,,2501,,,,,,,,,,,2/1/2025,Ica,Lote 16,Agricultores Unidos,Ica,19.49,86999,9111,Generica
2022-2023,3/1/2025,16:38,Formulario Registro Inspeccion Uva,Ica,Guadalupe,True,Perú,Ica,EEUU,,First Inspection,1095823:23:00,AIREN,7,,Pass_Pasar,204,8,340,Yes / Si,335.875,8,0,,121,116,928,1,13.3,,,,,1,0.53,,,,,2501,,,,,,,,,,,2/1/2025,Ica,Lote 37,Tierra Linda,Ica,31.63,87020,9108,Generica
2022-2023,3/1/2025,15:29,Formulario Registro Inspeccion Uva,Ica,Gloria A.,False,Perú,Ica,EEUU,,First Inspection,1095783:24:00,AIREN,9,,Pass_Pasar,204,5,344,Yes / Si,340.4,0,0,,82,80.5,402.5,1,14.4,,,,,1,0.63,,,,,2501,,,,,,,,,,,31/12/2024,Ica,Lote 6,Uvas del Sabor,Ica,215.56,86989,9110,Organica
2022-2023,3/1/2025,15:14,Formulario Registro Inspeccion Uva,Ica,Gloria A.,True,Perú,Ica,EEUU,,First Inspection,1095778:47:00,PINOT,11,,Pass_Pasar,204,5,348,No,,,,,130,127,635,1,14.4,,,,,1,0.71,,,,,2501,,,,,,,,,,,31/12/2024,Ica,Lote 6,Uvas del Sabor,Ica,215.56,86989,9110,Organica
2022-2023,3/1/2025,15:08,Formulario Registro Inspeccion Uva,Ica,Gloria A.,True,Perú,Ica,EEUU,,First Inspection,1095730:29:00,TINTORERA,11,,Pass_Pasar,204,5,346,Yes / Si,343.2,0,0,,127,125,625,1,12,,,,,1,0.5,,,,,2501,,,,,,,,,,,29/12/2024,Ica,Lote 6,Uvas del Sabor,Ica,215.56,86989,9110,Organica
2022-2023,8/1/2025,23:59,Formulario Registro Inspeccion Uva,Pisco,Andres Caceres,False,Perú,Pisco,EEUU,,First Inspection,1095658:53:00,AIREN,9,,Pass_Pasar,1,1,359,Yes / Si,359,1,0,,400,400,400,3,13.1,12.5,11.4,,,3,0.26,0.23,0.25,,,2502,,,,,,,,,,,26/12/2024,Pisco,Lote 3,Santa Bernardina Uva,Pisco,313.27,86986,9116,Generica
2022-2023,8/1/2025,23:52,Formulario Registro Inspeccion Uva,Pisco,Andres Caceres,TRUE,Perú,Pisco,EEUU,,First Inspection,1095657:45:00,AIREN,9,,Pass_Pasar,1,1,358,Yes / Si,358,1,0,,402,402,402,3,14.3,14.9,11.4,,,3,0.26,0.23,0.25,,,2502,,,,,,,,,,,26/12/2024,Pisco,Lote 3,Santa Bernardina Uva,Pisco,313.27,86986,9116,Generica
2022-2023,8/1/2025,23:43,Formulario Registro Inspeccion Uva,Pisco,Andres Caceres,TRUE,Perú,Pisco,EEUU,,First Inspection,1095660:34:00,MERLOT,9,,Pass_Pasar,1,1,358,Yes / Si,358,1,0,,329,329,329,3,13.2,12.9,14,,,3,0.31,0.27,0.32,,,2502,,,,,,,,,,,26/12/2024,Pisco,Lote 3,Santa Bernardina Uva,Pisco,313.27,86986,9116,Generica
2022-2023,8/1/2025,22:23,Formulario Registro Inspeccion Uva,Pisco,Andres Caceres,False,Perú,Pisco,EEUU,,First Inspection,1095657:19:00,MERLOT,9,,Pass_Pasar,1,1,359,Yes / Si,359,1,0,,334,334,334,3,14.8,14,13.6,,,3,0.24,0.19,0.33,,,2502,,,,,,,,,,,26/12/2024,Pisco,Lote 3,Santa Bernardina Uva,Pisco,313.27,86986,9116,Generica
2022-2023,8/1/2025,22:16,Formulario Registro Inspeccion Uva,Pisco,Andres Caceres,False,Perú,Pisco,EEUU,,First Inspection,1095658:11:00,MERLOT,9,,Pass_Pasar,1,1,359,Yes / Si,359,1,0,,323,323,323,3,13.1,14,13.6,,,3,0.39,0.29,0.2,,,2502,,,,,,,,,,,26/12/2024,Pisco,Lote 3,Santa Bernardina Uva,Pisco,313.27,86986,9116,Generica
2022-2023,8/1/2025,22:00,Formulario Registro Inspeccion Uva,Pisco,Andres Caceres,False,Perú,Pisco,EEUU,,First Inspection,1104417:53:00,MERLOT,9,,Pass_Pasar,1,1,359,Yes / Si,359,1,0,,334,334,334,3,14.8,14,13.6,,,3,0.24,0.19,0.33,,,2502,,,,,,,,,,,26/12/2025,Pisco,Lote 3,Santa Bernardina Uva,Pisco,313.27,86986,9116,Generica
2022-2023,8/1/2025,21:49,Formulario Registro Inspeccion Uva,Pisco,Andres Caceres,False,Perú,Pisco,EEUU,,First Inspection,1104439:07:00,MERLOT,9,,Pass_Pasar,1,1,359,Yes / Si,359,1,0,,323,323,323,3,13.1,14,13.6,,,3,0.39,0.29,0.2,,,2502,,,,,,,,,,,27/12/2025,Pisco,Lote 3,Santa Bernardina Uva,Pisco,313.27,86986,9116,Generica
2022-2023,8/1/2025,15:00,Formulario Registro Inspeccion Uva,Ica,Gloria A.,True,Perú,Ica,EEUU,,First Inspection,1095974:35:00,PINOT,7,,Pass_Pasar,204,8,349,Yes / Si,347.5625,8,0,,120,119.5,956,1,16,,,,,1,0.34,,,,,2502,,,,,,,,,,,8/1/2025,Ica,Lote 34,Agricultores del Sol,Ica,249.17,87017,9108,Generica
2022-2023,8/1/2025,0:08,Formulario Registro Inspeccion Uva,Ica,Gloria A.,False,Perú,Ica,EEUU,,First Inspection,1095935:58:00,MERLOT,7,,Pass_Pasar,276,10,359,Yes / Si,355.4,10,0,,116,113,1130,5,13.9,10.6,13.3,11.8,11.9,5,0.32,0.64,0.25,0.35,0.44,2502,,,,,,,,,,,6/1/2025,Pisco,Lote 20,Agricultores Unidos,Pisco,344.98,87003,9116,Generica
2022-2023,9/1/2025,22:53,Formulario Registro Inspeccion Uva,Pisco,Andres Caceres,True,Perú,Pisco,ASIA NORTE,,First Inspection,1095999:47:00,AIREN,7,,Pass_Pasar,60,8,146,Yes / Si,143.5625,8,0,,41,40,320,3,12.4,12.2,12.3,,,3,0.39,0.42,0.44,,,2502,,,,,,,,,,,9/1/2025,Pisco,Lote 10,Eden del Norte,Pisco,76.26,86993,9103,Generica
2022-2023,9/1/2025,18:29,Formulario Registro Inspeccion Uva,Pisco,Andres Caceres,True,Perú,Pisco,ASIA NORTE,,First Inspection,1096000:21:00,AIREN,7,,Pass_Pasar,80,8,144,Yes / Si,143.0625,8,0,,49,48.5,388,3,11.8,12.4,12.2,,,3,0.45,0.49,0.51,,,2502,,,,,,,,,,,9/1/2025,Pisco,Lote 10,Eden del Norte,Pisco,76.26,86993,9102,Generica
2022-2023,9/1/2025,15:22,Formulario Registro Inspeccion Uva,Pisco,Andres Caceres,False,Perú,Pisco,ASIA NORTE,,First Inspection,1095994:21:00,AIREN,7,,Fail_Fallar,80,12,144,Yes / Si,142.458333,10,2,140.5,,,,,,,,,,,,,,,,2502,,,,,,,,,,,9/1/2025,Pisco,Lote 10,Eden del Norte,Pisco,76.26,86993,9102,Generica
2022-2023,9/1/2025,15:07,Formulario Registro Inspeccion Uva,Pisco,Andres Caceres,False,Perú,Pisco,ASIA NORTE,,First Inspection,1095994:03:00,AIREN,7,,Fail_Fallar,80,8,145,Yes / Si,142.8125,7,1,140.5,,,,,,,,,,,,,,,,2502,,,,,,,,,,,9/1/2025,Pisco,Lote 10,Eden del Norte,Pisco,76.26,86993,9103,Generica
2022-2023,9/1/2025,11:01,Formulario Registro Inspeccion Uva,Ica,Gloria A.,True,Perú,Ica,EEUU,,First Inspection,1095975:03:00,VERDEJO,7,,Pass_Pasar,204,8,349,Yes / Si,347.5,8,0,,106,103,824,1,12.7,,,,,1,0.54,,,,,2502,,,,,,,,,,,8/1/2025,Ica,Lote 35,Agricultores del Sol,Ica,129.08,87018,9108,Generica
2022-2023,9/1/2025,0:04,Formulario Registro Inspeccion Uva,Pisco,Andres Caceres,TRUE,Perú,Pisco,EEUU,,First Inspection,1095657:00:00,AIREN,9,,Pass_Pasar,1,1,358,No,,,,,422,422,422,3,13.6,14.3,13.8,,,3,0.25,0.27,0.27,,,2502,,,,,,,,,,,26/12/2024,Pisco,Lote 3,Santa Bernardina Uva,Pisco,313.27,86986,9116,Generica
2022-2023,10/1/2025,23:16,Formulario Registro Inspeccion Uva,Ica,Gloria A.,False,Perú,Ica,EEUU,,First Inspection,1095934:42:00,MERLOT,7,,Pass_Pasar,276,10,359,No,,,,,113,111.5,1115,5,13.9,10.6,13.3,11.9,11.8,5,0.64,0.54,0.25,0.35,0.44,2502,,,,,,,,,,,6/1/2025,Pisco,Lote 20,Agricultores Unidos,Pisco,344.98,87003,9116,Generica
2022-2023,10/1/2025,21:52,Formulario Registro Inspeccion Uva,Ica,Gloria A.,True,Perú,Ica,EEUU,,First Inspection,1095926:50:00,TINTORERA,10,,Pass_Pasar,204,5,349,Yes / Si,345.2,0,0,,140,131.5,657.5,1,11.3,,,,,1,0.73,,,,,2502,,,,,,,,,,,6/1/2025,Ica,Lote 6,Uvas del Sabor,Ica,215.56,86989,9110,Organica
2022-2023,10/1/2025,15:46,Formulario Registro Inspeccion Uva,Ica,Gloria A.,True,Perú,Ica,EEUU,,First Inspection,1095951:19:00,PINOT,9,,Pass_Pasar,204,5,343,Yes / Si,341.6,0,0,,124,122,610,1,14.1,,,,,1,0.5,,,,,2502,,,,,,,,,,,7/1/2025,Ica,Lote 6,Uvas del Sabor,Ica,215.56,86989,9110,Organica
2022-2023,14/1/2025,23:08,Formulario Registro Inspeccion Uva,Ica,Gloria A.,True,Perú,Ica,EEUU,,First Inspection,1096094:31:00,AIREN,6,,Pass_Pasar,190,4,583,Yes / Si,581.5,4,0,,178,175,700,1,13.7,,,,,1,0.64,,,,,2503,,,,,,,,,,,13/1/2025,Pisco,Lote 20,Agricultores Unidos,Pisco,344.98,87003,9111,Generica
2022-2023,14/1/2025,23:06,Formulario Registro Inspeccion Uva,Ica,Gloria A.,True,Perú,Ica,EEUU,,First Inspection,1096118:10:00,VERDEJO,6,,Pass_Pasar,102,4,344,Yes / Si,336.5,4,0,,83,82,328,1,10.1,,,,,1,0.97,,,,,2503,,,,,,,,,,,14/1/2025,Ica,Lote 15,Agricultores Unidos,Ica,62.09,86998,9108,Generica
2022-2023,14/1/2025,9:16,Formulario Registro Inspeccion Uva,Pisco,Andres Caceres,True,Perú,Pisco,EEUU,,First Inspection,1096017:09:00,MERLOT,8,,Pass_Pasar,78,5,0,Yes / Si,0,5,0,,91,97.5,487.5,1,13.4,,,,,1,0.42,,,,,2503,,,,,,,,,,,10/1/2025,Pisco,Lote 3,Santa Bernardina Uva,Pisco,313.27,86986,9108,Generica
2022-2023,14/1/2025,9:05,Formulario Registro Inspeccion Uva,Pisco,Andres Caceres,True,Perú,Pisco,EEUU,,First Inspection,1095992:57:00,MERLOT,8,,Pass_Pasar,115,6,0,Yes / Si,0,6,0,,96,98,588,1,13.1,,,,,1,0.39,,,,,2503,,,,,,,,,,,9/1/2025,Pisco,Lote 3,Santa Bernardina Uva,Pisco,313.27,86986,9108,Generica
2022-2023,14/1/2025,8:53,Formulario Registro Inspeccion Uva,Pisco,Andres Caceres,True,Perú,Pisco,EEUU,,First Inspection,1095968:46:00,MERLOT,7,,Pass_Pasar,85,5,0,Yes / Si,0,5,0,,94,98,490,1,12.8,,,,,1,0.46,,,,,2503,,,,,,,,,,,8/1/2025,Pisco,Lote 3,Santa Bernardina Uva,Pisco,313.27,86986,9108,Generica
2022-2023,14/1/2025,8:11,Formulario Registro Inspeccion Uva,Pisco,Andres Caceres,True,Perú,Pisco,EEUU,,First Inspection,1095920:05:00,MERLOT,7,,Pass_Pasar,100,6,0,Yes / Si,0,6,0,,98,93.5,561,3,12.4,13.1,12.5,,,3,0.5,0.43,0.39,,,2503,,,,,,,,,,,6/1/2025,Pisco,Lote 3,Santa Bernardina Uva,Pisco,313.27,86986,9108,Generica
2022-2023,15/1/2025,22:58,Formulario Registro Inspeccion Uva,Ica,Gloria A.,True,Perú,Ica,EEUU,,First Inspection,1096143:20:00,PINOT,7,,Pass_Pasar,204,8,345,Yes / Si,343.875,8,0,,170,164.5,1316,1,12.8,,,,,1,0.53,,,,,2503,,,,,,,,,,,15/1/2025,Ica,Lote 34,Agricultores del Sol,Ica,249.17,87017,9108,Generica
2022-2023,15/1/2025,22:56,Formulario Registro Inspeccion Uva,Ica,Gloria A.,TRUE,Perú,Ica,EEUU,,First Inspection,1096095:25:00,MERLOT,7,,Pass_Pasar,110,5,356,Yes / Si,354.2,5,0,,115,113,565,5,13.6,13.4,12.7,13.1,14.7,5,0.36,0.37,0.24,0.34,0.38,2503,,,,,,,,,,,13/1/2025,Pisco,Lote 20,Agricultores Unidos,Pisco,344.98,87003,9116,Generica
2022-2023,15/1/2025,15:16,Formulario Registro Inspeccion Uva,Ica,Gloria A.,True,Perú,Ica,EEUU,,First Inspection,1096142:51:00,TINTORERA,7,,Pass_Pasar,204,8,347,Yes / Si,343.875,8,0,,171,165,1320,1,13.3,,,,,1,0.56,,,,,2503,,,,,,,,,,,15/1/2025,Ica,Lote 34,Agricultores del Sol,Ica,249.17,87017,9108,Generica
2022-2023,15/1/2025,14:47,Formulario Registro Inspeccion Uva,Ica,Gloria A.,True,Perú,Ica,EEUU,,First Inspection,1096142:21:00,AIREN,7,,Pass_Pasar,204,8,344,Yes / Si,343.25,8,0,,111,110.5,884,1,12.6,,,,,1,0.53,,,,,2503,,,,,,,,,,,15/1/2025,Ica,Lote 34,Agricultores del Sol,Ica,249.17,87017,9108,Generica
2022-2023,16/1/2025,21:46,Formulario Registro Inspeccion Uva,Ica,Gloria A.,True,Perú,Ica,EEUU,,First Inspection,1096101:09:00,PINOT,7,,Pass_Pasar,204,5,367,Yes / Si,345.6,0,0,,152,146,730,1,15.7,,,,,1,0.69,,,,,2503,,,,,,,,,,,13/1/2025,Ica,Lote 6,Uvas del Sabor,Ica,215.56,86989,9110,Organica
2022-2023,16/1/2025,21:45,Formulario Registro Inspeccion Uva,Ica,Gloria A.,True,Perú,Ica,EEUU,,Second Inspection,1096090:52:00,TINTORERA,7,,Pass_Pasar,204,5,342,Yes / Si,340.8,0,0,,138,126.5,632.5,1,13,,,,,1,0.44,,,,,2503,,,,,,,,,,Yes_Si,13/1/2025,Ica,Lote 6,Uvas del Sabor,Ica,215.56,86989,9110,Organica
2022-2023,16/1/2025,21:40,Formulario Registro Inspeccion Uva,Ica,Gloria A.,False,Perú,Ica,EEUU,,First Inspection,1096043:05:00,AIREN,8,,Pass_Pasar,204,5,343,Yes / Si,339.8,0,0,,98,100,500,1,13.1,,,,,1,0.5,,,,,2503,,,,,,,,,,,11/1/2025,Ica,Lote 6,Uvas del Sabor,Ica,215.56,86989,9110,Organica
2022-2023,16/1/2025,21:17,Formulario Registro Inspeccion Uva,Ica,Gloria A.,True,Perú,Ica,EEUU,,First Inspection,1096166:41:00,TINTORERA,7,,Pass_Pasar,204,8,344,Yes / Si,343.75,8,0,,171,159,1272,1,13,,,,,1,0.59,,,,,2503,,,,,,,,,,,16/1/2025,Ica,Lote 34,Agricultores del Sol,Ica,249.17,87017,9108,Generica
2022-2023,16/1/2025,21:08,Formulario Registro Inspeccion Uva,Ica,Gloria A.,False,Perú,Ica,EEUU,,First Inspection,1096090:18:00,TINTORERA,7,,Pass_Pasar,204,5,341,Yes / Si,340.2,0,0,,137,129,645,1,13,,,,,1,0.44,,,,,2503,,,,,,,,,,,13/1/2025,Ica,Lote 6,Uvas del Sabor,Ica,215.56,86989,9110,Organica
2022-2023,16/1/2025,16:25,Formulario Registro Inspeccion Uva,Ica,Guadalupe,True,Perú,Ica,EEUU,,First Inspection,1096136:41:00,AIREN,7,,Pass_Pasar,139,6,339,Yes / Si,335.333333,6,0,,120,118,708,1,13.6,,,,,1,0.42,,,,,2503,,,,,,,,,,,15/1/2025,Ica,Lote 37,Tierra Linda,Ica,31.63,87020,9108,Generica
2022-2023,16/1/2025,16:23,Formulario Registro Inspeccion Uva,Ica,Guadalupe,True,Perú,Ica,EEUU,,First Inspection,1096136:48:00,MERLOT,7,,Pass_Pasar,63,6,342,Yes / Si,337,6,0,,92,96,576,1,14.2,,,,,1,0.62,,,,,2503,,,,,,,,,,,15/1/2025,Ica,Lote 37,Tierra Linda,Ica,31.63,87020,9108,Generica
2022-2023,17/1/2025,18:23,Formulario Registro Inspeccion Uva,Ica,Guadalupe,True,Perú,Ica,EEUU,,First Inspection,1096161:07:00,MERLOT,7,,Pass_Pasar,139,7,338,Yes / Si,332.142857,7,0,,92,108,756,1,14.3,,,,,1,0.54,,,,,2503,,,,,,,,,,,16/1/2025,Ica,Lote 37,Tierra Linda,Ica,31.63,87020,9108,Generica
2022-2023,21/1/2025,18:56,Formulario Registro Inspeccion Uva,Ica,Guadalupe,True,Perú,Ica,EEUU,,First Inspection,1096289:00:00,AIREN,5,,Pass_Pasar,110,4,584,No,,,,,198,197,788,1,14.3,,,,,1,0.66,,,,,2504,,,,,,,,,,,21/1/2025,Ica,Lote 19,Agricultores Unidos,Ica,79.51,87002,9111,Generica
2022-2023,21/1/2025,18:53,Formulario Registro Inspeccion Uva,Ica,Guadalupe,True,Perú,Ica,EEUU,,First Inspection,1096264:24:00,TINTORERA,6,,Pass_Pasar,204,8,352,Yes / Si,337.25,8,0,,174,172,1376,1,11.8,,,,,1,0.82,,,,,2504,,,,,,,,,,,20/1/2025,Ica,Lote 12,Agricultores Unidos,Ica,152.84,86995,9108,Generica
2022-2023,21/1/2025,18:39,Formulario Registro Inspeccion Uva,Ica,Guadalupe,True,Perú,Ica,EEUU,,First Inspection,1096263:00:00,TINTORERA,5,,Pass_Pasar,204,8,349,Yes / Si,340.625,8,0,,182,181,1448,1,11.8,,,,,1,0.64,,,,,2504,,,,,,,,,,,20/1/2025,Ica,Lote 15,Agricultores Unidos,Ica,62.09,86998,9108,Generica
2022-2023,22/1/2025,19:36,Formulario Registro Inspeccion Uva,Ica,Guadalupe,True,Perú,Ica,EEUU,,First Inspection,1096311:49:00,TINTORERA,7,,Pass_Pasar,50,8,348.5,Yes / Si,347.75,8,0,,183,181,1448,1,12.5,,,,,1,0.68,,,,,2504,,,,,,,,,,,22/1/2025,Ica,Lote 34,Agricultores del Sol,Ica,249.17,87017,9108,Generica
2022-2023,22/1/2025,19:35,Formulario Registro Inspeccion Uva,Ica,Guadalupe,True,Perú,Ica,EEUU,,First Inspection,1096311:32:00,MERLOT,7,,Pass_Pasar,20,6,349,Yes / Si,347.833333,6,0,,120,119,714,1,14,,,,,1,0.58,,,,,2504,,,,,,,,,,,22/1/2025,Ica,Lote 34,Agricultores del Sol,Ica,249.17,87017,9108,Generica
2022-2023,22/1/2025,19:33,Formulario Registro Inspeccion Uva,Ica,Guadalupe,True,Perú,Ica,EEUU,,First Inspection,1096311:07:00,PINOT,7,,Pass_Pasar,50,8,348.5,Yes / Si,347.75,8,0,,145,145,1160,1,15.2,,,,,1,0.73,,,,,2504,,,,,,,,,,,22/1/2025,Ica,Lote 34,Agricultores del Sol,Ica,249.17,87017,9108,Generica
2022-2023,22/1/2025,19:30,Formulario Registro Inspeccion Uva,Ica,Guadalupe,True,Perú,Ica,EEUU,,First Inspection,1096310:38:00,VERDEJO,7,,Pass_Pasar,50,8,348.5,Yes / Si,348,8,0,,140,138,1104,1,11.4,,,,,1,0.62,,,,,2504,,,,,,,,,,,22/1/2025,Ica,Lote 34,Agricultores del Sol,Ica,249.17,87017,9108,Generica
2022-2023,22/1/2025,19:29,Formulario Registro Inspeccion Uva,Ica,Guadalupe,True,Perú,Ica,EEUU,,First Inspection,1096310:18:00,VERDEJO,7,,Pass_Pasar,50,8,350,Yes / Si,347.9375,8,0,,113,109.5,876,1,10.9,,,,,1,0.65,,,,,2504,,,,,,,,,,,22/1/2025,Ica,Lote 35,Agricultores del Sol,Ica,129.08,87018,9108,Generica
2022-2023,23/1/2025,18:11,Formulario Registro Inspeccion Uva,Ica,Guadalupe,True,Perú,Ica,EEUU,,First Inspection,1096304:54:00,AIREN,7,,Pass_Pasar,175,8,349,Yes / Si,338.25,8,0,,99,97.5,780,1,14,,,,,1,0.43,,,,,2504,,,,,,,,,,,22/1/2025,Ica,Lote 37,Tierra Linda,Ica,31.63,87020,9108,Generica
2022-2023,23/1/2025,18:09,Formulario Registro Inspeccion Uva,Ica,Guadalupe,True,Perú,Ica,EEUU,,First Inspection,1096304:19:00,MERLOT,7,,Pass_Pasar,75,5,341,Yes / Si,336.2,5,0,,96,106,530,1,13.5,,,,,1,0.52,,,,,2504,,,,,,,,,,,22/1/2025,Ica,Lote 37,Tierra Linda,Ica,31.63,87020,9108,Generica
2022-2023,23/1/2025,18:07,Formulario Registro Inspeccion Uva,Ica,Guadalupe,True,Perú,Ica,EEUU,,First Inspection,1096334:32:00,PINOT,7,,Pass_Pasar,50,8,348,No,,,,,167,152,1216,1,15.1,,,,,1,0.5,,,,,2504,,,,,,,,,,,23/1/2025,Ica,Lote 34,Agricultores del Sol,Ica,249.17,87017,9108,Generica
2022-2023,24/1/2025,18:34,Formulario Registro Inspeccion Uva,Ica,Guadalupe,False,Perú,Ica,EUROPA,Yes / Si,First Inspection,1096331:54:00,MERLOT,7,Arabia Saudita,Pass_Pasar,250,12,153,No,,,,,60,58.5,702,1,12.3,,,,,1,0.39,,,,,2504,,,,,,,,,,,23/1/2025,Pisco,Lote 20,Agricultores Unidos,Pisco,344.98,87003,9092,Generica
2022-2023,24/1/2025,18:32,Formulario Registro Inspeccion Uva,Ica,Guadalupe,False,Perú,Ica,EEUU,,First Inspection,1096331:29:00,MERLOT,7,,Pass_Pasar,120,5,350,Yes / Si,339.6,5,0,,139,139,695,1,12.3,,,,,1,0.39,,,,,2504,,,,,,,,,,,23/1/2025,Pisco,Lote 20,Agricultores Unidos,Pisco,344.98,87003,9108,Generica
2022-2023,24/1/2025,18:06,Formulario Registro Inspeccion Uva,Ica,Guadalupe,True,Perú,Ica,EEUU,,First Inspection,1096331:00:00,VERDEJO,6,,Pass_Pasar,204,8,341,Yes / Si,337.625,8,0,,119,110.5,884,1,11.6,,,,,1,0.77,,,,,2504,,,,,,,,,,,23/1/2025,Pisco,Lote 20,Agricultores Unidos,Pisco,344.98,87003,9108,Generica
2022-2023,24/1/2025,17:58,Formulario Registro Inspeccion Uva,Ica,Guadalupe,False,Perú,Ica,EEUU,,First Inspection,1096330:17:00,PINOT,6,,Pass_Pasar,204,8,342,Yes / Si,335.25,8,0,,160,150,1200,1,14.9,,,,,1,0.91,,,,,2504,,,,,,,,,,,23/1/2025,Ica,Lote 13,Agricultores Unidos,Ica,50.93,86996,9108,Generica
2022-2023,24/1/2025,17:34,Formulario Registro Inspeccion Uva,Ica,Guadalupe,True,Perú,Ica,EEUU,,First Inspection,1096328:33:00,AIREN,7,,Pass_Pasar,204,8,348,Yes / Si,337.375,8,0,,111,107.5,860,1,14.2,,,,,1,0.35,,,,,2504,,,,,,,,,,,23/1/2025,Ica,Lote 37,Tierra Linda,Ica,31.63,87020,9108,Generica
2022-2023,29/1/2025,16:30,Formulario Registro Inspeccion Uva,Ica,Guadalupe,True,Perú,Ica,EEUU,,First Inspection,1096479:50:00,TINTORERA,7,,Pass_Pasar,110,4,589,Yes / Si,588.5,4,0,,302,302,1208,1,12.6,,,,,1,0.71,,,,,2505,,,,,,,,,,,29/1/2025,Ica,Lote 34,Agricultores del Sol,Ica,249.17,87017,9111,Generica
2022-2023,29/1/2025,14:58,Formulario Registro Inspeccion Uva,Ica,Guadalupe,True,Perú,Ica,EEUU,,First Inspection,1096478:22:00,AIREN,5,,Pass_Pasar,110,4,590,Yes / Si,589.5,4,0,,196,196,784,1,12.5,,,,,1,0.4,,,,,2505,,,,,,,,,,,29/1/2025,Ica,Lote 35,Agricultores del Sol,Ica,129.08,87018,9111,Generica
2022-2023,29/1/2025,12:02,Formulario Registro Inspeccion Uva,Ica,Guadalupe,True,Perú,Ica,EEUU,,First Inspection,1096433:34:00,VERDEJO,5,,Pass_Pasar,110,4,584,Yes / Si,582.5,4,0,,182,182,728,1,11.6,,,,,1,0.78,,,,,2505,,,,,,,,,,,27/1/2025,Ica,Lote 15,Agricultores Unidos,Ica,62.09,86998,9111,Generica
2022-2023,29/1/2025,12:00,Formulario Registro Inspeccion Uva,Ica,Guadalupe,True,Perú,Ica,EUROPA,Yes / Si,First Inspection,1096433:11:00,MERLOT,6,Arabia Saudita,Pass_Pasar,100,9,150,Yes / Si,144.666667,9,0,,55,54,486,1,13.6,,,,,1,0.79,,,,,2505,,,,,,,,,,,27/1/2025,Ica,Lote 19,Agricultores Unidos,Ica,79.51,87002,9092,Generica
2022-2023,29/1/2025,11:56,Formulario Registro Inspeccion Uva,Ica,Guadalupe,True,Perú,Ica,EUROPA,Yes / Si,First Inspection,1096432:33:00,AIREN,5,Arabia Saudita,Pass_Pasar,390,16,150,Yes / Si,144.75,16,0,,49,49,784,1,13.5,,,,,1,0.36,,,,,2505,,,,,,,,,,,27/1/2025,Pisco,Lote 20,Agricultores Unidos,Pisco,344.98,87003,9092,Generica
2022-2023,4/2/2025,16:01,Formulario Registro Inspeccion Uva,Ica,Gloria A.,True,Perú,Ica,EEUU,,First Inspection,1096598:39:00,PINOT,6,,Pass_Pasar,119,4,587,Yes / Si,583.75,4,0,,273,271,1084,1,14.2,,,,,1,0.98,,,,,2506,,,,,,,,,,,3/2/2025,Ica,Lote 13,Agricultores Unidos,Ica,50.93,86996,9111,Generica
2022-2023,5/2/2025,15:56,Formulario Registro Inspeccion Uva,Ica,Gloria A.,True,Perú,Ica,EEUU,,First Inspection,1096647:28:00,VERDEJO,6,,Pass_Pasar,110,4,590,Yes / Si,589.37,4,0,,170,169.5,678,1,10.8,,,,,1,0.47,,,,,2506,,,,,,,,,,,5/2/2025,Ica,Lote 35,Agricultores del Sol,Ica,129.08,87018,9111,Generica
2022-2023,5/2/2025,9:33,Formulario Registro Inspeccion Uva,Ica,Gloria A.,True,Perú,Ica,EEUU,,First Inspection,1096598:13:00,AIREN,6,,Pass_Pasar,119,4,587,Yes / Si,580.75,4,0,,213,209.5,838,1,15.5,,,,,1,0.22,,,,,2506,,,,,,,,,,,3/2/2025,Pisco,Lote 20,Agricultores Unidos,Pisco,344.98,87003,9111,Generica
2022-2023,9/2/2025,20:01,Formulario Registro Inspeccion Uva,Ica,Gloria A.,True,Perú,Ica,EEUU,,First Inspection,1096667:08:00,TINTORERA,6,,Pass_Pasar,204,8,337,Yes / Si,332.37,8,0,,198,196.5,1572,1,10.4,,,,,1,0.56,,,,,2506,,,,,,,,,,,6/2/2025,Ica,Lote 12,Agricultores Unidos,Ica,152.84,86995,9108,Generica
2022-2023,9/2/2025,19:57,Formulario Registro Inspeccion Uva,Ica,Gloria A.,True,Perú,Ica,EEUU,,First Inspection,1096668:03:00,MERLOT,6,,Pass_Pasar,204,8,350,Yes / Si,333.62,8,0,,118,116.5,932,1,14.6,,,,,1,0.43,,,,,2506,,,,,,,,,,,6/2/2025,Ica,Lote 19,Agricultores Unidos,Ica,79.51,87002,9108,Generica
2022-2023,11/2/2025,20:43,Formulario Registro Inspeccion Uva,Ica,Guadalupe,True,Perú,Ica,EEUU,,First Inspection,1096767:48:00,PINOT,6,,Pass_Pasar,108,5,336,No,,,,,172,171.5,857.5,2,13.9,13.9,,,,2,0.92,0.67,,,,2507,,,,,,,,,,,10/2/2025,Ica,Lote 13,Agricultores Unidos,Ica,50.93,86996,9108,Generica
2022-2023,11/2/2025,20:42,Formulario Registro Inspeccion Uva,Ica,Guadalupe,True,Perú,Ica,EEUU,,First Inspection,1096767:07:00,PINOT,6,,Pass_Pasar,204,8,340,Yes / Si,336.25,8,0,,165,163,1304,2,13.8,14.2,,,,2,0.68,0.73,,,,2507,,,,,,,,,,,10/2/2025,Ica,Lote 13,Agricultores Unidos,Ica,50.93,86996,9108,Generica
2022-2023,11/2/2025,20:40,Formulario Registro Inspeccion Uva,Ica,Guadalupe,True,Perú,Ica,EEUU,,First Inspection,1096766:24:00,PINOT,6,,Pass_Pasar,204,8,336,Yes / Si,331.62,8,0,,181,164.5,1316,2,13.7,13.9,,,,2,0.52,0.78,,,,2507,,,,,,,,,,,10/2/2025,Ica,Lote 13,Agricultores Unidos,Ica,50.93,86996,9108,Generica
2022-2023,15/2/2025,8:59,Formulario Registro Inspeccion Uva,Ica,Guadalupe,True,Perú,Ica,EEUU,,First Inspection,1096835:53:00,MERLOT,5,,Pass_Pasar,82,5,335,Yes / Si,334.00,5,0,,139,130,650,1,12.9,,,,,1,0.31,,,,,2507,,,,,,,,,,,13/2/2025,Pisco,Lote 20,Agricultores Unidos,Pisco,344.98,87003,9108,Generica
2022-2023,19/2/2025,23:56,Formulario Registro Inspeccion Uva,Pisco,Andres Caceres,True,Perú,Pisco,EEUU,,First Inspection,1096955:29:00,AIREN,7,,Pass_Pasar,78,3,0,Yes / Si,0.00,3,0,,118,115,345,3,12.7,11.8,13,,,3,0.5,0.48,0.42,,,2508,,,,,,,,,,,18/2/2025,Pisco,Lote 5,Santa Bernardina Uva,Pisco,72.27,86988,9108,Generica
2022-2023,20/2/2025,0:00,Formulario Registro Inspeccion Uva,Pisco,Andres Caceres,True,Perú,Pisco,EEUU,,First Inspection,1096953:56:00,MERLOT,7,,Pass_Pasar,106,3,0,Yes / Si,0.00,3,0,,109,107,321,3,13.5,12.4,11.8,,,3,0.69,0.76,0.73,,,2508,,,,,,,,,,,18/2/2025,Pisco,Lote 4,Santa Bernardina Uva,Pisco,47.28,86987,9108,Generica
2022-2023,2/3/2025,12:17,Formulario Registro Inspeccion Uva,Ica,Guadalupe,True,Perú,Ica,EEUU,,First Inspection,1097169:50:00,PINOT,5,,Pass_Pasar,160,6,338,Yes / Si,334.33,6,0,,206,202,1212,1,13.7,,,,,1,0.91,,,,,2509,,,,,,,,,,,27/2/2025,Ica,Lote 12,Agricultores Unidos,Ica,152.84,86995,9108,Generica
2022-2023,4/3/2025,21:45,Formulario Registro Inspeccion Uva,Ica,Guadalupe,True,Perú,Ica,EEUU,,First Inspection,1097272:02:00,TINTORERA,4,,Pass_Pasar,142,6,334,Yes / Si,331.33,6,0,,269,258,1548,2,12.7,12.6,,,,2,1.04,0.77,,,,2510,,,,,,,,,,,3/3/2025,Ica,Lote 12,Agricultores Unidos,Ica,152.84,86995,9108,Generica
2022-2023,4/3/2025,21:12,Formulario Registro Inspeccion Uva,Ica,Guadalupe,True,Perú,Ica,EEUU,,First Inspection,1097276:58:00,TINTORERA,4,,Pass_Pasar,204,8,332,Yes / Si,328.50,8,0,,216,213.5,1708,2,12.7,11.7,,,,2,0.76,0.91,,,,2510,,,,,,,,,,,3/3/2025,Ica,Lote 12,Agricultores Unidos,Ica,152.84,86995,9108,Generica
2022-2023,4/3/2025,20:57,Formulario Registro Inspeccion Uva,Ica,Guadalupe,True,Perú,Ica,EEUU,,First Inspection,1097276:43:00,TINTORERA,3,,Pass_Pasar,159,5,331,Yes / Si,328.20,5,0,,229,226,1130,2,12.1,12.9,,,,2,0.8,1.03,,,,2510,,,,,,,,,,,3/3/2025,Ica,Lote 12,Agricultores Unidos,Ica,152.84,86995,9108,Generica
2022-2023,7/3/2025,20:30,Formulario Registro Inspeccion Uva,Ica,Guadalupe,False,Perú,Ica,EEUU,,First Inspection,1097339:26:00,TINTORERA,3,,Pass_Pasar,156,8,334,Yes / Si,330.50,8,0,,214,213.5,1708,2,12.4,12.3,,,,2,0.88,0.84,,,,2510,,,,,,,,,,,6/3/2025,Ica,Lote 12,Agricultores Unidos,Ica,152.84,86995,9108,Generica
2022-2023,7/3/2025,20:23,Formulario Registro Inspeccion Uva,Ica,Guadalupe,True,Perú,Ica,EEUU,,First Inspection,1097338:16:00,TINTORERA,3,,Pass_Pasar,98,6,335,Yes / Si,329.33,6,0,,237,236,1416,2,12,12.8,,,,2,1.26,0.77,,,,2510,,,,,,,,,,,6/3/2025,Ica,Lote 12,Agricultores Unidos,Ica,152.84,86995,9108,Generica
2022-2023,14/3/2025,20:46,Formulario Registro Inspeccion Uva,Ica,Guadalupe,False,Perú,Ica,EEUU,,First Inspection,1097512:33:00,TINTORERA,3,,Pass_Pasar,90,4,331,Yes / Si,329.00,4,0,,223,223,892,2,12.4,12.3,,,,2,1.02,0.92,,,,2511,,,,,,,,,,,13/3/2025,Ica,Lote 12,Agricultores Unidos,Ica,152.84,86995,9108,Generica
2022-2023,19/3/2025,20:05,Formulario Registro Inspeccion Uva,Ica,Guadalupe,False,Perú,Ica,EEUU,,First Inspection,1097635:59:00,TINTORERA,4,,Pass_Pasar,109,8,334,Yes / Si,331.12,8,0,,256,241.5,1932,2,11.6,12.5,,,,2,0.84,1.21,,,,2512,,,,,,,,,,,18/3/2025,Ica,Lote 12,Agricultores Unidos,Ica,152.84,86995,9108,Generica
2022-2023,22/3/2025,18:04,Formulario Registro Inspeccion Uva,Ica,Guadalupe,True,Perú,Ica,EEUU,,First Inspection,1097681:26:00,TINTORERA,3,,Pass_Pasar,70,4,333,Yes / Si,329.75,4,0,,228,227.5,910,2,11.6,12.6,,,,2,0.97,1.02,,,,2512,,,,,,,,,,,20/3/2025,Ica,Lote 12,Agricultores Unidos,Ica,152.84,86995,9108,Generica
2022-2023,22/3/2025,18:03,Formulario Registro Inspeccion Uva,Ica,Guadalupe,True,Perú,Ica,EEUU,,First Inspection,1097681:18:00,TINTORERA,3,,Pass_Pasar,204,8,330,Yes / Si,328.12,8,0,,250,244,1952,2,12.7,12.5,,,,2,1.26,1.18,,,,2512,,,,,,,,,,,20/3/2025,Ica,Lote 12,Agricultores Unidos,Ica,152.84,86995,9108,Generica
2022-2023,25/3/2025,19:30,Formulario Registro Inspeccion Uva,Ica,Guadalupe,True,Perú,Ica,EEUU,,First Inspection,1097770:44:00,PINOT,4,,Pass_Pasar,100,5,338,Yes / Si,335.00,5,0,,281,273.5,1367.5,2,13.8,13.6,,,,2,0.82,1.13,,,,2513,,,,,,,,,,,24/3/2025,Ica,Lote 12,Agricultores Unidos,Ica,152.84,86995,9108,Generica
2023-2024,1/5/2025,22:13,Formulario Registro Inspeccion Uva,Pisco,Gloria A.,False,Perú,Pisco,ASIA NORTE,,First Inspection,1098639:14:00,AIREN,8,,Pass_Pasar,90,6,146,Yes / Si,143.33,6,0,,84,78.5,471,1,13.8,,,,,1,0.66,,,,,2518,,,,,,,,,,,29/4/2025,Pisco,Lote 20,Agricultores Unidos,Pisco,344.98,87003,9102,Generica
2023-2024,1/5/2025,21:48,Formulario Registro Inspeccion Uva,Pisco,Gloria A.,False,Perú,Pisco,ASIA NORTE,,First Inspection,1098640:14:00,AIREN,8,,Pass_Pasar,90,6,144,Yes / Si,142.00,4,2,140,76,73,438,1,13.1,,,,,1,0.42,,,,,2518,,,,,,,,,,,29/4/2025,Pisco,Lote 20,Agricultores Unidos,Pisco,344.98,87003,9102,Generica
2023-2024,16/5/2025,11:25,Formulario Registro Inspeccion Uva,Pisco,Gloria A.,True,Perú,Pisco,ASIA NORTE,,First Inspection,1098994:10:00,AIREN,8,,Pass_Pasar,390,16,143,No,,,,,58,55.5,888,2,13.8,13.5,,,,2,0.5,0.8,,,,2520,,,,,,,,,,,14/5/2025,Pisco,Lote 20,Agricultores Unidos,Pisco,344.98,87003,9102,Generica
2023-2024,20/5/2025,18:43,Formulario Registro Inspeccion Uva,Pisco,Gloria A.,False,Perú,Pisco,ASIA NORTE,,First Inspection,1099070:34:00,AIREN,8,,Pass_Pasar,34,6,142,Yes / Si,141.16,5,1,140,36,35,210,2,12.4,14.2,,,,2,0.64,0.37,,,,2521,,,,,,,,,,,17/5/2025,Pisco,Lote 20,Agricultores Unidos,Pisco,344.98,87003,9103,Generica
2023-2024,22/5/2025,23:33,Formulario Registro Inspeccion Uva,Pisco,Guadalupe,True,Perú,Pisco,ASIA CENTRO,No,First Inspection,1099164:20:00,AIREN,0,,Pass_Pasar,240,12,151,Yes / Si,144.75,12,0,,54,52,624,1,14.2,,,,,1,0.85,,,,,2521,,,,,,,,,,,21/5/2025,Pisco,Lote 3,Santa Bernardina Uva,Pisco,313.27,86986,9099,Generica
2023-2024,22/5/2025,23:27,Formulario Registro Inspeccion Uva,Pisco,Guadalupe,False,Perú,Pisco,ASIA CENTRO,No,First Inspection,1099151:20:00,AIREN,0,,Pass_Pasar,240,12,151,Yes / Si,143.08,10,2,131,51,49.5,594,1,15.1,,,,,1,0.51,,,,,2521,,,,,,,,,,,20/5/2025,Pisco,Lote 3,Santa Bernardina Uva,Pisco,313.27,86986,9099,Generica
2023-2024,22/5/2025,23:18,Formulario Registro Inspeccion Uva,Pisco,Guadalupe,False,Perú,Pisco,ASIA CENTRO,No,First Inspection,1099162:35:00,AIREN,0,,Pass_Pasar,240,10,145,Yes / Si,141.80,7,3,140,52,51,510,1,15.6,,,,,1,0.34,,,,,2521,,,,,,,,,,,21/5/2025,Pisco,Lote 3,Santa Bernardina Uva,Pisco,313.27,86986,9099,Generica
2023-2024,22/5/2025,23:14,Formulario Registro Inspeccion Uva,Pisco,Guadalupe,False,Perú,Pisco,ASIA CENTRO,No,First Inspection,1099137:49:00,AIREN,0,,Pass_Pasar,240,12,151,Yes / Si,143.50,10,2,137,56,56,672,1,15.6,,,,,1,0.3,,,,,2521,,,,,,,,,,,20/5/2025,Pisco,Lote 3,Santa Bernardina Uva,Pisco,313.27,86986,9099,Generica
2023-2024,23/5/2025,19:27,Formulario Registro Inspeccion Uva,Pisco,Gloria A.,True,Perú,Pisco,ASIA NORTE,,First Inspection,1099190:21:00,AIREN,7,,Pass_Pasar,120,6,146,Yes / Si,143.33,6,0,,64,61.5,369,2,13.1,13.4,,,,2,0.41,0.47,,,,2521,,,,,,,,,,,22/5/2025,Pisco,Lote 20,Agricultores Unidos,Pisco,344.98,87003,9102,Generica
2023-2024,27/5/2025,23:37,Formulario Registro Inspeccion Uva,Pisco,Gloria A.,True,Perú,Pisco,ASIA NORTE,,First Inspection,1099288:23:00,AIREN,9,,Pass_Pasar,190,8,145,Yes / Si,142.75,8,0,,60,60,480,1,13.4,,,,,1,0.54,,,,,2522,,,,,,,,,,,26/5/2025,Pisco,Lote 20,Agricultores Unidos,Pisco,344.98,87003,9102,Generica
2023-2024,27/5/2025,23:30,Formulario Registro Inspeccion Uva,Pisco,Gloria A.,True,Perú,Pisco,ASIA NORTE,,First Inspection,1099286:21:00,AIREN,9,,Pass_Pasar,390,16,145,Yes / Si,142.81,16,0,,61,60.5,968,1,13.8,,,,,1,0.6,,,,,2522,,,,,,,,,,,26/5/2025,Pisco,Lote 20,Agricultores Unidos,Pisco,344.98,87003,9102,Generica
2023-2024,30/5/2025,23:09,Formulario Registro Inspeccion Uva,Ica,Gloria A.,False,Perú,Ica,ASIA CENTRO,Yes / Si,First Inspection,1099334:00:00,VERDEJO,7,Singapur,Pass_Pasar,190,12,148,No,142.92,11,1,128,30,29,348,1,11.8,,,,,1,1.04,,,,,2522,,,,,,,,,,,28/5/2025,Ica,Lote 26,Andenes de Andrea,Ica,84.47,87009,9100,Generica
2023-2024,30/5/2025,22:58,Formulario Registro Inspeccion Uva,Ica,Gloria A.,False,Perú,Ica,ASIA CENTRO,Yes / Si,First Inspection,1099334:02:00,VERDEJO,7,Singapur,Pass_Pasar,100,8,149,Yes / Si,145.37,8,0,,28,28,224,1,11.2,,,,,1,1.17,,,,,2522,,,,,,,,,,,28/5/2025,Ica,Lote 26,Andenes de Andrea,Ica,84.47,87009,9100,Generica
2023-2024,30/5/2025,21:02,Formulario Registro Inspeccion Uva,Pisco,Gloria A.,True,Perú,Pisco,ASIA NORTE,,First Inspection,1099383:25:00,AIREN,8,,Pass_Pasar,390,16,146,Yes / Si,142.50,16,0,,65,65,1040,1,14.9,,,,,1,0.79,,,,,2522,,,,,,,,,,,30/5/2025,Pisco,Lote 20,Agricultores Unidos,Pisco,344.98,87003,9102,Generica
2023-2024,30/5/2025,21:00,Formulario Registro Inspeccion Uva,Pisco,Gloria A.,True,Perú,Pisco,ASIA NORTE,,First Inspection,1099364:41:00,AIREN,8,,Pass_Pasar,390,16,146,Yes / Si,144.00,16,0,,67,65,1040,1,14,,,,,1,0.47,,,,,2522,,,,,,,,,,,29/5/2025,Pisco,Lote 20,Agricultores Unidos,Pisco,344.98,87003,9102,Generica
2023-2024,31/5/2025,12:59,Formulario Registro Inspeccion Uva,Pisco,Guadalupe,False,Perú,Pisco,ASIA CENTRO,No,First Inspection,1099356:55:00,AIREN,9,,Pass_Pasar,240,10,144,Yes / Si,141.20,8,2,138,44,44,440,1,15.7,,,,,1,0.52,,,,,2522,,,,,,,,,,,29/5/2025,Pisco,Lote 3,Santa Bernardina Uva,Pisco,313.27,86986,9100,Generica
2023-2024,31/5/2025,12:54,Formulario Registro Inspeccion Uva,Pisco,Guadalupe,False,Perú,Pisco,ASIA CENTRO,No,First Inspection,1099356:52:00,AIREN,9,,Pass_Pasar,240,10,146,Yes / Si,143.30,9,1,139,46,46,460,1,15.5,,,,,1,0.55,,,,,2522,,,,,,,,,,,29/5/2025,Pisco,Lote 3,Santa Bernardina Uva,Pisco,313.27,86986,9100,Generica
2023-2024,31/5/2025,12:39,Formulario Registro Inspeccion Uva,Pisco,Guadalupe,False,Perú,Pisco,ASIA CENTRO,No,First Inspection,1099380:29:00,AIREN,10,,Pass_Pasar,240,10,147,Yes / Si,143.40,9,1,136,41,41,410,1,15.1,,,,,1,0.37,,,,,2522,,,,,,,,,,,30/5/2025,Pisco,Lote 3,Santa Bernardina Uva,Pisco,313.27,86986,9100,Generica
2023-2024,31/5/2025,11:50,Formulario Registro Inspeccion Uva,Pisco,Guadalupe,False,Perú,Pisco,ASIA CENTRO,No,First Inspection,1099384:52:00,AIREN,10,,Pass_Pasar,240,10,146,Yes / Si,142.30,9,1,137,63,62,620,1,14.5,,,,,1,0.69,,,,,2522,,,,,,,,,,,30/5/2025,Pisco,Lote 3,Santa Bernardina Uva,Pisco,313.27,86986,9099,Generica
2023-2024,31/5/2025,11:45,Formulario Registro Inspeccion Uva,Pisco,Guadalupe,False,Perú,Pisco,ASIA CENTRO,No,First Inspection,1099358:56:00,AIREN,9,,Pass_Pasar,240,10,148,Yes / Si,143.90,9,1,136,60,59.5,595,1,14.6,,,,,1,0.5,,,,,2522,,,,,,,,,,,29/5/2025,Pisco,Lote 3,Santa Bernardina Uva,Pisco,313.27,86986,9099,Generica
2023-2024,5/6/2025,22:39,Formulario Registro Inspeccion Uva,Ica,Gloria A.,False,Perú,Ica,ASIA NORTE,,First Inspection,1099500:33:00,VERDEJO,8,,Pass_Pasar,390,16,161,Yes / Si,147.12,14,2,139,32,30,480,1,11.4,,,,,1,1.03,,,,,2523,,,,,,,,,,,4/6/2025,Ica,Lote 26,Andenes de Andrea,Ica,84.47,87009,9103,Generica
2023-2024,5/6/2025,16:52,Formulario Registro Inspeccion Uva,Pisco,Guadalupe,False,Perú,Pisco,ASIA CENTRO,Yes / Si,First Inspection,1099504:47:00,AIREN,0,Singapur,Pass_Pasar,240,10,149,Yes / Si,142.30,9,1,139,60,55,550,1,14.2,,,,,1,0.48,,,,,2523,,,,,,,,,,,4/6/2025,Pisco,Lote 3,Santa Bernardina Uva,Pisco,313.27,86986,9099,Generica
2023-2024,6/6/2025,18:19,Formulario Registro Inspeccion Uva,Pisco,Guadalupe,True,Perú,Pisco,ASIA NORTE,,First Inspection,1099547:44:00,AIREN,8,,Pass_Pasar,156,10,143,Yes / Si,141.60,10,0,,63,59,590,1,12,,,,,1,0.38,,,,,2523,,,,,,,,,,,6/6/2025,Pisco,Lote 20,Agricultores Unidos,Pisco,344.98,87003,9102,Generica
2023-2024,7/6/2025,22:43,Formulario Registro Inspeccion Uva,Ica,Gloria A.,True,Perú,Ica,ASIA CENTRO,Yes / Si,First Inspection,1099511:31:00,MERLOT,7,Singapur,Pass_Pasar,100,6,145,Yes / Si,143.33,6,0,,39,37,222,1,13.5,,,,,1,0.77,,,,,2523,,,,,,,,,,,4/6/2025,Ica,Lote 38,Tierra Linda,Ica,35.08,87021,9100,Generica
2023-2024,7/6/2025,22:29,Formulario Registro Inspeccion Uva,Ica,Gloria A.,False,Perú,Ica,ASIA CENTRO,Yes / Si,First Inspection,1099486:09:00,AIREN,0,Singapur,Pass_Pasar,100,6,144,Yes / Si,142.66,6,0,,40,38.5,231,1,12.3,,,,,1,0.96,,,,,2523,,,,,,,,,,,3/6/2025,Ica,Lote 38,Tierra Linda,Ica,35.08,87021,9100,Generica
2023-2024,7/6/2025,22:05,Formulario Registro Inspeccion Uva,Ica,Gloria A.,False,Perú,Ica,ASIA CENTRO,Yes / Si,First Inspection,1099509:28:00,VERDEJO,8,Singapur,Pass_Pasar,204,8,155,Yes / Si,149.12,8,0,,30,29.5,236,1,11.4,,,,,1,0.69,,,,,2523,,,,,,,,,,,4/6/2025,Ica,Lote 26,Andenes de Andrea,Ica,84.47,87009,9100,Generica
2023-2024,10/6/2025,15:55,Formulario Registro Inspeccion Uva,Piura,Maria Claudia,False,Perú,Piura,ASIA CENTRO,Yes / Si,First Inspection,1099632:00:00,AIREN,13,Singapur,Pass_Pasar,240,6,144,Yes / Si,142.66,6,0,,70,69,414,1,14.3,,,,,1,0.25,,,,,2524,,,,,,,,,,,10/6/2025,Piura,Lote 39,Sociedad del Sol,Piura,71.53,87022,9099,Generica
2023-2024,10/6/2025,15:46,Formulario Registro Inspeccion Uva,Piura,Maria Claudia,False,Perú,Piura,ASIA CENTRO,Yes / Si,First Inspection,1099632:00:00,AIREN,13,Singapur,Pass_Pasar,204,6,143,Yes / Si,141.83,6,0,,67,65,390,1,14.3,,,,,1,0.25,,,,,2524,,,,,,,,,,,10/6/2025,Piura,Lote 39,Sociedad del Sol,Piura,71.53,87022,9099,Generica
2023-2024,10/6/2025,16:06,Formulario Registro Inspeccion Uva,Piura,Maria Claudia,False,Perú,Piura,ASIA CENTRO,Yes / Si,First Inspection,1099632:00:00,AIREN,13,Singapur,Pass_Pasar,240,6,143,Yes / Si,141.50,6,0,,65,63,378,5,14,14.5,14.7,15,13.9,4,0.49,0.33,0.32,0.5,,2524,,,,,,,,,,,10/6/2025,Piura,Lote 1,Santa Bernardina Uva,Piura,80.51,86984,9099,Generica
2023-2024,10/6/2025,17:27,Formulario Registro Inspeccion Uva,Piura,Maria Claudia,False,Perú,Piura,ASIA CENTRO,Yes / Si,First Inspection,1099632:00:00,AIREN,13,Singapur,Pass_Pasar,240,6,142,Yes / Si,140.33,2,2,139,46,44,264,1,14,,,,,0,,,,,,2524,,,,,,,,,,,10/6/2025,Piura,Lote 1,Santa Bernardina Uva,Piura,80.51,86984,9099,Generica
2023-2024,11/6/2025,23:04,Formulario Registro Inspeccion Uva,Ica,Gloria A.,False,Perú,Ica,ASIA CENTRO,Yes / Si,First Inspection,1099648:34:00,AIREN,12,Singapur,Pass_Pasar,204,10,151,Yes / Si,146.70,10,0,,35,34,340,1,12.8,,,,,1,0.78,,,,,2524,,,,,,,,,,,10/6/2025,Ica,Lote 26,Andenes de Andrea,Ica,84.47,87009,9100,Generica
2023-2024,11/6/2025,22:50,Formulario Registro Inspeccion Uva,Ica,Gloria A.,False,Perú,Ica,ASIA CENTRO,Yes / Si,First Inspection,1099647:45:00,AIREN,12,Singapur,Pass_Pasar,204,8,156,Yes / Si,147.75,8,0,,34,33.5,268,1,13.5,,,,,1,0.71,,,,,2524,,,,,,,,,,,10/6/2025,Ica,Lote 26,Andenes de Andrea,Ica,84.47,87009,9100,Generica
2023-2024,12/6/2025,23:45,Formulario Registro Inspeccion Uva,Ica,Gloria A.,False,Perú,Ica,ASIA CENTRO,Yes / Si,First Inspection,1099667:41:00,AIREN,7,Singapur,Pass_Pasar,204,10,144,Yes / Si,142.00,10,0,,37,36,360,1,12.5,,,,,1,0.55,,,,,2524,,,,,,,,,,,11/6/2025,Ica,Lote 38,Tierra Linda,Ica,35.08,87021,9100,Generica
2023-2024,12/6/2025,2:07,Formulario Registro Inspeccion Uva,Pisco,Guadalupe,True,Perú,Pisco,EEUU,,First Inspection,1099610:04:00,AIREN,11,,Pass_Pasar,204,8,352,Yes / Si,342.62,8,0,,131,126,1008,1,13.9,,,,,1,0.41,,,,,2524,,,,,,,,,,,9/6/2025,Pisco,Lote 3,Santa Bernardina Uva,Pisco,313.27,86986,9108,Generica
2023-2024,12/6/2025,2:04,Formulario Registro Inspeccion Uva,Pisco,Guadalupe,False,Perú,Pisco,EEUU,,First Inspection,1099624:36:00,AIREN,11,,Pass_Pasar,204,8,349,Yes / Si,346.37,8,0,,132,130,1040,1,13.4,,,,,1,0.2,,,,,2524,,,,,,,,,,,9/6/2025,Pisco,Lote 3,Santa Bernardina Uva,Pisco,313.27,86986,9108,Generica
2023-2024,14/6/2025,23:04,Formulario Registro Inspeccion Uva,Ica,Gloria A.,False,Perú,Ica,ASIA NORTE,,First Inspection,1099670:56:00,VERDEJO,7,,Pass_Pasar,390,16,158,Yes / Si,145.81,16,0,,28,28,448,2,11.1,11.3,,,,2,0.87,0.87,,,,2524,,,,,,,,,,,11/6/2025,Ica,Lote 26,Andenes de Andrea,Ica,84.47,87009,9103,Generica
2023-2024,14/6/2025,22:38,Formulario Registro Inspeccion Uva,Ica,Gloria A.,False,Perú,Ica,ASIA NORTE,,First Inspection,1099669:56:00,VERDEJO,7,,Pass_Pasar,390,16,155,Yes / Si,145.37,16,0,,32,31,496,3,10.4,10.5,10.6,,,3,0.81,1.16,1.15,,,2524,,,,,,,,,,,11/6/2025,Ica,Lote 26,Andenes de Andrea,Ica,84.47,87009,9103,Generica
2023-2024,14/6/2025,22:33,Formulario Registro Inspeccion Uva,Pisco,Gloria A.,False,Perú,Pisco,ASIA CENTRO,No,First Inspection,1099696:15:00,VERDEJO,8,,Pass_Pasar,240,10,146,Yes / Si,144.00,10,0,,38,35.5,355,1,12.6,,,,,1,0.72,,,,,2524,,,,,,,,,,,12/6/2025,Pisco,Lote 20,Agricultores Unidos,Pisco,344.98,87003,9100,Generica
2023-2024,14/6/2025,22:31,Formulario Registro Inspeccion Uva,Pisco,Gloria A.,False,Perú,Pisco,ASIA CENTRO,No,First Inspection,1099695:40:00,VERDEJO,7,,Pass_Pasar,240,10,147,Yes / Si,143.70,10,0,,39,37,370,1,11.3,,,,,1,0.92,,,,,2524,,,,,,,,,,,12/6/2025,Pisco,Lote 20,Agricultores Unidos,Pisco,344.98,87003,9100,Generica
2023-2024,17/6/2025,23:43,Formulario Registro Inspeccion Uva,Piura,Lincoln Fernandez,False,Perú,Piura,ASIA CENTRO,Yes / Si,First Inspection,1099815:32:00,VERDEJO,12,Singapur,Pass_Pasar,240,10,144,Yes / Si,141.30,7,0,,39,38,380,1,12.7,,,,,1,0.32,,,,,2525,,,,,,,,,,,17/6/2025,Piura,Lote 41,Campos Gloriosos,Piura,61.84,87024,9100,Generica
2023-2024,17/6/2025,20:58,Formulario Registro Inspeccion Uva,Pisco,Juan M.,False,Perú,Pisco,ASIA NORTE,,First Inspection,1099790:37:00,AIREN,9,,Pass_Pasar,390,16,144,Yes / Si,142.06,16,0,,58,57.5,920,1,12.5,,,,,1,0.78,,,,,2525,,,,,,,,,,,16/6/2025,Pisco,Lote 20,Agricultores Unidos,Pisco,344.98,87003,9102,Generica
2023-2024,17/6/2025,21:47,Formulario Registro Inspeccion Uva,Pisco,Gloria A.,False,Perú,Pisco,ASIA NORTE,,First Inspection,1099790:36:00,AIREN,9,,Pass_Pasar,300,16,147,Yes / Si,143.25,16,0,,60,57.5,920,1,13.3,,,,,1,0.77,,,,,2525,,,,,,,,,,,16/6/2025,Pisco,Lote 20,Agricultores Unidos,Pisco,344.98,87003,9102,Generica
2023-2024,17/6/2025,21:38,Formulario Registro Inspeccion Uva,Pisco,Gloria A.,False,Perú,Pisco,ASIA NORTE,,First Inspection,1099791:24:00,AIREN,9,,Pass_Pasar,390,16,144,Yes / Si,142.50,16,0,,60,59,944,1,12.5,,,,,1,0.78,,,,,2525,,,,,,,,,,,16/6/2025,Pisco,Lote 20,Agricultores Unidos,Pisco,344.98,87003,9102,Generica
2023-2024,17/6/2025,23:07,Formulario Registro Inspeccion Uva,Piura,Lincoln Fernandez,False,Perú,Piura,ASIA CENTRO,Yes / Si,First Inspection,1099790:27:00,VERDEJO,6,Singapur,Pass_Pasar,240,6,143,Yes / Si,142.00,6,0,,40,39.5,237,1,13.1,,,,,1,0.32,,,,,2525,,,,,,,,,,,16/6/2025,Piura,Lote 41,Campos Gloriosos,Piura,61.84,87024,9100,Generica
2023-2024,17/6/2025,23:09,Formulario Registro Inspeccion Uva,Piura,Lincoln Fernandez,True,Perú,Piura,ASIA CENTRO,Yes / Si,First Inspection,1099791:12:00,VERDEJO,6,Singapur,Pass_Pasar,240,6,143,Yes / Si,141.16,4,0,,35,34.5,207,1,13.1,,,,,1,0.32,,,,,2525,,,,,,,,,,,16/6/2025,Piura,Lote 41,Campos Gloriosos,Piura,61.84,87024,9100,Generica
2023-2024,17/6/2025,23:38,Formulario Registro Inspeccion Uva,Piura,Lincoln Fernandez,False,Perú,Piura,ASIA CENTRO,Yes / Si,First Inspection,1099815:06:00,VERDEJO,12,Singapur,Pass_Pasar,240,10,144,Yes / Si,141.30,4,0,,38,37,370,1,12.7,,,,,1,0.32,,,,,2525,,,,,,,,,,,17/6/2025,Piura,Lote 41,Campos Gloriosos,Piura,61.84,87024,9100,Generica
2023-2024,17/6/2025,23:47,Formulario Registro Inspeccion Uva,Piura,Lincoln Fernandez,False,Perú,Piura,ASIA NORTE,,First Inspection,1099788:41:00,AIREN,13,,Pass_Pasar,390,16,145,Yes / Si,141.87,15,1,,73,68,1088,1,13.7,,,,,1,0.25,,,,,2525,,,,,,,,,,,16/6/2025,Piura,Lote 39,Sociedad del Sol,Piura,71.53,87022,9102,Generica
2023-2024,18/6/2025,23:12,Formulario Registro Inspeccion Uva,Piura,Lincoln Fernandez,False,Perú,Piura,ASIA CENTRO,Yes / Si,First Inspection,1099811:23:00,AIREN,13,Singapur,Pass_Pasar,240,10,144,Yes / Si,142.30,10,0,,70,68.5,685,1,12.9,,,,,1,0.2,,,,,2525,,,,,,,,,,,17/6/2025,Piura,Lote 39,Sociedad del Sol,Piura,71.53,87022,9100,Generica
2023-2024,18/6/2025,23:23,Formulario Registro Inspeccion Uva,Piura,Lincoln Fernandez,True,Perú,Piura,ASIA CENTRO,Yes / Si,First Inspection,1099836:40:00,VERDEJO,7,Singapur,Pass_Pasar,240,10,143,Yes / Si,141.20,7,0,,38,37.5,375,1,12,,,,,1,0.48,,,,,2525,,,,,,,,,,,18/6/2025,Piura,Lote 41,Campos Gloriosos,Piura,61.84,87024,9100,Generica
2023-2024,18/6/2025,23:05,Formulario Registro Inspeccion Uva,Piura,Lincoln Fernandez,False,Perú,Piura,ASIA CENTRO,Yes / Si,First Inspection,1099810:49:00,AIREN,13,Singapur,Pass_Pasar,240,10,143,Yes / Si,142.10,10,0,,66,64,640,1,12.9,,,,,1,0.2,,,,,2525,,,,,,,,,,,17/6/2025,Piura,Lote 39,Sociedad del Sol,Piura,71.53,87022,9100,Generica
2023-2024,19/6/2025,19:32,Formulario Registro Inspeccion Uva,Ica,Juan M.,False,Perú,Ica,ASIA NORTE,,First Inspection,1099837:29:00,VERDEJO,7,,Pass_Pasar,390,16,157,Yes / Si,147.37,15,1,,29,28.5,456,1,10.1,,,,,1,0.9,,,,,2525,,,,,,,,,,,18/6/2025,Ica,Lote 26,Andenes de Andrea,Ica,84.47,87009,9103,Generica
2023-2024,19/6/2025,19:34,Formulario Registro Inspeccion Uva,Ica,Juan M.,True,Perú,Ica,ASIA NORTE,,First Inspection,1099838:14:00,VERDEJO,7,,Pass_Pasar,390,16,158,Yes / Si,147.75,16,0,,32,30,480,1,10.3,,,,,1,1.01,,,,,2525,,,,,,,,,,,18/6/2025,Ica,Lote 26,Andenes de Andrea,Ica,84.47,87009,9103,Generica
2023-2024,19/6/2025,16:34,Formulario Registro Inspeccion Uva,Ica,Gloria A.,True,Perú,Ica,ASIA CENTRO,Yes / Si,First Inspection,1099837:32:00,VERDEJO,7,Singapur,Pass_Pasar,240,10,156,Yes / Si,146.70,10,0,,32,31.5,315,1,10.5,,,,,1,1.17,,,,,2525,,,,,,,,,,,18/6/2025,Ica,Lote 26,Andenes de Andrea,Ica,84.47,87009,9100,Generica
2023-2024,19/6/2025,16:39,Formulario Registro Inspeccion Uva,Ica,Gloria A.,False,Perú,Ica,ASIA CENTRO,Yes / Si,First Inspection,1099838:03:00,VERDEJO,7,Singapur,Pass_Pasar,240,10,149,Yes / Si,145.80,10,0,,32,32,320,1,9.3,,,,,1,1.17,,,,,2525,,,,,,,,,,,18/6/2025,Ica,Lote 26,Andenes de Andrea,Ica,84.47,87009,9100,Generica
2023-2024,19/6/2025,19:30,Formulario Registro Inspeccion Uva,Ica,Juan M.,False,Perú,Ica,ASIA CENTRO,Yes / Si,First Inspection,1099834:47:00,AIREN,8,Singapur,Pass_Pasar,240,10,147,Yes / Si,143.30,10,0,,36,35,350,1,11.8,,,,,1,0.57,,,,,2525,,,,,,,,,,,18/6/2025,Ica,Lote 38,Tierra Linda,Ica,35.08,87021,9100,Generica
2023-2024,19/6/2025,23:40,Formulario Registro Inspeccion Uva,Piura,Lincoln Fernandez,True,Perú,Piura,ASIA CENTRO,Yes / Si,First Inspection,1099863:45:00,AIREN,8,Singapur,Pass_Pasar,240,10,145,Yes / Si,142.50,10,0,,44,43.5,435,1,13.5,,,,,1,0.45,,,,,2525,,,,,,,,,,,19/6/2025,Piura,Lote 1,Santa Bernardina Uva,Piura,80.51,86984,9100,Generica
2023-2024,19/6/2025,23:26,Formulario Registro Inspeccion Uva,Piura,Lincoln Fernandez,True,Perú,Piura,ASIA CENTRO,Yes / Si,First Inspection,1099864:27:00,AIREN,8,Singapur,Pass_Pasar,240,10,143,Yes / Si,142.90,10,0,,66,65.5,655,1,13.5,,,,,1,0.45,,,,,2525,,,,,,,,,,,19/6/2025,Piura,Lote 1,Santa Bernardina Uva,Piura,80.51,86984,9100,Generica
2023-2024,20/6/2025,20:05,Formulario Registro Inspeccion Uva,Pisco,Guadalupe,False,Perú,Pisco,EEUU,,First Inspection,1099867:43:00,AIREN,10,,Pass_Pasar,204,8,345,Yes / Si,342.50,8,0,,107,106,848,2,14,15,,,,2,0.36,0.19,,,,2525,,,,,,,,,,,19/6/2025,Pisco,Lote 3,Santa Bernardina Uva,Pisco,313.27,86986,9108,Generica
2023-2024,20/6/2025,22:50,Formulario Registro Inspeccion Uva,Pisco,Guadalupe,True,Perú,Pisco,EEUU,,First Inspection,1099864:00:00,AIREN,10,,Pass_Pasar,28,4,345,Yes / Si,340.75,4,0,,106,106,424,2,13.9,12.8,,,,2,0.21,0.5,,,,2525,,,,,,,,,,,19/6/2025,Pisco,Lote 3,Santa Bernardina Uva,Pisco,313.27,86986,9108,Generica
2023-2024,20/6/2025,23:04,Formulario Registro Inspeccion Uva,Pisco,Guadalupe,False,Perú,Pisco,ASIA CENTRO,No,First Inspection,1099885:14:00,AIREN,7,,Pass_Pasar,169,5,144,Yes / Si,143.00,5,0,,53,52.5,262.5,2,12.6,12.8,,,,2,0.53,0.32,,,,2525,,,,,,,,,,,20/6/2025,Pisco,Lote 10,Eden del Norte,Pisco,76.26,86993,9099,Generica
2023-2024,20/6/2025,22:57,Formulario Registro Inspeccion Uva,Pisco,Guadalupe,True,Perú,Pisco,ASIA CENTRO,No,First Inspection,1099885:33:00,AIREN,7,,Pass_Pasar,52,5,143,Yes / Si,142.20,5,0,,35,34,170,2,11,12.6,,,,2,0.95,0.26,,,,2525,,,,,,,,,,,20/6/2025,Pisco,Lote 10,Eden del Norte,Pisco,76.26,86993,9100,Generica
2023-2024,20/6/2025,19:30,Formulario Registro Inspeccion Uva,Pisco,Juan M.,False,Perú,Pisco,ASIA NORTE,,First Inspection,1099862:08:00,VERDEJO,8,,Pass_Pasar,390,16,147,Yes / Si,142.56,15,1,,36,35,560,1,11.5,,,,,1,0.73,,,,,2525,,,,,,,,,,,19/6/2025,Pisco,Lote 20,Agricultores Unidos,Pisco,344.98,87003,9103,Generica
2023-2024,20/6/2025,19:32,Formulario Registro Inspeccion Uva,Pisco,Juan M.,False,Perú,Pisco,ASIA NORTE,,First Inspection,1099862:56:00,VERDEJO,8,,Pass_Pasar,390,16,148,Yes / Si,143.00,15,1,,36,34.5,552,1,12.9,,,,,1,0.8,,,,,2525,,,,,,,,,,,19/6/2025,Pisco,Lote 20,Agricultores Unidos,Pisco,344.98,87003,9103,Generica
2023-2024,20/6/2025,19:43,Formulario Registro Inspeccion Uva,Pisco,Juan M.,False,Perú,Pisco,ASIA NORTE,,First Inspection,1099867:34:00,AIREN,8,,Pass_Pasar,390,16,147,Yes / Si,135.25,15,0,,65,63.5,1016,1,13.9,,,,,1,0.32,,,,,2525,,,,,,,,,,,19/6/2025,Pisco,Lote 20,Agricultores Unidos,Pisco,344.98,87003,9102,Generica
2023-2024,20/6/2025,22:09,Formulario Registro Inspeccion Uva,Ica,Gloria A.,False,Perú,Ica,ASIA NORTE,,First Inspection,1099863:10:00,VERDEJO,7,,Pass_Pasar,390,16,163,Yes / Si,148.25,16,0,,32,31.5,504,1,11.3,,,,,1,0.85,,,,,2525,,,,,,,,,,,19/6/2025,Ica,Lote 26,Andenes de Andrea,Ica,84.47,87009,9103,Generica
2023-2024,20/6/2025,22:07,Formulario Registro Inspeccion Uva,Ica,Gloria A.,False,Perú,Ica,ASIA NORTE,,First Inspection,1099863:51:00,VERDEJO,7,,Pass_Pasar,390,16,159,Yes / Si,149.37,16,0,,33,32,512,1,12,,,,,1,0.83,,,,,2525,,,,,,,,,,,19/6/2025,Ica,Lote 26,Andenes de Andrea,Ica,84.47,87009,9103,Generica
2023-2024,20/6/2025,19:33,Formulario Registro Inspeccion Uva,Ica,Gloria A.,True,Perú,Ica,ASIA NORTE,,First Inspection,1099863:30:00,VERDEJO,7,,Pass_Pasar,390,16,153,Yes / Si,146.25,16,0,,30,29,464,2,10,11,,,,2,1.03,0.89,,,,2525,,,,,,,,,,,19/6/2025,Ica,Lote 26,Andenes de Andrea,Ica,84.47,87009,9103,Generica
2023-2024,20/6/2025,22:13,Formulario Registro Inspeccion Uva,Ica,Gloria A.,True,Perú,Ica,ASIA CENTRO,Yes / Si,First Inspection,1099835:50:00,AIREN,8,Singapur,Pass_Pasar,240,10,144,Yes / Si,142.60,10,0,,34,33.5,335,1,11.7,,,,,1,0.34,,,,,2525,,,,,,,,,,,18/6/2025,Ica,Lote 38,Tierra Linda,Ica,35.08,87021,9100,Generica
2023-2024,20/6/2025,23:30,Formulario Registro Inspeccion Uva,Piura,Lincoln Fernandez,True,Perú,Piura,ASIA CENTRO,Yes / Si,First Inspection,1099884:06:00,VERDEJO,7,Singapur,Pass_Pasar,240,10,144,Yes / Si,141.60,9,0,,37,35,350,1,12.9,,,,,1,0.41,,,,,2525,,,,,,,,,,,20/6/2025,Piura,Lote 41,Campos Gloriosos,Piura,61.84,87024,9100,Generica
2023-2024,20/6/2025,0:28,Formulario Registro Inspeccion Uva,Piura,Lincoln Fernandez,False,Perú,Piura,ASIA CENTRO,Yes / Si,First Inspection,1099861:11:00,VERDEJO,7,Singapur,Pass_Pasar,240,10,141,Yes / Si,140.40,4,0,,39,38.5,385,1,12.4,,,,,1,0.51,,,,,2525,,,,,,,,,,,19/6/2025,Piura,Lote 41,Campos Gloriosos,Piura,61.84,87024,9100,Generica
2023-2024,20/6/2025,0:07,Formulario Registro Inspeccion Uva,Piura,Lincoln Fernandez,False,Perú,Piura,ASIA CENTRO,Yes / Si,First Inspection,1099835:59:00,AIREN,13,Singapur,Pass_Pasar,240,10,146,Yes / Si,142.20,10,0,,67,65,650,1,14.6,,,,,1,0.34,,,,,2525,,,,,,,,,,,18/6/2025,Piura,Lote 39,Sociedad del Sol,Piura,71.53,87022,9100,Generica
2023-2024,20/6/2025,0:08,Formulario Registro Inspeccion Uva,Piura,Lincoln Fernandez,False,Perú,Piura,ASIA CENTRO,Yes / Si,First Inspection,1099836:41:00,AIREN,13,Singapur,Pass_Pasar,240,10,144,Yes / Si,141.90,9,1,,71,67.5,675,1,14.6,,,,,1,0.34,,,,,2525,,,,,,,,,,,18/6/2025,Piura,Lote 39,Sociedad del Sol,Piura,71.53,87022,9100,Generica
2023-2024,20/6/2025,21:46,Formulario Registro Inspeccion Uva,Piura,Lincoln Fernandez,True,Perú,Piura,ASIA CENTRO,Yes / Si,First Inspection,1099858:54:00,AIREN,13,Singapur,Pass_Pasar,240,10,143,Yes / Si,142.30,10,0,,70,67,670,1,13.6,,,,,1,0.15,,,,,2525,,,,,,,,,,,19/6/2025,Piura,Lote 39,Sociedad del Sol,Piura,71.53,87022,9099,Generica
2023-2024,20/6/2025,21:55,Formulario Registro Inspeccion Uva,Piura,Lincoln Fernandez,False,Perú,Piura,ASIA CENTRO,Yes / Si,First Inspection,1099859:28:00,AIREN,13,Singapur,Pass_Pasar,240,10,144,Yes / Si,141.90,9,1,,70,66.5,665,1,13.6,,,,,1,0.15,,,,,2525,,,,,,,,,,,19/6/2025,Piura,Lote 39,Sociedad del Sol,Piura,71.53,87022,9099,Generica
2023-2024,21/6/2025,0:11,Formulario Registro Inspeccion Uva,Piura,Lincoln Fernandez,True,Perú,Piura,ASIA CENTRO,Yes / Si,First Inspection,1099886:38:00,AIREN,8,Singapur,Pass_Pasar,240,10,144,Yes / Si,142.80,10,0,,44,44,440,1,12.9,,,,,1,0.52,,,,,2525,,,,,,,,,,,20/6/2025,Piura,Lote 1,Santa Bernardina Uva,Piura,80.51,86984,9100,Generica
2023-2024,21/6/2025,0:08,Formulario Registro Inspeccion Uva,Piura,Lincoln Fernandez,True,Perú,Piura,ASIA CENTRO,Yes / Si,First Inspection,1099887:03:00,AIREN,8,Singapur,Pass_Pasar,240,10,143,Yes / Si,142.10,10,0,,67,64.5,645,1,12.9,,,,,1,0.52,,,,,2525,,,,,,,,,,,20/6/2025,Piura,Lote 1,Santa Bernardina Uva,Piura,80.51,86984,9099,Generica
2023-2024,24/6/2025,22:57,Formulario Registro Inspeccion Uva,Pisco,Guadalupe,True,Perú,Pisco,EEUU,,First Inspection,1099959:09:00,AIREN,10,,Pass_Pasar,108,8,346,Yes / Si,342.50,8,0,,116,116,928,2,12.8,12.1,,,,2,0.59,0.28,,,,2526,,,,,,,,,,,23/6/2025,Pisco,Lote 3,Santa Bernardina Uva,Pisco,313.27,86986,9108,Generica
2023-2024,24/6/2025,22:50,Formulario Registro Inspeccion Uva,Pisco,Guadalupe,False,Perú,Pisco,EEUU,,First Inspection,1099958:18:00,AIREN,10,,Pass_Pasar,108,8,347,Yes / Si,343.25,8,0,,122,118,944,2,13.2,12.4,,,,2,0.2,0.74,,,,2526,,,,,,,,,,,23/6/2025,Pisco,Lote 3,Santa Bernardina Uva,Pisco,313.27,86986,9108,Generica
2023-2024,24/6/2025,13:15,Formulario Registro Inspeccion Uva,Ica,Gloria A.,True,Perú,Ica,ASIA CENTRO,Yes / Si,First Inspection,1099954:31:00,MERLOT,6,Singapur,Pass_Pasar,120,5,142,Yes / Si,142.00,5,0,,32,31.5,157.5,2,12.1,11.6,,,,2,1.13,0.75,,,,2526,,,,,,,,,,,23/6/2025,Ica,Lote 38,Tierra Linda,Ica,35.08,87021,9100,Generica
2023-2024,24/6/2025,13:11,Formulario Registro Inspeccion Uva,Ica,Gloria A.,False,Perú,Ica,ASIA CENTRO,Yes / Si,First Inspection,1099954:29:00,AIREN,6,Singapur,Pass_Pasar,120,5,144,Yes / Si,142.60,5,0,,40,39.5,197.5,2,11,11.9,,,,2,0.76,0.44,,,,2526,,,,,,,,,,,23/6/2025,Ica,Lote 38,Tierra Linda,Ica,35.08,87021,9100,Generica
2023-2024,25/6/2025,22:25,Formulario Registro Inspeccion Uva,Pisco,Guadalupe,True,Perú,Pisco,EEUU,,First Inspection,1100008:02:00,AIREN,10,,Pass_Pasar,108,5,351,Yes / Si,344.40,5,0,,106,106,530,2,13,11.7,,,,2,0.25,0.64,,,,2526,,,,,,,,,,,25/6/2025,Pisco,Lote 3,Santa Bernardina Uva,Pisco,313.27,86986,9108,Generica
2023-2024,25/6/2025,22:22,Formulario Registro Inspeccion Uva,Pisco,Guadalupe,False,Perú,Pisco,EEUU,,First Inspection,1100007:40:00,AIREN,10,,Pass_Pasar,108,5,347,Yes / Si,339.40,5,0,,119,114,570,2,12.7,13.6,,,,2,0.36,0.41,,,,2526,,,,,,,,,,,25/6/2025,Pisco,Lote 3,Santa Bernardina Uva,Pisco,313.27,86986,9108,Generica
2023-2024,25/6/2025,22:17,Formulario Registro Inspeccion Uva,Pisco,Guadalupe,True,Perú,Pisco,EEUU,,First Inspection,1100007:16:00,AIREN,11,,Pass_Pasar,108,5,355,Yes / Si,345.60,5,0,,116,113.5,567.5,2,13.1,12.9,,,,2,0.42,0.54,,,,2526,,,,,,,,,,,25/6/2025,Pisco,Lote 3,Santa Bernardina Uva,Pisco,313.27,86986,9108,Generica
2023-2024,25/6/2025,22:13,Formulario Registro Inspeccion Uva,Pisco,Guadalupe,True,Perú,Pisco,ASIA CENTRO,No,First Inspection,1100003:12:00,AIREN,7,,Pass_Pasar,100,16,144,Yes / Si,143.00,16,0,,56,54.5,872,2,12.1,11.9,,,,2,0.62,0.69,,,,2526,,,,,,,,,,,25/6/2025,Pisco,Lote 10,Eden del Norte,Pisco,76.26,86993,9099,Generica
2023-2024,26/6/2025,23:36,Formulario Registro Inspeccion Uva,Pisco,Gloria A.,False,Perú,Pisco,ASIA CENTRO,No,First Inspection,1099958:53:00,AIREN,8,,Pass_Pasar,300,12,145,Yes / Si,142.75,12,0,,55,54,648,1,13.9,,,,,1,0.51,,,,,2526,,,,,,,,,,,23/6/2025,Pisco,Lote 20,Agricultores Unidos,Pisco,344.98,87003,9099,Generica
2023-2024,26/6/2025,23:33,Formulario Registro Inspeccion Uva,Pisco,Gloria A.,False,Perú,Pisco,ASIA CENTRO,No,First Inspection,1099959:21:00,AIREN,8,,Pass_Pasar,390,16,146,Yes / Si,142.81,16,0,,48,47.5,760,1,12.4,,,,,1,0.29,,,,,2526,,,,,,,,,,,23/6/2025,Pisco,Lote 20,Agricultores Unidos,Pisco,344.98,87003,9100,Generica
2023-2024,26/6/2025,23:25,Formulario Registro Inspeccion Uva,Pisco,Gloria A.,True,Perú,Pisco,ASIA CENTRO,No,First Inspection,1099958:09:00,AIREN,8,,Pass_Pasar,390,16,147,Yes / Si,142.75,16,0,,55,54,864,1,12.4,,,,,1,0.4,,,,,2526,,,,,,,,,,,23/6/2025,Pisco,Lote 20,Agricultores Unidos,Pisco,344.98,87003,9099,Generica
2023-2024,26/6/2025,23:09,Formulario Registro Inspeccion Uva,Ica,Gloria A.,False,Perú,Ica,ASIA NORTE,,First Inspection,1100002:43:00,VERDEJO,7,,Pass_Pasar,390,16,161,Yes / Si,147.81,16,0,,31,30.5,488,2,10.6,10.3,,,,2,0.7,0.85,,,,2526,,,,,,,,,,,25/6/2025,Ica,Lote 26,Andenes de Andrea,Ica,84.47,87009,9103,Generica
2023-2024,26/6/2025,23:03,Formulario Registro Inspeccion Uva,Ica,Gloria A.,False,Perú,Ica,ASIA NORTE,,First Inspection,1100003:11:00,VERDEJO,7,,Pass_Pasar,390,16,161,Yes / Si,149.62,16,0,,33,32.5,520,2,11,9.7,,,,2,0.74,1,,,,2526,,,,,,,,,,,25/6/2025,Ica,Lote 26,Andenes de Andrea,Ica,84.47,87009,9103,Generica
2023-2024,26/6/2025,22:59,Formulario Registro Inspeccion Uva,Ica,Gloria A.,True,Perú,Ica,ASIA NORTE,,First Inspection,1100031:15:00,AIREN,7,,Pass_Pasar,200,10,153,Yes / Si,143.15,10,0,,48,47.5,475,2,12.9,13.1,,,,2,1.25,1.17,,,,2526,,,,,,,,,,,26/6/2025,Ica,Lote 34,Agricultores del Sol,Ica,249.17,87017,9102,Generica
2023-2024,26/6/2025,22:17,Formulario Registro Inspeccion Uva,Piura,Lincoln Fernandez,False,Perú,Piura,ASIA CENTRO,No,First Inspection,1100003:26:00,MERLOT,15,,Pass_Pasar,390,16,143,Yes / Si,142.12,15,1,,42,41.5,664,1,15.1,,,,,1,0.37,,,,,2526,,,,,,,,,,,25/6/2025,Piura,Lote 39,Sociedad del Sol,Piura,71.53,87022,9100,Generica
2023-2024,26/6/2025,22:19,Formulario Registro Inspeccion Uva,Piura,Lincoln Fernandez,False,Perú,Piura,ASIA CENTRO,No,First Inspection,1100005:03:00,VERDEJO,11,,Pass_Pasar,390,16,144,Yes / Si,142.50,16,0,,39,36,576,1,13.1,,,,,1,0.49,,,,,2526,,,,,,,,,,,25/6/2025,Piura,Lote 39,Sociedad del Sol,Piura,71.53,87022,9100,Generica
2023-2024,26/6/2025,22:21,Formulario Registro Inspeccion Uva,Piura,Lincoln Fernandez,True,Perú,Piura,ASIA CENTRO,Yes / Si,First Inspection,1100030:04:00,VERDEJO,8,Singapur,Pass_Pasar,240,10,143,Yes / Si,141.10,7,0,,40,37,370,1,12.7,,,,,1,0.52,,,,,2526,,,,,,,,,,,26/6/2025,Piura,Lote 41,Campos Gloriosos,Piura,61.84,87024,9100,Generica
2023-2024,26/6/2025,22:22,Formulario Registro Inspeccion Uva,Piura,Lincoln Fernandez,False,Perú,Piura,ASIA CENTRO,Yes / Si,First Inspection,1100030:31:00,VERDEJO,8,Singapur,Pass_Pasar,240,10,143,Yes / Si,141.80,10,0,,39,37,370,1,12.7,,,,,1,0.52,,,,,2526,,,,,,,,,,,26/6/2025,Piura,Lote 41,Campos Gloriosos,Piura,61.84,87024,9100,Generica
2023-2024,27/6/2025,20:57,Formulario Registro Inspeccion Uva,Piura,Lincoln Fernandez,True,Perú,Piura,ASIA CENTRO,No,First Inspection,1100029:41:00,VERDEJO,12,,Pass_Pasar,390,16,143,Yes / Si,141.75,16,0,,40,38,608,1,12.4,,,,,1,0.51,,,,,2526,,,,,,,,,,,26/6/2025,Piura,Lote 39,Sociedad del Sol,Piura,71.53,87022,9100,Generica
2023-2024,27/6/2025,22:43,Formulario Registro Inspeccion Uva,Pisco,Guadalupe,True,Perú,Pisco,EEUU,,First Inspection,1100054:39:00,AIREN,7.1,,Pass_Pasar,270,10,143.5,Yes / Si,143.05,10,0,,52,51.5,515,2,12,12.7,,,,2,0.85,0.91,,,,2526,,,,,,,,,,,27/6/2025,Pisco,Lote 10,Eden del Norte,Pisco,76.26,86993,9099,Generica
2023-2024,27/6/2025,17:05,Formulario Registro Inspeccion Uva,Pisco,Gloria A.,True,Perú,Pisco,ASIA CENTRO,Yes / Si,First Inspection,1100027:55:00,VERDEJO,7,Malasia,Pass_Pasar,390,16,146,Yes / Si,143.18,16,0,,50,49,784,2,12.4,11.3,,,,2,0.93,1.13,,,,2526,,,,,,,,,,,26/6/2025,Pisco,Lote 20,Agricultores Unidos,Pisco,344.98,87003,9099,Generica
2023-2024,27/6/2025,16:58,Formulario Registro Inspeccion Uva,Pisco,Gloria A.,True,Perú,Pisco,ASIA NORTE,,First Inspection,1100026:28:00,VERDEJO,7,,Pass_Pasar,390,16,146,Yes / Si,142.75,16,0,,35,34.5,552,2,12.2,11.1,,,,2,0.82,1.05,,,,2526,,,,,,,,,,,26/6/2025,Pisco,Lote 20,Agricultores Unidos,Pisco,344.98,87003,9103,Generica
2023-2024,27/6/2025,16:57,Formulario Registro Inspeccion Uva,Ica,Juan M.,False,Perú,Ica,ASIA NORTE,,First Inspection,1100026:43:00,VERDEJO,7,,Pass_Pasar,390,16,163,Yes / Si,150.31,16,0,,33,32.5,520,2,10,11.1,,,,2,1.07,0.82,,,,2526,,,,,,,,,,,26/6/2025,Ica,Lote 26,Andenes de Andrea,Ica,84.47,87009,9103,Generica
2023-2024,27/6/2025,16:54,Formulario Registro Inspeccion Uva,Ica,Juan M.,True,Perú,Ica,ASIA NORTE,,First Inspection,1100027:21:00,VERDEJO,7,,Pass_Pasar,390,16,164,Yes / Si,150.68,16,0,,34,33.5,536,2,10.6,10.3,,,,2,0.91,0.99,,,,2526,,,,,,,,,,,26/6/2025,Ica,Lote 26,Andenes de Andrea,Ica,84.47,87009,9103,Generica
2023-2024,27/6/2025,21:09,Formulario Registro Inspeccion Uva,Piura,Lincoln Fernandez,False,Perú,Piura,ASIA CENTRO,No,First Inspection,1100031:10:00,VERDEJO,12,,Pass_Pasar,390,16,144,Yes / Si,141.75,15,1,,37,35.5,568,1,12.4,,,,,1,0.51,,,,,2526,,,,,,,,,,,26/6/2025,Piura,Lote 39,Sociedad del Sol,Piura,71.53,87022,9100,Generica
2023-2024,27/6/2025,21:34,Formulario Registro Inspeccion Uva,Piura,Lincoln Fernandez,True,Perú,Piura,ASIA CENTRO,Yes / Si,First Inspection,1100054:35:00,VERDEJO,9,Singapur,Pass_Pasar,240,10,144,Yes / Si,142.50,10,0,,42,41,410,1,12.4,,,,,1,0.55,,,,,2526,,,,,,,,,,,27/6/2025,Piura,Lote 41,Campos Gloriosos,Piura,61.84,87024,9100,Generica
2023-2024,27/6/2025,22:03,Formulario Registro Inspeccion Uva,Piura,Lincoln Fernandez,False,Perú,Piura,ASIA CENTRO,Yes / Si,First Inspection,1100055:54:00,VERDEJO,9,Singapur,Pass_Pasar,390,16,143,Yes / Si,141.87,16,0,,37,36,576,1,12.3,,,,,1,0.48,,,,,2526,,,,,,,,,,,27/6/2025,Piura,Lote 41,Campos Gloriosos,Piura,61.84,87024,9100,Generica
2023-2024,1/7/2025,18:11,Formulario Registro Inspeccion Uva,Piura,Lincoln Fernandez,True,Perú,Piura,ASIA CENTRO,No,First Inspection,1100148:58:00,VERDEJO,10,,Pass_Pasar,390,16,144,Yes / Si,142.12,16,0,,37,35.5,568,1,12.6,,,,,1,0.24,,,,,2527,,,,,,,,,,,1/7/2025,Piura,Lote 41,Campos Gloriosos,Piura,61.84,87024,9100,Generica
2023-2024,1/7/2025,18:17,Formulario Registro Inspeccion Uva,Piura,Lincoln Fernandez,False,Perú,Piura,ASIA CENTRO,No,First Inspection,1100149:36:00,VERDEJO,10,,Pass_Pasar,390,16,145,Yes / Si,141.93,15,1,,36,36,576,1,12.6,,,,,1,0.24,,,,,2527,,,,,,,,,,,1/7/2025,Piura,Lote 41,Campos Gloriosos,Piura,61.84,87024,9100,Generica
2023-2024,1/7/2025,23:19,Formulario Registro Inspeccion Uva,Pisco,Guadalupe,False,Perú,Pisco,EEUU,,First Inspection,1100151:43:00,AIREN,10,,Pass_Pasar,204,8,353,Yes / Si,345.00,8,0,,96,102,816,2,14.1,12.4,,,,2,0.18,0.72,,,,2527,,,,,,,,,,,1/7/2025,Pisco,Lote 3,Santa Bernardina Uva,Pisco,313.27,86986,9108,Generica
2023-2024,1/7/2025,23:16,Formulario Registro Inspeccion Uva,Pisco,Guadalupe,False,Perú,Pisco,EEUU,,First Inspection,1100151:04:00,AIREN,10,,Pass_Pasar,204,8,358,Yes / Si,343.00,8,0,,113,107,856,2,14.1,13,,,,2,0.47,0.58,,,,2527,,,,,,,,,,,1/7/2025,Pisco,Lote 3,Santa Bernardina Uva,Pisco,313.27,86986,9108,Generica
2023-2024,1/7/2025,22:54,Formulario Registro Inspeccion Uva,Pisco,Guadalupe,True,Perú,Pisco,EEUU,,First Inspection,1100126:38:00,AIREN,10.11,,Pass_Pasar,204,8,344,Yes / Si,342.25,8,0,,111,108,864,2,14,13.3,,,,2,0.41,0.44,,,,2527,,,,,,,,,,,30/6/2025,Pisco,Lote 3,Santa Bernardina Uva,Pisco,313.27,86986,9108,Generica
2023-2024,2/7/2025,21:43,Formulario Registro Inspeccion Uva,Piura,Lincoln Fernandez,False,Perú,Piura,ASIA CENTRO,No,First Inspection,1100146:09:00,AIREN,19,,Pass_Pasar,390,16,143,Yes / Si,141.50,15,1,,73,69.5,1112,1,13.2,,,,,1,0.34,,,,,2527,,,,,,,,,,,1/7/2025,Piura,Lote 39,Sociedad del Sol,Piura,71.53,87022,9099,Generica
2023-2024,2/7/2025,21:47,Formulario Registro Inspeccion Uva,Piura,Lincoln Fernandez,True,Perú,Piura,ASIA CENTRO,No,First Inspection,1100147:31:00,AIREN,19,,Pass_Pasar,390,16,144,Yes / Si,142.00,16,0,,70,69,1104,1,13.2,,,,,1,0.34,,,,,2527,,,,,,,,,,,1/7/2025,Piura,Lote 39,Sociedad del Sol,Piura,71.53,87022,9099,Generica
2023-2024,2/7/2025,22:11,Formulario Registro Inspeccion Uva,Piura,Lincoln Fernandez,False,Perú,Piura,ASIA CENTRO,No,First Inspection,1100173:28:00,VERDEJO,7,,Pass_Pasar,390,16,144,Yes / Si,142.18,16,0,,40,38.5,616,1,12.6,,,,,1,0.43,,,,,2527,,,,,,,,,,,2/7/2025,Piura,Lote 41,Campos Gloriosos,Piura,61.84,87024,9100,Generica
2023-2024,2/7/2025,21:16,Formulario Registro Inspeccion Uva,Ica,Gloria A.,False,Perú,Ica,ASIA CENTRO,Yes / Si,First Inspection,1100122:31:00,AIREN,10,Singapur,Pass_Pasar,240,10,143,Yes / Si,141.90,10,0,,33,33,330,2,11.1,11.5,,,,2,0.29,0.51,,,,2527,,,,,,,,,,,30/6/2025,Ica,Lote 38,Tierra Linda,Ica,35.08,87021,9100,Generica
2023-2024,2/7/2025,21:11,Formulario Registro Inspeccion Uva,Ica,Gloria A.,True,Perú,Ica,ASIA CENTRO,Yes / Si,First Inspection,1100146:14:00,MERLOT,8,Singapur,Pass_Pasar,240,10,142,Yes / Si,141.50,10,0,,25,25,250,1,12.1,,,,,1,0.7,,,,,2527,,,,,,,,,,,1/7/2025,Ica,Lote 38,Tierra Linda,Ica,35.08,87021,9100,Generica
2023-2024,2/7/2025,21:09,Formulario Registro Inspeccion Uva,Ica,Gloria A.,False,Perú,Ica,ASIA CENTRO,Yes / Si,First Inspection,1100145:57:00,MERLOT,8,Singapur,Pass_Pasar,50,6,144,Yes / Si,142.00,6,0,,26,25.5,153,1,10.3,,,,,1,1,,,,,2527,,,,,,,,,,,1/7/2025,Ica,Lote 38,Tierra Linda,Ica,35.08,87021,9100,Generica
2023-2024,2/7/2025,21:05,Formulario Registro Inspeccion Uva,Ica,Gloria A.,True,Perú,Ica,ASIA CENTRO,Yes / Si,First Inspection,1100146:55:00,AIREN,10,Singapur,Pass_Pasar,240,10,143,Yes / Si,142.50,10,0,,38,36.5,365,2,11.1,11.3,,,,2,0.68,0.29,,,,2527,,,,,,,,,,,1/7/2025,Ica,Lote 38,Tierra Linda,Ica,35.08,87021,9100,Generica
2023-2024,3/7/2025,21:26,Formulario Registro Inspeccion Uva,Ica,Juan M.,False,Perú,Ica,ASIA CENTRO,Yes / Si,First Inspection,1100170:07:00,AIREN,7,Singapur,Pass_Pasar,190,10,144,Yes / Si,141.90,10,0,,35,34,340,2,11.3,10.2,,,,2,0.23,0.37,,,,2527,,,,,,,,,,,2/7/2025,Ica,Lote 38,Tierra Linda,Ica,35.08,87021,9100,Generica
2023-2024,3/7/2025,21:24,Formulario Registro Inspeccion Uva,Pisco,Juan M.,False,Perú,Pisco,EEUU,,First Inspection,1100176:37:00,AIREN,12,,Pass_Pasar,274,8,362,Yes / Si,353.75,0,0,,114,113,904,5,12.6,13.7,13.4,13.7,13.3,5,0.17,0.19,0.25,0.56,0.46,2527,,,,,,,,,,,2/7/2025,Pisco,Lote 20,Agricultores Unidos,Pisco,344.98,87003,9116,Generica
2023-2024,3/7/2025,18:43,Formulario Registro Inspeccion Uva,Ica,Gloria A.,True,Perú,Ica,ASIA NORTE,,First Inspection,1100171:05:00,VERDEJO,7,,Pass_Pasar,390,16,158,Yes / Si,150.68,16,0,,33,31,496,2,10.1,10.4,,,,2,0.89,1.15,,,,2527,,,,,,,,,,,2/7/2025,Ica,Lote 26,Andenes de Andrea,Ica,84.47,87009,9103,Generica
2023-2024,3/7/2025,18:27,Formulario Registro Inspeccion Uva,Ica,Gloria A.,False,Perú,Ica,ASIA NORTE,,First Inspection,1100171:11:00,VERDEJO,7,,Pass_Pasar,390,16,158,Yes / Si,146.62,16,0,,38,36.5,584,2,10.6,10.9,,,,2,0.97,1.07,,,,2527,,,,,,,,,,,2/7/2025,Ica,Lote 26,Andenes de Andrea,Ica,84.47,87009,9103,Generica
2023-2024,4/7/2025,23:53,Formulario Registro Inspeccion Uva,Piura,Lincoln Fernandez,True,Perú,Piura,EEUU,,First Inspection,1100172:50:00,AIREN,12,,Pass_Pasar,84,4,352.1,Yes / Si,347.87,4,0,,140,139.5,558,1,14.3,,,,,1,0.19,,,,,2527,,,,,,,,,,,2/7/2025,Piura,Lote 1,Santa Bernardina Uva,Piura,80.51,86984,9108,Generica
2023-2024,4/7/2025,23:59,Formulario Registro Inspeccion Uva,Piura,Lincoln Fernandez,False,Perú,Piura,ASIA CENTRO,No,First Inspection,1100198:39:00,MERLOT,12,,Pass_Pasar,172,7,143,Yes / Si,141.57,7,0,,39,37.5,262.5,1,16.4,,,,,1,0.39,,,,,2527,,,,,,,,,,,3/7/2025,Piura,Lote 39,Sociedad del Sol,Piura,71.53,87022,9100,Generica
2023-2024,4/7/2025,22:57,Formulario Registro Inspeccion Uva,Pisco,Gloria A.,False,Perú,Pisco,EEUU,,First Inspection,1100182:50:00,AIREN,12,,Pass_Pasar,276,10,352,Yes / Si,351.80,8,0,,107,103.5,1035,5,14.6,13.8,13.8,13.7,14.6,5,0.2,0.4,0.22,0.26,0.38,2527,,,,,,,,,,,2/7/2025,Pisco,Lote 20,Agricultores Unidos,Pisco,344.98,87003,9120,Generica
2023-2024,4/7/2025,22:02,Formulario Registro Inspeccion Uva,Ica,Gloria A.,False,Perú,Ica,ASIA NORTE,,First Inspection,1100194:27:00,AIREN,13,,Pass_Pasar,390,16,165,Yes / Si,149.62,16,0,,35,33.5,536,1,11.7,,,,,1,0.8,,,,,2527,,,,,,,,,,,3/7/2025,Ica,Lote 26,Andenes de Andrea,Ica,84.47,87009,9103,Generica
2023-2024,4/7/2025,21:59,Formulario Registro Inspeccion Uva,Ica,Gloria A.,False,Perú,Ica,ASIA NORTE,,First Inspection,1100195:02:00,AIREN,13,,Pass_Pasar,390,16,168,Yes / Si,149.18,16,0,,39,36.5,584,1,10.8,,,,,1,1.07,,,,,2527,,,,,,,,,,,3/7/2025,Ica,Lote 26,Andenes de Andrea,Ica,84.47,87009,9103,Generica
2023-2024,4/7/2025,21:55,Formulario Registro Inspeccion Uva,Ica,Gloria A.,False,Perú,Ica,ASIA NORTE,,First Inspection,1100195:43:00,AIREN,12,,Pass_Pasar,200,8,156,Yes / Si,149.62,8,0,,34,33.5,268,1,12.2,,,,,1,0.79,,,,,2527,,,,,,,,,,,3/7/2025,Ica,Lote 26,Andenes de Andrea,Ica,84.47,87009,9103,Generica
2023-2024,4/7/2025,21:17,Formulario Registro Inspeccion Uva,Pisco,Guadalupe,True,Perú,Pisco,ASIA NORTE,,First Inspection,1100224:03:00,AIREN,9,,Pass_Pasar,264,5,143,Yes / Si,142.20,5,0,,34,33,165,2,11.7,12.6,,,,2,0.42,0.37,,,,2527,,,,,,,,,,,4/7/2025,Pisco,Lote 10,Eden del Norte,Pisco,76.26,86993,9103,Generica
2023-2024,4/7/2025,21:06,Formulario Registro Inspeccion Uva,Pisco,Guadalupe,True,Perú,Pisco,ASIA NORTE,,First Inspection,1100222:25:00,AIREN,9,,Pass_Pasar,264,12,144,Yes / Si,142.66,12,0,,58,54,648,2,13.4,14.2,,,,2,0.64,0.85,,,,2527,,,,,,,,,,,4/7/2025,Pisco,Lote 10,Eden del Norte,Pisco,76.26,86993,9102,Generica
2023-2024,4/7/2025,21:03,Formulario Registro Inspeccion Uva,Pisco,Guadalupe,True,Perú,Pisco,EEUU,,First Inspection,1100176:04:00,AIREN,9,,Pass_Pasar,110,4,579,Yes / Si,576.50,4,0,,189,189,756,2,13.7,12.9,,,,2,0.22,0.73,,,,2527,,,,,,,,,,,2/7/2025,Pisco,Lote 3,Santa Bernardina Uva,Pisco,313.27,86986,9111,Generica
2023-2024,4/7/2025,20:56,Formulario Registro Inspeccion Uva,Pisco,Guadalupe,False,Perú,Pisco,EEUU,,First Inspection,1100174:53:00,AIREN,9,,Pass_Pasar,110,4,578,Yes / Si,573.50,3,1,,192,192,768,2,13.4,13.5,,,,2,0.54,0.58,,,,2527,,,,,,,,,,,2/7/2025,Pisco,Lote 3,Santa Bernardina Uva,Pisco,313.27,86986,9111,Generica
2023-2024,4/7/2025,20:52,Formulario Registro Inspeccion Uva,Ica,Juan M.,False,Perú,Ica,ASIA CENTRO,Yes / Si,First Inspection,1100195:47:00,VERDEJO,8,HongKong,Pass_Pasar,240,10,150,Yes / Si,143.60,10,0,,32,31,310,1,10.8,,,,,1,0.96,,,,,2527,,,,,,,,,,,3/7/2025,Ica,Lote 15,Agricultores Unidos,Ica,62.09,86998,9100,Generica
2023-2024,4/7/2025,20:49,Formulario Registro Inspeccion Uva,Ica,Juan M.,False,Perú,Ica,ASIA CENTRO,Yes / Si,First Inspection,1100195:05:00,VERDEJO,8,HongKong,Pass_Pasar,240,16,147,Yes / Si,143.18,16,0,,33,31.5,504,1,12,,,,,1,1,,,,,2527,,,,,,,,,,,3/7/2025,Ica,Lote 15,Agricultores Unidos,Ica,62.09,86998,9100,Generica
2023-2024,4/7/2025,20:44,Formulario Registro Inspeccion Uva,Pisco,Juan M.,True,Perú,Pisco,EEUU,,First Inspection,1100196:20:00,AIREN,12,,Pass_Pasar,274,10,357,Yes / Si,353.00,0,0,,105,104,1040,5,12.4,13.9,13.1,13.8,13,5,0.2,0.25,0.32,0.17,0.1,2527,,,,,,,,,,,3/7/2025,Pisco,Lote 20,Agricultores Unidos,Pisco,344.98,87003,9116,Generica
2023-2024,4/7/2025,17:01,Formulario Registro Inspeccion Uva,Ica,Juan M.,False,Perú,Ica,ASIA CENTRO,Yes / Si,First Inspection,1100193:51:00,AIREN,9,Singapur,Pass_Pasar,240,10,154,Yes / Si,144.30,10,0,,42,41,410,1,10.8,,,,,1,0.3,,,,,2527,,,,,,,,,,,3/7/2025,Ica,Lote 38,Tierra Linda,Ica,35.08,87021,9100,Generica
2023-2024,4/7/2025,17:00,Formulario Registro Inspeccion Uva,Ica,Juan M.,False,Perú,Ica,ASIA CENTRO,Yes / Si,First Inspection,1100200:47:00,AIREN,9,Singapur,Pass_Pasar,240,10,145,Yes / Si,142.70,10,0,,36,35,350,1,10.5,,,,,1,0.23,,,,,2527,,,,,,,,,,,3/7/2025,Ica,Lote 38,Tierra Linda,Ica,35.08,87021,9100,Generica
2023-2024,5/7/2025,0:17,Formulario Registro Inspeccion Uva,Piura,Lincoln Fernandez,False,Perú,Piura,ASIA CENTRO,No,First Inspection,1100199:15:00,AIREN,17,,Pass_Pasar,390,16,143,Yes / Si,142.25,16,0,,63,57,912,1,13,,,,,1,0.21,,,,,2527,,,,,,,,,,,3/7/2025,Piura,Lote 39,Sociedad del Sol,Piura,71.53,87022,9099,Generica
2023-2024,5/7/2025,0:36,Formulario Registro Inspeccion Uva,Piura,Lincoln Fernandez,False,Perú,Piura,ASIA CENTRO,No,First Inspection,1100224:41:00,AIREN,1,,Pass_Pasar,195,8,143,Yes / Si,141.75,8,0,,43,40.5,324,1,13.5,,,,,1,0.25,,,,,2527,,,,,,,,,,,4/7/2025,Piura,Lote 41,Campos Gloriosos,Piura,61.84,87024,9100,Generica
2023-2024,8/7/2025,18:45,Formulario Registro Inspeccion Uva,Piura,Lincoln Fernandez,True,Perú,Piura,ASIA CENTRO,No,First Inspection,1100293:27:00,AIREN,19,,Pass_Pasar,360,16,144,Yes / Si,142.50,16,0,,60,53,848,1,13.7,,,,,1,0.32,,,,,2528,,,,,,,,,,,7/7/2025,Piura,Lote 39,Sociedad del Sol,Piura,71.53,87022,9099,Generica
2023-2024,8/7/2025,18:40,Formulario Registro Inspeccion Uva,Piura,Lincoln Fernandez,False,Perú,Piura,ASIA CENTRO,No,First Inspection,1100293:30:00,MERLOT,14,,Pass_Pasar,94,4,144,Yes / Si,143.25,4,0,,39,38,152,1,15.1,,,,,1,0.61,,,,,2528,,,,,,,,,,,7/7/2025,Piura,Lote 39,Sociedad del Sol,Piura,71.53,87022,9100,Generica
2023-2024,8/7/2025,19:07,Formulario Registro Inspeccion Uva,Piura,Lincoln Fernandez,True,Perú,Piura,ASIA CENTRO,No,First Inspection,1100319:29:00,AIREN,1,,Pass_Pasar,390,16,145,Yes / Si,143.25,16,0,,36,35.5,568,1,12.5,,,,,1,0.28,,,,,2528,,,,,,,,,,,8/7/2025,Piura,Lote 41,Campos Gloriosos,Piura,61.84,87024,9100,Generica
2023-2024,8/7/2025,23:42,Formulario Registro Inspeccion Uva,Pisco,Guadalupe,False,Perú,Pisco,EEUU,,First Inspection,1100320:23:00,AIREN,13,,Pass_Pasar,110,4,580,Yes / Si,578.00,4,0,,173,173,692,2,13.6,13.4,,,,2,0.43,0.29,,,,2528,,,,,,,,,,,8/7/2025,Pisco,Lote 3,Santa Bernardina Uva,Pisco,313.27,86986,9111,Generica
2023-2024,8/7/2025,23:37,Formulario Registro Inspeccion Uva,Pisco,Guadalupe,True,Perú,Pisco,EEUU,,First Inspection,1100319:40:00,AIREN,13,,Pass_Pasar,110,4,576,Yes / Si,574.25,4,0,,187,187,748,2,13.9,12.1,,,,2,0.7,0.42,,,,2528,,,,,,,,,,,8/7/2025,Pisco,Lote 3,Santa Bernardina Uva,Pisco,313.27,86986,9111,Generica
2023-2024,8/7/2025,23:34,Formulario Registro Inspeccion Uva,Pisco,Guadalupe,False,Perú,Pisco,EEUU,,First Inspection,1100319:18:00,AIREN,13,,Pass_Pasar,55,3,582,Yes / Si,578.33,3,0,,174,174,522,2,13.6,12.2,,,,2,0.58,0.47,,,,2528,,,,,,,,,,,8/7/2025,Pisco,Lote 3,Santa Bernardina Uva,Pisco,313.27,86986,9111,Generica
2023-2024,8/7/2025,17:37,Formulario Registro Inspeccion Uva,Pisco,Juan M.,False,Perú,Pisco,EEUU,,First Inspection,1100294:48:00,AIREN,12,,Pass_Pasar,276,10,355,Yes / Si,352.90,0,0,,114,113.5,1135,5,13.6,14.9,13,12.8,12.7,5,0.4,0.35,0.32,0.22,0.27,2528,,,,,,,,,,,7/7/2025,Pisco,Lote 20,Agricultores Unidos,Pisco,344.98,87003,9116,Generica
2023-2024,8/7/2025,17:33,Formulario Registro Inspeccion Uva,Pisco,Juan M.,False,Perú,Pisco,EEUU,,First Inspection,1100296:10:00,AIREN,12,,Pass_Pasar,274,6,355,Yes / Si,353.00,0,0,,117,116,696,3,13.9,12.7,13.6,,,3,0.26,0.27,0.34,,,2528,,,,,,,,,,,7/7/2025,Pisco,Lote 20,Agricultores Unidos,Pisco,344.98,87003,9116,Generica
2023-2024,8/7/2025,17:29,Formulario Registro Inspeccion Uva,Pisco,Juan M.,True,Perú,Pisco,ASIA NORTE,,First Inspection,1100295:39:00,VERDEJO,9,,Pass_Pasar,390,16,148,Yes / Si,143.25,16,0,,34,33.5,536,1,12.1,,,,,1,0.57,,,,,2528,,,,,,,,,,,7/7/2025,Pisco,Lote 20,Agricultores Unidos,Pisco,344.98,87003,9103,Generica
2023-2024,9/7/2025,20:57,Formulario Registro Inspeccion Uva,Piura,Lincoln Fernandez,True,Perú,Piura,ASIA NORTE,,First Inspection,1100315:11:00,MERLOT,15,,Pass_Pasar,60,4,143,Yes / Si,142.75,4,0,,40,39,156,1,14.3,,,,,1,0.31,,,,,2528,,,,,,,,,,,8/7/2025,Piura,Lote 39,Sociedad del Sol,Piura,71.53,87022,9102,Generica
2023-2024,9/7/2025,21:02,Formulario Registro Inspeccion Uva,Piura,Lincoln Fernandez,True,Perú,Piura,ASIA NORTE,,First Inspection,1100314:56:00,AIREN,17,,Pass_Pasar,390,16,145,Yes / Si,142.87,16,0,,69,58.5,936,1,13.2,,,,,1,0.2,,,,,2528,,,,,,,,,,,8/7/2025,Piura,Lote 39,Sociedad del Sol,Piura,71.53,87022,9102,Generica
2023-2024,9/7/2025,21:10,Formulario Registro Inspeccion Uva,Piura,Lincoln Fernandez,False,Perú,Piura,ASIA CENTRO,No,First Inspection,1100342:45:00,AIREN,5,,Pass_Pasar,200,8,142,Yes / Si,141.37,7,1,,52,50.5,404,1,11.3,,,,,1,0.33,,,,,2528,,,,,,,,,,,9/7/2025,Piura,Lote 41,Campos Gloriosos,Piura,61.84,87024,9099,Generica
2023-2024,9/7/2025,21:14,Formulario Registro Inspeccion Uva,Piura,Lincoln Fernandez,True,Perú,Piura,ASIA CENTRO,No,First Inspection,1100342:46:00,AIREN,5,,Pass_Pasar,70,3,141,Yes / Si,141.00,3,0,,35,34.5,103.5,1,11.4,,,,,1,0.24,,,,,2528,,,,,,,,,,,9/7/2025,Piura,Lote 41,Campos Gloriosos,Piura,61.84,87024,9100,Generica
2023-2024,9/7/2025,20:32,Formulario Registro Inspeccion Uva,Pisco,Guadalupe,True,Perú,Pisco,ASIA NORTE,,First Inspection,1100343:47:00,AIREN,11,,Pass_Pasar,264,10,143.5,Yes / Si,142.65,10,0,,52,51,510,2,11.9,11.9,,,,2,0.96,0.28,,,,2528,,,,,,,,,,,9/7/2025,Pisco,Lote 10,Eden del Norte,Pisco,76.26,86993,9102,Generica
2023-2024,9/7/2025,11:43,Formulario Registro Inspeccion Uva,Ica,Juan M.,False,Perú,Ica,ASIA CENTRO,,First Inspection,1100313:44:00,MERLOT,7,,Pass_Pasar,390,16,146,Yes / Si,142.12,16,0,,29,28,448,2,10,11.9,,,,2,0.57,0.55,,,,2528,,,,,,,,,,,8/7/2025,Ica,Lote 38,Tierra Linda,Ica,35.08,87021,9100,Generica
2023-2024,10/7/2025,20:21,Formulario Registro Inspeccion Uva,Piura,Lincoln Fernandez,False,Perú,Piura,ASIA NORTE,,First Inspection,1100339:10:00,MERLOT,16,,Pass_Pasar,151,6,143,Yes / Si,141.50,6,0,,44,44,264,1,15.6,,,,,1,0.34,,,,,2528,,,,,,,,,,,9/7/2025,Piura,Lote 39,Sociedad del Sol,Piura,71.53,87022,9102,Generica
2023-2024,10/7/2025,20:36,Formulario Registro Inspeccion Uva,Piura,Lincoln Fernandez,True,Perú,Piura,ASIA NORTE,,First Inspection,1100340:09:00,AIREN,19,,Pass_Pasar,390,16,144,Yes / Si,142.37,16,0,,71,61,976,1,13.5,,,,,1,0.19,,,,,2528,,,,,,,,,,,9/7/2025,Piura,Lote 39,Sociedad del Sol,Piura,71.53,87022,9102,Generica
2023-2024,10/7/2025,20:50,Formulario Registro Inspeccion Uva,Piura,Lincoln Fernandez,False,Perú,Piura,ASIA CENTRO,No,First Inspection,1100367:40:00,VERDEJO,12,,Pass_Pasar,390,16,144,Yes / Si,142.00,16,0,,36,36,576,1,12.2,,,,,1,0.33,,,,,2528,,,,,,,,,,,10/7/2025,Piura,Lote 41,Campos Gloriosos,Piura,61.84,87024,9100,Generica
2023-2024,10/7/2025,18:51,Formulario Registro Inspeccion Uva,Ica,Juan M.,True,Perú,Ica,ASIA CENTRO,,First Inspection,1100337:25:00,MERLOT,7,,Pass_Pasar,390,16,145,Yes / Si,141.93,16,0,,30,29,464,1,10.9,,,,,1,0.54,,,,,2528,,,,,,,,,,,9/7/2025,Ica,Lote 38,Tierra Linda,Ica,35.08,87021,9100,Generica
2023-2024,10/7/2025,18:49,Formulario Registro Inspeccion Uva,Ica,Juan M.,False,Perú,Ica,ASIA CENTRO,,First Inspection,1100338:06:00,AIREN,12,,Pass_Pasar,390,16,441,Yes / Si,160.56,16,0,,34,33,528,2,10.6,10.7,,,,2,0.34,0.5,,,,2528,,,,,,,,,,,9/7/2025,Ica,Lote 38,Tierra Linda,Ica,35.08,87021,9100,Generica
2023-2024,10/7/2025,18:43,Formulario Registro Inspeccion Uva,Ica,Juan M.,True,Perú,Ica,ASIA NORTE,,First Inspection,1100367:11:00,AIREN,10,,Pass_Pasar,390,12,142,Yes / Si,141.70,12,0,,46,45,540,1,14.6,,,,,1,0.4,,,,,2528,,,,,,,,,,,10/7/2025,Ica,Lote 35,Agricultores del Sol,Ica,129.08,87018,9102,Generica
2023-2024,10/7/2025,18:39,Formulario Registro Inspeccion Uva,Ica,Juan M.,True,Perú,Ica,ASIA NORTE,,First Inspection,1100366:32:00,PINOT,7,,Pass_Pasar,390,12,144,Yes / Si,142.37,12,0,,34,33.5,402,1,14,,,,,1,0.45,,,,,2528,,,,,,,,,,,10/7/2025,Ica,Lote 34,Agricultores del Sol,Ica,249.17,87017,9103,Generica
2023-2024,11/7/2025,20:57,Formulario Registro Inspeccion Uva,Piura,Lincoln Fernandez,True,Perú,Piura,ASIA NORTE,,First Inspection,1100362:41:00,VERDEJO,15,,Pass_Pasar,55,3,142,Yes / Si,141.33,3,0,,46,44,132,1,12.5,,,,,1,0.46,,,,,2528,,,,,,,,,,,10/7/2025,Piura,Lote 39,Sociedad del Sol,Piura,71.53,87022,9102,Generica
2023-2024,11/7/2025,21:35,Formulario Registro Inspeccion Uva,Piura,Lincoln Fernandez,False,Perú,Piura,ASIA NORTE,,First Inspection,1100363:01:00,MERLOT,16,,Pass_Pasar,190,8,143,Yes / Si,141.12,7,1,,62,51.5,412,1,15.1,,,,,1,0.39,,,,,2528,,,,,,,,,,,10/7/2025,Piura,Lote 39,Sociedad del Sol,Piura,71.53,87022,9102,Generica
2023-2024,11/7/2025,21:00,Formulario Registro Inspeccion Uva,Piura,Lincoln Fernandez,False,Perú,Piura,ASIA NORTE,,First Inspection,1100363:36:00,VERDEJO,15,,Pass_Pasar,390,16,145,Yes / Si,142.00,16,0,,37,34.5,552,1,12.5,,,,,1,0.61,,,,,2528,,,,,,,,,,,10/7/2025,Piura,Lote 39,Sociedad del Sol,Piura,71.53,87022,9103,Generica
2023-2024,11/7/2025,22:51,Formulario Registro Inspeccion Uva,Piura,Lincoln Fernandez,False,Perú,Piura,ASIA CENTRO,Yes / Si,First Inspection,1100317:17:00,MERLOT,0,Singapur,Pass_Pasar,240,10,163,Yes / Si,144.30,7,3,,34,33,330,1,13.7,,,,,1,0.76,,,,,2528,,,,,,,,,,,8/7/2025,Piura,Lote 1,Santa Bernardina Uva,Piura,80.51,86984,9100,Generica
2023-2024,11/7/2025,22:54,Formulario Registro Inspeccion Uva,Piura,Lincoln Fernandez,False,Perú,Piura,ASIA CENTRO,Yes / Si,First Inspection,1100342:00:00,MERLOT,0,Singapur,Pass_Pasar,240,10,150,Yes / Si,143.10,8,1,,35,35,350,2,15.1,15.4,,,,2,0.82,0.79,,,,2528,,,,,,,,,,,9/7/2025,Piura,Lote 1,Santa Bernardina Uva,Piura,80.51,86984,9100,Generica
2023-2024,11/7/2025,22:56,Formulario Registro Inspeccion Uva,Piura,Lincoln Fernandez,False,Perú,Piura,ASIA CENTRO,Yes / Si,First Inspection,1100366:48:00,MERLOT,0,Singapur,Pass_Pasar,240,10,150,Yes / Si,144.90,9,1,,38,35.5,355,1,15.2,,,,,1,0.49,,,,,2528,,,,,,,,,,,10/7/2025,Piura,Lote 1,Santa Bernardina Uva,Piura,80.51,86984,9100,Generica
2023-2024,11/7/2025,18:22,Formulario Registro Inspeccion Uva,Pisco,Gloria A.,False,Perú,Pisco,ASIA NORTE,,First Inspection,1100364:16:00,VERDEJO,8,,Pass_Pasar,390,16,146,Yes / Si,143.00,16,0,,35,34.5,552,2,12.1,12,,,,2,0.89,0.99,,,,2528,,,,,,,,,,,10/7/2025,Pisco,Lote 20,Agricultores Unidos,Pisco,344.98,87003,9103,Generica
2023-2024,11/7/2025,18:21,Formulario Registro Inspeccion Uva,Pisco,Gloria A.,False,Perú,Pisco,ASIA NORTE,,First Inspection,1100363:01:00,AIREN,9,,Pass_Pasar,390,16,148,Yes / Si,143.62,16,0,,35,34,544,1,13.5,,,,,1,0.3,,,,,2528,,,,,,,,,,,10/7/2025,Pisco,Lote 20,Agricultores Unidos,Pisco,344.98,87003,9103,Generica
2023-2024,11/7/2025,18:18,Formulario Registro Inspeccion Uva,Pisco,Gloria A.,False,Perú,Pisco,ASIA NORTE,,First Inspection,1100363:34:00,AIREN,8,,Pass_Pasar,390,16,146,Yes / Si,143.00,16,0,,50,49,784,1,12.9,,,,,1,0.29,,,,,2528,,,,,,,,,,,10/7/2025,Pisco,Lote 20,Agricultores Unidos,Pisco,344.98,87003,9102,Generica
2023-2024,11/7/2025,12:59,Formulario Registro Inspeccion Uva,Ica,Juan M.,False,Perú,Ica,ASIA CENTRO,Yes / Si,First Inspection,1100361:59:00,AIREN,8,Singapur,Pass_Pasar,240,10,145,Yes / Si,141.50,9,1,,34,34,340,2,10.6,11,,,,2,0.71,0.32,,,,2528,,,,,,,,,,,10/7/2025,Ica,Lote 38,Tierra Linda,Ica,35.08,87021,9100,Generica
2023-2024,11/7/2025,12:53,Formulario Registro Inspeccion Uva,Ica,Juan M.,True,Perú,Ica,ASIA NORTE,,First Inspection,1100363:37:00,VERDEJO,7,,Pass_Pasar,390,16,159,Yes / Si,149.18,16,0,,34,33.5,536,4,11.2,10,10.4,10.2,,4,0.88,0.66,0.72,0.65,,2528,,,,,,,,,,,10/7/2025,Ica,Lote 26,Andenes de Andrea,Ica,84.47,87009,9103,Generica
2023-2024,14/7/2025,22:40,Formulario Registro Inspeccion Uva,Pisco,Guadalupe,True,Perú,Pisco,EEUU,,First Inspection,1100464:23:00,AIREN,12,,Pass_Pasar,55,2,581,Yes / Si,578.50,2,0,,182,182,364,2,13.3,13.8,,,,2,0.32,0.43,,,,2529,,,,,,,,,,,14/7/2025,Pisco,Lote 3,Santa Bernardina Uva,Pisco,313.27,86986,9111,Generica
2023-2024,14/7/2025,22:38,Formulario Registro Inspeccion Uva,Pisco,Guadalupe,True,Perú,Pisco,EEUU,,First Inspection,1100464:03:00,AIREN,12,,Pass_Pasar,55,2,577,Yes / Si,576.50,2,0,,195,195,390,2,12.3,13.3,,,,2,0.53,0.32,,,,2529,,,,,,,,,,,14/7/2025,Pisco,Lote 3,Santa Bernardina Uva,Pisco,313.27,86986,9111,Generica
2023-2024,14/7/2025,22:35,Formulario Registro Inspeccion Uva,Pisco,Guadalupe,True,Perú,Pisco,EEUU,,First Inspection,1100462:37:00,AIREN,12,,Pass_Pasar,55,2,580,Yes / Si,576.50,2,0,,178,178,356,2,13.5,14.3,,,,2,0.33,0.28,,,,2529,,,,,,,,,,,14/7/2025,Pisco,Lote 3,Santa Bernardina Uva,Pisco,313.27,86986,9111,Generica
2023-2024,14/7/2025,22:53,Formulario Registro Inspeccion Uva,Pisco,Guadalupe,False,Perú,Pisco,EEUU,,First Inspection,1100465:06:00,AIREN,12,,Pass_Pasar,77,3,371,Yes / Si,359.33,0,1,,118,116.5,349.5,5,13.9,13.7,16,15.5,14.3,5,0.25,0.34,0.27,0.16,0.13,2529,,,,,,,,,,,14/7/2025,Pisco,Lote 3,Santa Bernardina Uva,Pisco,313.27,86986,9116,Generica
2023-2024,15/7/2025,23:46,Formulario Registro Inspeccion Uva,Pisco,Guadalupe,True,Perú,Pisco,EEUU,,First Inspection,1100490:25:00,AIREN,12,,Pass_Pasar,110,4,579,Yes / Si,573.75,4,0,,188,188,752,2,12.9,13.8,,,,2,0.76,0.36,,,,2529,,,,,,,,,,,15/7/2025,Pisco,Lote 3,Santa Bernardina Uva,Pisco,313.27,86986,9111,Generica
2023-2024,15/7/2025,23:41,Formulario Registro Inspeccion Uva,Pisco,Guadalupe,True,Perú,Pisco,ASIA NORTE,,First Inspection,1100486:22:00,AIREN,12,,Pass_Pasar,274,10,144,Yes / Si,142.90,10,0,,50,49,490,2,11.4,12.3,,,,2,0.76,0.61,,,,2529,,,,,,,,,,,15/7/2025,Pisco,Lote 10,Eden del Norte,Pisco,76.26,86993,9102,Generica
2023-2024,15/7/2025,16:47,Formulario Registro Inspeccion Uva,Ica,Gloria A.,False,Perú,Ica,ASIA NORTE,,First Inspection,1100459:45:00,VERDEJO,9,,Pass_Pasar,390,16,150,Yes / Si,143.75,16,0,,39,38.5,616,2,10.9,13.3,,,,2,1.34,0.69,,,,2529,,,,,,,,,,,14/7/2025,Ica,Lote 17,Agricultores Unidos,Ica,54.61,87000,9102,Generica
2023-2024,15/7/2025,16:10,Formulario Registro Inspeccion Uva,Ica,Juan M.,True,Perú,Ica,ASIA NORTE,,First Inspection,1100458:27:00,AIREN,10,,Pass_Pasar,390,16,144,Yes / Si,142.25,16,0,,30,30,480,2,11.1,10.7,,,,2,0.29,0.46,,,,2529,,,,,,,,,,,14/7/2025,Ica,Lote 37,Tierra Linda,Ica,31.63,87020,9103,Generica
2023-2024,15/7/2025,16:06,Formulario Registro Inspeccion Uva,Ica,Juan M.,True,Perú,Ica,ASIA NORTE,,First Inspection,1100459:05:00,AIREN,10,,Pass_Pasar,390,12,146,Yes / Si,142.75,12,0,,46,44.5,534,2,11.8,11.1,,,,2,0.73,0.78,,,,2529,,,,,,,,,,,14/7/2025,Ica,Lote 37,Tierra Linda,Ica,31.63,87020,9102,Generica
2023-2024,15/7/2025,15:58,Formulario Registro Inspeccion Uva,Ica,Gloria A.,True,Perú,Ica,ASIA NORTE,,First Inspection,1100458:19:00,VERDEJO,9,,Pass_Pasar,390,16,152,Yes / Si,143.00,16,0,,36,34,544,2,10.8,12.6,,,,2,1.38,0.86,,,,2529,,,,,,,,,,,14/7/2025,Ica,Lote 17,Agricultores Unidos,Ica,54.61,87000,9103,Generica
2023-2024,15/7/2025,15:54,Formulario Registro Inspeccion Uva,Ica,Gloria A.,True,Perú,Ica,ASIA NORTE,,First Inspection,1100487:02:00,AIREN,7,,Pass_Pasar,390,16,143,Yes / Si,142.25,16,0,,54,51,816,2,12.8,14.3,,,,2,0.59,0.25,,,,2529,,,,,,,,,,,15/7/2025,Ica,Lote 35,Agricultores del Sol,Ica,129.08,87018,9102,Generica
2023-2024,15/7/2025,23:54,Formulario Registro Inspeccion Uva,Pisco,Guadalupe,True,Perú,Pisco,EEUU,,First Inspection,1100488:43:00,AIREN,12,,Pass_Pasar,276,11,363,Yes / Si,354.45,0,0,,107,104,1144,5,14.2,14.7,14.3,12.6,12.8,5,0.2,0.13,0.15,0.17,0.13,2529,,,,,,,,,,,15/7/2025,Pisco,Lote 3,Santa Bernardina Uva,Pisco,313.27,86986,9116,Generica
2023-2024,15/7/2025,19:33,Formulario Registro Inspeccion Uva,Piura,Lincoln Fernandez,False,Perú,Piura,ASIA NORTE,,First Inspection,1100462:10:00,VERDEJO,18,,Pass_Pasar,390,16,144,Yes / Si,142.00,16,0,,32,30,480,1,12.1,,,,,1,0.4,,,,,2529,,,,,,,,,,,14/7/2025,Piura,Lote 39,Sociedad del Sol,Piura,71.53,87022,9103,Generica
2023-2024,15/7/2025,19:38,Formulario Registro Inspeccion Uva,Piura,Lincoln Fernandez,False,Perú,Piura,ASIA CENTRO,No,First Inspection,1100462:42:00,VERDEJO,18,,Pass_Pasar,160,6,143,Yes / Si,141.66,6,0,,32,30.5,183,1,12.7,,,,,1,0.5,,,,,2529,,,,,,,,,,,14/7/2025,Piura,Lote 39,Sociedad del Sol,Piura,71.53,87022,9100,Generica
2023-2024,15/7/2025,19:02,Formulario Registro Inspeccion Uva,Piura,Lincoln Fernandez,True,Perú,Piura,ASIA NORTE,,First Inspection,1100487:14:00,AIREN,8,,Pass_Pasar,390,16,145,Yes / Si,142.56,16,0,,43,42,672,1,12.2,,,,,1,0.42,,,,,2529,,,,,,,,,,,15/7/2025,Piura,Lote 41,Campos Gloriosos,Piura,61.84,87024,9102,Generica
2023-2024,15/7/2025,19:04,Formulario Registro Inspeccion Uva,Piura,Lincoln Fernandez,False,Perú,Piura,ASIA NORTE,,First Inspection,1100487:59:00,AIREN,8,,Pass_Pasar,390,16,144,Yes / Si,142.62,16,0,,43,42.5,680,1,12.9,,,,,1,0.28,,,,,2529,,,,,,,,,,,15/7/2025,Piura,Lote 41,Campos Gloriosos,Piura,61.84,87024,9102,Generica
2023-2024,16/7/2025,0:13,Formulario Registro Inspeccion Uva,Pisco,Guadalupe,False,Perú,Pisco,EEUU,,First Inspection,1100489:53:00,AIREN,12,,Pass_Pasar,276,11,359,Yes / Si,352.09,0,3,,99,103,1133,5,13.8,14,14.6,13.9,14.2,5,0.14,0.26,0.13,0.19,0.17,2529,,,,,,,,,,,15/7/2025,Pisco,Lote 3,Santa Bernardina Uva,Pisco,313.27,86986,9116,Generica
2023-2024,16/7/2025,19:33,Formulario Registro Inspeccion Uva,Ica,Gloria A.,False,Perú,Ica,EEUU,,First Inspection,1100482:18:00,AIREN,12,,Pass_Pasar,276,10,366,Yes / Si,357.90,0,0,,94,97.5,975,5,12.4,12.6,13,12.5,11.9,5,0.44,0.37,0.32,0.59,0.42,2529,,,,,,,,,,,15/7/2025,Ica,Lote 26,Andenes de Andrea,Ica,84.47,87009,9116,Generica
2023-2024,16/7/2025,19:28,Formulario Registro Inspeccion Uva,Ica,Gloria A.,False,Perú,Ica,EEUU,,First Inspection,1100483:13:00,AIREN,12,,Pass_Pasar,270,10,361,Yes / Si,353.80,0,0,,98,100,1000,5,12.4,12.7,12.7,12.6,12.4,5,0.74,0.47,0.61,0.5,0.55,2529,,,,,,,,,,,15/7/2025,Ica,Lote 26,Andenes de Andrea,Ica,84.47,87009,9116,Generica
2023-2024,16/7/2025,19:17,Formulario Registro Inspeccion Uva,Ica,Juan M.,False,Perú,Ica,EEUU,,First Inspection,1100483:11:00,AIREN,12,,Pass_Pasar,274,10,358,Yes / Si,355.90,0,0,,98,96.5,965,5,12.3,12.6,13.1,13,12.7,5,0.53,0.46,0.33,0.32,0.61,2529,,,,,,,,,,,15/7/2025,Ica,Lote 26,Andenes de Andrea,Ica,84.47,87009,9116,Generica
2023-2024,16/7/2025,19:13,Formulario Registro Inspeccion Uva,Ica,Juan M.,False,Perú,Ica,EEUU,,First Inspection,1100482:20:00,AIREN,12,,Pass_Pasar,274,10,371,Yes / Si,357.80,0,0,,96,95,950,5,13.2,10.8,11.9,14,12.3,5,0.41,0.7,0.53,0.28,0.53,2529,,,,,,,,,,,15/7/2025,Ica,Lote 26,Andenes de Andrea,Ica,84.47,87009,9116,Generica
2023-2024,16/7/2025,19:09,Formulario Registro Inspeccion Uva,Ica,Juan M.,False,Perú,Ica,EEUU,,First Inspection,1100484:14:00,AIREN,12,,Pass_Pasar,274,10,362,Yes / Si,356.50,0,0,,98,97,970,5,13.1,13.2,11.5,12.2,12.6,5,0.33,0.35,0.56,0.35,0.46,2529,,,,,,,,,,,15/7/2025,Ica,Lote 26,Andenes de Andrea,Ica,84.47,87009,9116,Generica
2023-2024,16/7/2025,0:08,Formulario Registro Inspeccion Uva,Pisco,Guadalupe,True,Perú,Pisco,EEUU,,First Inspection,1100489:16:00,AIREN,12,,Pass_Pasar,276,11,360,Yes / Si,354.90,0,0,,95,101,1111,5,14.6,13.3,13.2,13.9,14.8,5,0.31,0.25,0.27,0.16,0.14,2529,,,,,,,,,,,15/7/2025,Pisco,Lote 3,Santa Bernardina Uva,Pisco,313.27,86986,9116,Generica
2023-2024,17/7/2025,23:06,Formulario Registro Inspeccion Uva,Pisco,Guadalupe,True,Perú,Pisco,EEUU,,First Inspection,1100535:39:00,AIREN,14,,Pass_Pasar,55,3,576,Yes / Si,574.66,3,0,,179,179,537,2,12.7,12.9,,,,2,0.39,0.44,,,,2529,,,,,,,,,,,17/7/2025,Pisco,Lote 3,Santa Bernardina Uva,Pisco,313.27,86986,9111,Generica
2023-2024,17/7/2025,22:51,Formulario Registro Inspeccion Uva,Pisco,Guadalupe,True,Perú,Pisco,EEUU,,First Inspection,1100538:20:00,AIREN,14,,Pass_Pasar,102,4,348,Yes / Si,343.25,4,0,,109,108.5,434,2,12.4,13,,,,2,0.82,0.68,,,,2529,,,,,,,,,,,17/7/2025,Pisco,Lote 3,Santa Bernardina Uva,Pisco,313.27,86986,9108,Generica
2023-2024,17/7/2025,21:12,Formulario Registro Inspeccion Uva,Pisco,Guadalupe,True,Perú,Pisco,EEUU,,First Inspection,1100536:51:00,AIREN,14,,Pass_Pasar,204,8,347,Yes / Si,340.37,8,0,,113,109.5,876,2,13.1,13,,,,2,0.5,0.74,,,,2529,,,,,,,,,,,17/7/2025,Pisco,Lote 3,Santa Bernardina Uva,Pisco,313.27,86986,9108,Generica
2023-2024,17/7/2025,21:07,Formulario Registro Inspeccion Uva,Pisco,Guadalupe,True,Perú,Pisco,EEUU,,First Inspection,1100536:18:00,AIREN,14,,Pass_Pasar,276,11,361,Yes / Si,356.00,0,0,,99,98,1078,5,13.4,14.1,13.7,13.5,14.1,5,0.19,0.21,0.18,0.18,0.27,2529,,,,,,,,,,,17/7/2025,Pisco,Lote 3,Santa Bernardina Uva,Pisco,313.27,86986,9116,Generica
2023-2024,17/7/2025,19:51,Formulario Registro Inspeccion Uva,Ica,Juan M.,True,Perú,Ica,ASIA NORTE,,First Inspection,1100535:29:00,VERDEJO,7,,Pass_Pasar,390,16,144,Yes / Si,142.50,16,0,,31,29.5,472,2,11,11.4,,,,2,0.91,0.88,,,,2529,,,,,,,,,,,17/7/2025,Ica,Lote 35,Agricultores del Sol,Ica,129.08,87018,9103,Generica
2023-2024,17/7/2025,19:50,Formulario Registro Inspeccion Uva,Ica,Juan M.,True,Perú,Ica,ASIA NORTE,,First Inspection,1100536:06:00,AIREN,7,,Pass_Pasar,390,16,145,Yes / Si,142.06,16,0,,49,46.5,744,2,14.3,15.7,,,,2,0.5,0.45,,,,2529,,,,,,,,,,,17/7/2025,Ica,Lote 35,Agricultores del Sol,Ica,129.08,87018,9102,Generica
2023-2024,17/7/2025,18:33,Formulario Registro Inspeccion Uva,Ica,Gloria A.,True,Perú,Ica,EEUU,,First Inspection,1100482:53:00,AIREN,12,,Pass_Pasar,276,10,359,Yes / Si,356.00,0,0,,95,93.5,935,4,11.4,12.6,12.8,11.9,,4,0.26,0.49,0.3,0.45,,2529,,,,,,,,,,,15/7/2025,Ica,Lote 26,Andenes de Andrea,Ica,84.47,87009,9116,Generica
2023-2024,17/7/2025,18:30,Formulario Registro Inspeccion Uva,Ica,Gloria A.,True,Perú,Ica,EEUU,,First Inspection,1100483:21:00,AIREN,12,,Pass_Pasar,390,10,365,Yes / Si,357.50,0,0,,98,99.5,995,4,11.3,12.8,11.2,12.9,,4,0.66,0.52,0.48,0.58,,2529,,,,,,,,,,,15/7/2025,Ica,Lote 26,Andenes de Andrea,Ica,84.47,87009,9116,Generica
2023-2024,17/7/2025,12:40,Formulario Registro Inspeccion Uva,Ica,Juan M.,False,Perú,Ica,ASIA NORTE,,First Inspection,1100505:55:00,AIREN,7,,Pass_Pasar,390,16,145,Yes / Si,142.18,14,2,,28,27.5,440,2,9.9,10.7,,,,2,0.29,0.59,,,,2529,,,,,,,,,,,16/7/2025,Ica,Lote 38,Tierra Linda,Ica,35.08,87021,9103,Generica
2023-2024,17/7/2025,12:38,Formulario Registro Inspeccion Uva,Ica,Juan M.,False,Perú,Ica,ASIA NORTE,,First Inspection,1100506:28:00,AIREN,7,,Pass_Pasar,390,16,145,Yes / Si,141.75,15,1,,42,41,656,2,10.3,11.3,,,,2,0.3,0.57,,,,2529,,,,,,,,,,,16/7/2025,Ica,Lote 38,Tierra Linda,Ica,35.08,87021,9102,Generica
2023-2024,17/7/2025,12:35,Formulario Registro Inspeccion Uva,Ica,Juan M.,False,Perú,Ica,ASIA NORTE,,First Inspection,1100507:01:00,AIREN,7,,Pass_Pasar,390,12,144,Yes / Si,142.00,11,1,,31,30,360,2,10.2,10.7,,,,2,0.33,0.37,,,,2529,,,,,,,,,,,16/7/2025,Ica,Lote 38,Tierra Linda,Ica,35.08,87021,9103,Generica
2023-2024,17/7/2025,23:05,Formulario Registro Inspeccion Uva,Pisco,Guadalupe,True,Perú,Pisco,EEUU,,First Inspection,1100538:08:00,AIREN,14,,Pass_Pasar,276,11,359,Yes / Si,354.54,0,0,,98,96,1056,5,13.7,14.4,13.3,14.6,14.1,5,0.23,0.28,0.4,0.28,0.25,2529,,,,,,,,,,,17/7/2025,Pisco,Lote 3,Santa Bernardina Uva,Pisco,313.27,86986,9116,Generica
2023-2024,17/7/2025,23:02,Formulario Registro Inspeccion Uva,Piura,Lincoln Fernandez,False,Perú,Piura,ASIA CENTRO,No,First Inspection,1100509:36:00,AIREN,18,,Pass_Pasar,390,16,144,Yes / Si,142.56,16,0,,70,67,1072,1,12.6,,,,,1,0.35,,,,,2529,,,,,,,,,,,16/7/2025,Piura,Lote 39,Sociedad del Sol,Piura,71.53,87022,9099,Generica
2023-2024,17/7/2025,23:06,Formulario Registro Inspeccion Uva,Piura,Lincoln Fernandez,False,Perú,Piura,ASIA CENTRO,No,First Inspection,1100510:16:00,AIREN,18,,Pass_Pasar,390,16,144,Yes / Si,142.62,16,0,,50,45.5,728,1,13.4,,,,,1,0.35,,,,,2529,,,,,,,,,,,16/7/2025,Piura,Lote 39,Sociedad del Sol,Piura,71.53,87022,9100,Generica
2023-2024,17/7/2025,23:24,Formulario Registro Inspeccion Uva,Piura,Lincoln Fernandez,False,Perú,Piura,EEUU,,First Inspection,1100488:08:00,AIREN,14,,Pass_Pasar,276,10,362.2,Yes / Si,357.47,0,1,,126,122.5,1225,5,13.4,12.9,14.6,15,15.8,5,0.23,0.36,0.46,0.34,0.28,2529,,,,,,,,,,,15/7/2025,Piura,Lote 1,Santa Bernardina Uva,Piura,80.51,86984,9116,Generica
2023-2024,17/7/2025,23:31,Formulario Registro Inspeccion Uva,Piura,Lincoln Fernandez,True,Perú,Piura,EEUU,,First Inspection,1100489:19:00,AIREN,14,,Pass_Pasar,140,5,363.1,Yes / Si,357.40,0,0,,139,138.5,692.5,5,14.5,14.8,13.7,14.4,15,5,0.33,0.31,0.27,0.31,0.32,2529,,,,,,,,,,,15/7/2025,Piura,Lote 1,Santa Bernardina Uva,Piura,80.51,86984,9116,Generica
2023-2024,18/7/2025,23:22,Formulario Registro Inspeccion Uva,Pisco,Guadalupe,True,Perú,Pisco,ASIA CENTRO,Yes / Si,First Inspection,1100464:23:00,AIREN,10,Singapur,Pass_Pasar,150,6,151,Yes / Si,144.50,6,0,,54,52,312,2,14.9,13.6,,,,2,1.11,1.35,,,,2529,,,,,,,,,,,14/7/2025,Pisco,Lote 5,Santa Bernardina Uva,Pisco,72.27,86988,9099,Generica
2023-2024,18/7/2025,22:04,Formulario Registro Inspeccion Uva,Ica,Gloria A.,False,Perú,Ica,EEUU,,First Inspection,1100530:40:00,AIREN,12,,Pass_Pasar,276,10,372,Yes / Si,362.70,0,0,,98,99.5,995,5,12,12,12.8,13.1,12.2,5,1.32,0.47,0.37,0.53,0.31,2529,,,,,,,,,,,17/7/2025,Ica,Lote 26,Andenes de Andrea,Ica,84.47,87009,9116,Generica
2023-2024,18/7/2025,21:04,Formulario Registro Inspeccion Uva,Ica,Gloria A.,False,Perú,Ica,EEUU,,First Inspection,1100531:20:00,AIREN,12,,Pass_Pasar,276,10,380,Yes / Si,363.40,0,0,,98,100,1000,5,12.6,12.4,12.7,13.3,12.3,5,0.6,0.62,0.49,0.7,0.57,2529,,,,,,,,,,,17/7/2025,Ica,Lote 26,Andenes de Andrea,Ica,84.47,87009,9116,Generica
2023-2024,18/7/2025,12:12,Formulario Registro Inspeccion Uva,Ica,Juan M.,True,Perú,Ica,ASIA NORTE,,First Inspection,1100530:38:00,VERDEJO,9,,Pass_Pasar,390,16,147,Yes / Si,142.68,16,0,,37,35,560,2,11.6,11.5,,,,2,0.76,0.69,,,,2529,,,,,,,,,,,17/7/2025,Ica,Lote 16,Agricultores Unidos,Ica,19.49,86999,9103,Generica
2023-2024,18/7/2025,12:07,Formulario Registro Inspeccion Uva,Ica,Juan M.,True,Perú,Ica,ASIA NORTE,,First Inspection,1100529:51:00,VERDEJO,9,,Pass_Pasar,390,16,146,Yes / Si,143.00,16,0,,37,35.5,568,2,11.9,10.3,,,,2,0.75,1.23,,,,2529,,,,,,,,,,,17/7/2025,Ica,Lote 16,Agricultores Unidos,Ica,19.49,86999,9103,Generica
2023-2024,18/7/2025,23:17,Formulario Registro Inspeccion Uva,Piura,Lincoln Fernandez,True,Perú,Piura,EEUU,,First Inspection,1100505:11:00,AIREN,14,,Pass_Pasar,276,10,362.8,Yes / Si,358.46,0,0,,134,129,1290,5,13.9,14.2,13.9,14.5,13.5,5,0.36,0.23,0.27,0.43,0.31,2529,,,,,,,,,,,16/7/2025,Piura,Lote 1,Santa Bernardina Uva,Piura,80.51,86984,9116,Generica
2023-2024,18/7/2025,22:56,Formulario Registro Inspeccion Uva,Piura,Lincoln Fernandez,True,Perú,Piura,EEUU,,First Inspection,1100506:10:00,AIREN,14,,Pass_Pasar,100,4,350.4,Yes / Si,346.77,4,0,,161,160.5,642,2,12.8,12.9,,,,2,0.56,0.56,,,,2529,,,,,,,,,,,16/7/2025,Piura,Lote 1,Santa Bernardina Uva,Piura,80.51,86984,9108,Generica
2023-2024,18/7/2025,21:43,Formulario Registro Inspeccion Uva,Piura,Lincoln Fernandez,False,Perú,Piura,EEUU,,First Inspection,1100534:00:00,MERLOT,7,,Pass_Pasar,90,4,352.1,Yes / Si,348.32,4,0,,82,81.5,326,2,13.9,13.6,,,,2,0.52,0.48,,,,2529,,,,,,,,,,,17/7/2025,Piura,Lote 8,Sol del Sur,Piura,68.65,86991,9108,Generica
2023-2024,18/7/2025,21:33,Formulario Registro Inspeccion Uva,Piura,Lincoln Fernandez,False,Perú,Piura,ASIA NORTE,,First Inspection,1100560:48:00,VERDEJO,8,,Pass_Pasar,390,16,145,Yes / Si,142.75,16,0,,33,32,512,1,12.1,,,,,1,0.44,,,,,2529,,,,,,,,,,,18/7/2025,Piura,Lote 41,Campos Gloriosos,Piura,61.84,87024,9103,Generica
2023-2024,18/7/2025,21:30,Formulario Registro Inspeccion Uva,Piura,Lincoln Fernandez,False,Perú,Piura,ASIA NORTE,,First Inspection,1100561:35:00,VERDEJO,8,,Pass_Pasar,390,16,145,Yes / Si,142.75,16,0,,30,29,464,2,11.3,12.1,,,,2,0.47,0.48,,,,2529,,,,,,,,,,,18/7/2025,Piura,Lote 41,Campos Gloriosos,Piura,61.84,87024,9103,Generica
2023-2024,19/7/2025,0:20,Formulario Registro Inspeccion Uva,Piura,Lincoln Fernandez,False,Perú,Piura,EEUU,,First Inspection,1100531:05:00,AIREN,14,,Pass_Pasar,276,10,359.7,Yes / Si,357.45,0,1,,136,129.5,1295,5,13.4,12.9,14.5,13.6,12.8,5,0.4,0.36,0.29,0.32,0.4,2529,,,,,,,,,,,17/7/2025,Piura,Lote 1,Santa Bernardina Uva,Piura,80.51,86984,9116,Generica
2023-2024,22/7/2025,23:41,Formulario Registro Inspeccion Uva,Pisco,Guadalupe,True,Perú,Pisco,EEUU,,First Inspection,1100657:58:00,AIREN,14,,Pass_Pasar,204,8,349,Yes / Si,343.50,8,0,,111,110.5,884,2,13.1,13.9,,,,2,0.64,0.59,,,,2530,,,,,,,,,,,22/7/2025,Pisco,Lote 3,Santa Bernardina Uva,Pisco,313.27,86986,9108,Generica
2023-2024,22/7/2025,23:33,Formulario Registro Inspeccion Uva,Pisco,Guadalupe,False,Perú,Pisco,EEUU,,First Inspection,1100656:06:00,AIREN,14,,Pass_Pasar,276,11,365,Yes / Si,354.72,0,0,,110,109,1199,5,14.9,14.4,14.2,14.4,14.4,5,0.23,0.23,0.17,0.18,0.18,2530,,,,,,,,,,,22/7/2025,Pisco,Lote 3,Santa Bernardina Uva,Pisco,313.27,86986,9116,Generica
2023-2024,22/7/2025,23:28,Formulario Registro Inspeccion Uva,Pisco,Guadalupe,False,Perú,Pisco,EEUU,,First Inspection,1100656:49:00,AIREN,14,,Pass_Pasar,276,11,384,Yes / Si,355.18,0,4,,114,114,1254,5,15.1,13.4,14.8,13.6,14.7,5,0.47,0.28,0.31,0.29,0.14,2530,,,,,,,,,,,22/7/2025,Pisco,Lote 3,Santa Bernardina Uva,Pisco,313.27,86986,9116,Generica
2023-2024,22/7/2025,23:11,Formulario Registro Inspeccion Uva,Pisco,Guadalupe,True,Perú,Pisco,ASIA NORTE,,First Inspection,1100652:30:00,AIREN,12,,Pass_Pasar,264,12,145,Yes / Si,142.91,12,0,,55,52.5,630,2,13.8,13.1,,,,2,0.43,0.35,,,,2530,,,,,,,,,,,22/7/2025,Pisco,Lote 10,Eden del Norte,Pisco,76.26,86993,9099,Generica
2023-2024,22/7/2025,19:59,Formulario Registro Inspeccion Uva,Pisco,Juan M.,True,Perú,Pisco,ASIA NORTE,,First Inspection,1100631:51:00,VERDEJO,7,,Pass_Pasar,390,16,147,Yes / Si,142.81,16,0,,38,37.5,600,2,12.7,11.6,,,,2,0.55,0.72,,,,2530,,,,,,,,,,,21/7/2025,Pisco,Lote 20,Agricultores Unidos,Pisco,344.98,87003,9103,Generica
2023-2024,22/7/2025,19:57,Formulario Registro Inspeccion Uva,Pisco,Juan M.,True,Perú,Pisco,EEUU,,First Inspection,1100631:15:00,VERDEJO,7,,Pass_Pasar,110,4,586,Yes / Si,580.50,4,0,,170,168.5,674,2,12.5,12.7,,,,2,0.47,0.54,,,,2530,,,,,,,,,,,21/7/2025,Pisco,Lote 20,Agricultores Unidos,Pisco,344.98,87003,9111,Generica
2023-2024,22/7/2025,19:52,Formulario Registro Inspeccion Uva,Pisco,Juan M.,True,Perú,Pisco,ASIA CENTRO,Yes / Si,First Inspection,1100630:44:00,AIREN,9,Singapur,Pass_Pasar,390,16,146,Yes / Si,143.56,16,0,,42,42,672,2,13.2,14.2,,,,2,0.24,0.46,,,,2530,,,,,,,,,,,21/7/2025,Pisco,Lote 20,Agricultores Unidos,Pisco,344.98,87003,9100,Generica
2023-2024,22/7/2025,23:38,Formulario Registro Inspeccion Uva,Pisco,Guadalupe,False,Perú,Pisco,EEUU,,First Inspection,1100657:22:00,AIREN,14,,Pass_Pasar,276,11,363,Yes / Si,354.27,0,3,,120,119.5,1314.5,5,13.5,13.6,14,13.4,14.1,5,0.33,0.27,0.19,0.21,0.23,2530,,,,,,,,,,,22/7/2025,Pisco,Lote 3,Santa Bernardina Uva,Pisco,313.27,86986,9116,Generica
2023-2024,22/7/2025,15:58,Formulario Registro Inspeccion Uva,Piura,Lincoln Fernandez,True,Perú,Piura,EEUU,,First Inspection,1100629:39:00,AIREN,17,,Pass_Pasar,204,8,365,Yes / Si,363.12,8,0,,210,203.5,1628,1,12.6,,,,,1,0.33,,,,,2530,,,,,,,,,,,21/7/2025,Piura,Lote 39,Sociedad del Sol,Piura,71.53,87022,9108,Generica
2023-2024,22/7/2025,15:59,Formulario Registro Inspeccion Uva,Piura,Lincoln Fernandez,True,Perú,Piura,EEUU,,First Inspection,1100630:20:00,AIREN,17,,Pass_Pasar,102,4,365,Yes / Si,363.00,4,0,,189,153,612,1,14.4,,,,,1,0.38,,,,,2530,,,,,,,,,,,21/7/2025,Piura,Lote 39,Sociedad del Sol,Piura,71.53,87022,9108,Generica
2023-2024,22/7/2025,21:00,Formulario Registro Inspeccion Uva,Piura,Lincoln Fernandez,True,Perú,Piura,ASIA NORTE,,First Inspection,1100654:46:00,AIREN,12,,Pass_Pasar,390,16,145,Yes / Si,143.18,16,0,,50,47.5,760,1,13,,,,,1,0.42,,,,,2530,,,,,,,,,,,22/7/2025,Piura,Lote 41,Campos Gloriosos,Piura,61.84,87024,9102,Generica
2023-2024,24/7/2025,23:51,Formulario Registro Inspeccion Uva,Pisco,Guadalupe,False,Perú,Pisco,EEUU,,First Inspection,1100691:39:00,AIREN,13,,Pass_Pasar,276,11,362,Yes / Si,354.90,0,1,,140,132.5,1457.5,5,16.1,15.3,17.7,15.6,15.3,5,0.26,0.17,0.22,0.29,0.25,2530,,,,,,,,,,,24/7/2025,Pisco,Lote 3,Santa Bernardina Uva,Pisco,313.27,86986,9116,Generica
2023-2024,24/7/2025,23:33,Formulario Registro Inspeccion Uva,Pisco,Guadalupe,True,Perú,Pisco,ASIA CENTRO,Yes / Si,First Inspection,1100652:25:00,AIREN,9,Singapur,Pass_Pasar,56,8,145,Yes / Si,143.25,8,0,,41,40,320,2,13.8,14.2,,,,2,1.17,0.85,,,,2530,,,,,,,,,,,22/7/2025,Pisco,Lote 5,Santa Bernardina Uva,Pisco,72.27,86988,9103,Generica
2023-2024,24/7/2025,23:38,Formulario Registro Inspeccion Uva,Pisco,Guadalupe,False,Perú,Pisco,EEUU,,First Inspection,1100704:57:00,AIREN,13,,Pass_Pasar,276,11,364,Yes / Si,354.72,0,1,,116,109.5,1204.5,5,14.9,15.5,14.8,14.3,15.1,5,0.27,0.3,0.24,0.2,0.32,2530,,,,,,,,,,,24/7/2025,Pisco,Lote 3,Santa Bernardina Uva,Pisco,313.27,86986,9116,Generica
2023-2024,24/7/2025,23:15,Formulario Registro Inspeccion Uva,Piura,Lincoln Fernandez,True,Perú,Piura,EEUU,,First Inspection,1100674:50:00,AIREN,17,,Pass_Pasar,204,8,369,Yes / Si,364.12,8,0,,156,152.5,1220,1,13.6,,,,,1,0.26,,,,,2530,,,,,,,,,,,23/7/2025,Piura,Lote 39,Sociedad del Sol,Piura,71.53,87022,9108,Generica
2023-2024,24/7/2025,23:29,Formulario Registro Inspeccion Uva,Piura,Lincoln Fernandez,False,Perú,Piura,EEUU,,First Inspection,1100675:35:00,MERLOT,14,,Pass_Pasar,140,6,364,Yes / Si,363.50,6,0,,92,88,528,1,14.9,,,,,1,0.48,,,,,2530,,,,,,,,,,,23/7/2025,Piura,Lote 39,Sociedad del Sol,Piura,71.53,87022,9108,Generica
2023-2024,24/7/2025,23:25,Formulario Registro Inspeccion Uva,Piura,Lincoln Fernandez,True,Perú,Piura,EEUU,,First Inspection,1100676:05:00,AIREN,17,,Pass_Pasar,204,8,366,Yes / Si,363.87,8,0,,155,151,1208,1,13,,,,,1,0.37,,,,,2530,,,,,,,,,,,23/7/2025,Piura,Lote 39,Sociedad del Sol,Piura,71.53,87022,9108,Generica
2023-2024,24/7/2025,22:46,Formulario Registro Inspeccion Uva,Piura,Lincoln Fernandez,False,Perú,Piura,ASIA NORTE,,First Inspection,1100701:58:00,AIREN,13,,Pass_Pasar,390,16,144,Yes / Si,142.25,15,1,,48,47.5,760,2,11.8,13.5,,,,2,0.44,0.22,,,,2530,,,,,,,,,,,24/7/2025,Piura,Lote 41,Campos Gloriosos,Piura,61.84,87024,9102,Generica
2023-2024,24/7/2025,22:58,Formulario Registro Inspeccion Uva,Piura,Lincoln Fernandez,True,Perú,Piura,ASIA CENTRO,Yes / Si,First Inspection,1100704:48:00,MERLOT,13,Singapur,Pass_Pasar,240,10,153.4,Yes / Si,145.02,10,0,,33,31,310,1,14.8,,,,,1,1.01,,,,,2530,,,,,,,,,,,24/7/2025,Piura,Lote 1,Santa Bernardina Uva,Piura,80.51,86984,9100,Generica
2023-2024,24/7/2025,22:59,Formulario Registro Inspeccion Uva,Piura,Lincoln Fernandez,True,Perú,Piura,ASIA CENTRO,Yes / Si,First Inspection,1100705:12:00,MERLOT,13,Singapur,Pass_Pasar,240,10,446.9,Yes / Si,177.42,10,0,,31,31,310,1,15,,,,,1,0.68,,,,,2530,,,,,,,,,,,24/7/2025,Piura,Lote 1,Santa Bernardina Uva,Piura,80.51,86984,9100,Generica
2023-2024,25/7/2025,18:46,Formulario Registro Inspeccion Uva,Pisco,Juan M.,True,Perú,Pisco,ASIA NORTE,,First Inspection,1100699:06:00,VERDEJO,9,,Pass_Pasar,390,16,152,Yes / Si,144.43,16,0,,37,35.5,568,2,12.4,12.7,,,,2,0.65,0.51,,,,2530,,,,,,,,,,,24/7/2025,Pisco,Lote 20,Agricultores Unidos,Pisco,344.98,87003,9103,Generica
2023-2024,25/7/2025,18:44,Formulario Registro Inspeccion Uva,Pisco,Juan M.,True,Perú,Pisco,ASIA CENTRO,Yes / Si,First Inspection,1100698:38:00,AIREN,9,HongKong,Pass_Pasar,390,16,146,Yes / Si,143.18,16,0,,41,39.5,632,2,13.8,14.4,,,,2,0.48,0.46,,,,2530,,,,,,,,,,,24/7/2025,Pisco,Lote 20,Agricultores Unidos,Pisco,344.98,87003,9100,Generica
2023-2024,25/7/2025,15:21,Formulario Registro Inspeccion Uva,Ica,Gloria A.,True,Perú,Ica,ASIA NORTE,,First Inspection,1100698:49:00,VERDEJO,7,,Pass_Pasar,390,16,157,Yes / Si,147.12,15,0,,36,35,560,2,12.3,12,,,,2,0.96,1.05,,,,2530,,,,,,,,,,,24/7/2025,Ica,Lote 26,Andenes de Andrea,Ica,84.47,87009,9103,Generica
2023-2024,25/7/2025,15:17,Formulario Registro Inspeccion Uva,Ica,Gloria A.,True,Perú,Ica,ASIA NORTE,,First Inspection,1100699:16:00,VERDEJO,7,,Pass_Pasar,390,16,156,Yes / Si,148.31,16,0,,37,36,576,2,12,11.5,,,,2,0.75,0.85,,,,2530,,,,,,,,,,,24/7/2025,Ica,Lote 26,Andenes de Andrea,Ica,84.47,87009,9103,Generica
2023-2024,25/7/2025,0:07,Formulario Registro Inspeccion Uva,Pisco,Guadalupe,False,Perú,Pisco,EEUU,,First Inspection,1100692:16:00,AIREN,13,,Pass_Pasar,276,11,373,Yes / Si,357.09,0,1,,128,119.5,1314.5,5,15.1,14.9,14.7,15.1,14.1,5,0.26,0.39,0.36,0.18,0.33,2530,,,,,,,,,,,24/7/2025,Pisco,Lote 3,Santa Bernardina Uva,Pisco,313.27,86986,9116,Generica
2023-2024,25/7/2025,22:46,Formulario Registro Inspeccion Uva,Piura,Lincoln Fernandez,True,Perú,Piura,EEUU,,First Inspection,1100701:26:00,AIREN,15,,Pass_Pasar,110,4,582,Yes / Si,580.00,4,0,,241,237,948,1,14.8,,,,,1,0.27,,,,,2530,,,,,,,,,,,24/7/2025,Piura,Lote 39,Sociedad del Sol,Piura,71.53,87022,9111,Generica
2023-2024,25/7/2025,22:53,Formulario Registro Inspeccion Uva,Piura,Lincoln Fernandez,False,Perú,Piura,EEUU,,First Inspection,1100701:28:00,MERLOT,14,,Pass_Pasar,110,4,584,Yes / Si,581.25,4,0,,154,151,604,2,15.4,13.6,,,,2,0.72,0.61,,,,2530,,,,,,,,,,,24/7/2025,Piura,Lote 39,Sociedad del Sol,Piura,71.53,87022,9111,Generica
2023-2024,25/7/2025,22:56,Formulario Registro Inspeccion Uva,Piura,Lincoln Fernandez,True,Perú,Piura,EEUU,,First Inspection,1100703:03:00,VERDEJO,14,,Pass_Pasar,110,4,581,Yes / Si,579.50,4,0,,147,145,580,1,12.3,,,,,1,0.45,,,,,2530,,,,,,,,,,,24/7/2025,Piura,Lote 39,Sociedad del Sol,Piura,71.53,87022,9111,Generica
2023-2024,25/7/2025,22:37,Formulario Registro Inspeccion Uva,Piura,Lincoln Fernandez,True,Perú,Piura,ASIA CENTRO,No,First Inspection,1100728:01:00,AIREN,12,,Pass_Pasar,390,16,144,Yes / Si,142.31,16,0,,40,39.5,632,1,13,,,,,1,0.29,,,,,2530,,,,,,,,,,,25/7/2025,Piura,Lote 41,Campos Gloriosos,Piura,61.84,87024,9100,Generica
2023-2024,25/7/2025,22:40,Formulario Registro Inspeccion Uva,Piura,Lincoln Fernandez,True,Perú,Piura,ASIA CENTRO,No,First Inspection,1100728:45:00,AIREN,12,,Pass_Pasar,390,16,145,Yes / Si,142.43,16,0,,58,57,912,1,13.2,,,,,1,0.33,,,,,2530,,,,,,,,,,,25/7/2025,Piura,Lote 41,Campos Gloriosos,Piura,61.84,87024,9099,Generica
2023-2024,30/7/2025,23:03,Formulario Registro Inspeccion Uva,Pisco,Guadalupe,False,Perú,Pisco,ASIA NORTE,,First Inspection,1100850:58:00,MERLOT,11,,Pass_Pasar,195,12,146,Yes / Si,141.70,11,1,,29,28,336,2,13.3,15.2,,,,2,0.58,0.62,,,,2531,,,,,,,,,,,30/7/2025,Pisco,Lote 3,Santa Bernardina Uva,Pisco,313.27,86986,9103,Generica
2023-2024,30/7/2025,22:55,Formulario Registro Inspeccion Uva,Pisco,Guadalupe,False,Perú,Pisco,EEUU,,First Inspection,1100849:09:00,AIREN,15,,Pass_Pasar,276,11,359,Yes / Si,353.20,0,3,,116,113.5,1248.5,5,13.4,14.5,13.9,14.8,13.7,5,0.19,0.22,0.39,0.15,0.24,2531,,,,,,,,,,,30/7/2025,Pisco,Lote 3,Santa Bernardina Uva,Pisco,313.27,86986,9116,Generica
2023-2024,30/7/2025,22:50,Formulario Registro Inspeccion Uva,Pisco,Guadalupe,True,Perú,Pisco,ASIA NORTE,,First Inspection,1100847:12:00,AIREN,12,,Pass_Pasar,270,12,143,Yes / Si,141.87,12,0,,52,52,624,2,12.7,13.9,,,,2,0.6,0.4,,,,2531,,,,,,,,,,,30/7/2025,Pisco,Lote 10,Eden del Norte,Pisco,76.26,86993,9099,Generica
2023-2024,30/7/2025,22:48,Formulario Registro Inspeccion Uva,Pisco,Guadalupe,True,Perú,Pisco,ASIA NORTE,,First Inspection,1100847:00:00,AIREN,12,,Pass_Pasar,270,12,143,Yes / Si,141.79,12,0,,47,47,564,2,13.7,12.5,,,,2,0.22,0.27,,,,2531,,,,,,,,,,,30/7/2025,Pisco,Lote 10,Eden del Norte,Pisco,76.26,86993,9099,Generica
2023-2024,30/7/2025,21:35,Formulario Registro Inspeccion Uva,Ica,Gloria A.,True,Perú,Ica,EEUU,,First Inspection,1100846:39:00,AIREN,12,,Pass_Pasar,150,3,360,Yes / Si,359.33,0,0,,133,130.5,391.5,5,15,14.5,15.7,15,15.8,5,0.75,0.9,0.61,0.68,0.43,2531,,,,,,,,,,,30/7/2025,Ica,Lote 35,Agricultores del Sol,Ica,129.08,87018,9116,Generica
2023-2024,30/7/2025,20:00,Formulario Registro Inspeccion Uva,Ica,Juan M.,True,Perú,Ica,EEUU,,First Inspection,1100823:04:00,MERLOT,11,,Pass_Pasar,110,4,575,Yes / Si,573.25,4,0,,146,144,576,2,13.7,14.6,,,,2,0.34,0.62,,,,2531,,,,,,,,,,,29/7/2025,Ica,Lote 38,Tierra Linda,Ica,35.08,87021,9111,Generica
2023-2024,30/7/2025,19:57,Formulario Registro Inspeccion Uva,Ica,Juan M.,True,Perú,Ica,ASIA NORTE,,First Inspection,1100822:31:00,MERLOT,11,,Pass_Pasar,390,16,146,Yes / Si,143.87,16,0,,29,28,448,2,15.1,12.7,,,,2,0.36,0.25,,,,2531,,,,,,,,,,,29/7/2025,Ica,Lote 38,Tierra Linda,Ica,35.08,87021,9103,Generica
2023-2024,30/7/2025,23:24,Formulario Registro Inspeccion Uva,Pisco,Guadalupe,True,Perú,Pisco,EEUU,,First Inspection,1100850:13:00,AIREN,15,,Pass_Pasar,276,11,356,Yes / Si,353.45,0,0,,118,115,1265,5,14.5,14.6,14.6,14.3,14.7,5,0.15,0.25,0.17,0.17,0.15,2531,,,,,,,,,,,30/7/2025,Pisco,Lote 3,Santa Bernardina Uva,Pisco,313.27,86986,9116,Generica
2023-2024,30/7/2025,21:47,Formulario Registro Inspeccion Uva,Piura,Lincoln Fernandez,True,Perú,Piura,ASIA CENTRO,No,First Inspection,1100746:43:00,VERDEJO,14,,Pass_Pasar,390,16,143,Yes / Si,141.87,15,0,,35,35,560,1,12.9,,,,,1,0.47,,,,,2531,,,,,,,,,,,26/7/2025,Piura,Lote 39,Sociedad del Sol,Piura,71.53,87022,9100,Generica
2023-2024,30/7/2025,22:02,Formulario Registro Inspeccion Uva,Piura,Lincoln Fernandez,False,Perú,Piura,EEUU,,First Inspection,1100747:24:00,AIREN,11,,Pass_Pasar,24,1,581,Yes / Si,581.00,1,0,,380,380,380,1,12.7,,,,,1,0.38,,,,,2531,,,,,,,,,,,26/7/2025,Piura,Lote 39,Sociedad del Sol,Piura,71.53,87022,9108,Generica
2023-2024,30/7/2025,22:24,Formulario Registro Inspeccion Uva,Piura,Lincoln Fernandez,False,Perú,Piura,EEUU,,First Inspection,1100748:01:00,AIREN,11,,Pass_Pasar,276,11,354,Yes / Si,352.72,0,0,,142,139,1529,5,13.3,14.6,13.6,13.3,13.6,5,0.33,0.17,0.42,0.37,0.23,2531,,,,,,,,,,,26/7/2025,Piura,Lote 39,Sociedad del Sol,Piura,71.53,87022,9116,Generica
2023-2024,30/7/2025,22:45,Formulario Registro Inspeccion Uva,Piura,Lincoln Fernandez,False,Perú,Piura,EEUU,,First Inspection,1100822:46:00,AIREN,14,,Pass_Pasar,276,11,360.4,Yes / Si,356.80,0,1,,134,133.5,1468.5,5,13.7,15.1,14.8,14.3,14.6,5,0.28,0.19,0.24,0.25,0.28,2531,,,,,,,,,,,29/7/2025,Piura,Lote 1,Santa Bernardina Uva,Piura,80.51,86984,9116,Generica
2023-2024,30/7/2025,22:56,Formulario Registro Inspeccion Uva,Piura,Lincoln Fernandez,True,Perú,Piura,EEUU,,First Inspection,1100823:57:00,AIREN,14,,Pass_Pasar,276,11,360.9,Yes / Si,357.40,0,0,,128,125,1375,5,13.8,14,13.7,12.4,11.9,5,0.2,0.27,0.29,0.3,0.35,2531,,,,,,,,,,,29/7/2025,Piura,Lote 1,Santa Bernardina Uva,Piura,80.51,86984,9116,Generica
2023-2024,31/7/2025,23:57,Formulario Registro Inspeccion Uva,Ica,Gloria A.,True,Perú,Ica,EEUU,,First Inspection,1100833:00:00,AIREN,12,,Pass_Pasar,100,3,360,Yes / Si,359.66,0,0,,135,133.5,400.5,7,15,14.5,15.8,15.2,15,7,0.75,0.9,0.43,1.11,1.04,2531,15.7,15,0.61,0.68,,,,,,,30/7/2025,Ica,Lote 35,Agricultores del Sol,Ica,129.08,87018,9116,Generica
2023-2024,31/7/2025,23:41,Formulario Registro Inspeccion Uva,Pisco,Guadalupe,True,Perú,Pisco,ASIA CENTRO,Yes / Si,First Inspection,1100823:53:00,AIREN,10,Singapur,Pass_Pasar,54,5,145,Yes / Si,143.60,5,0,,57,50.5,252.5,2,14.9,15.7,,,,2,0.69,0.91,,,,2531,,,,,,,,,,,29/7/2025,Pisco,Lote 5,Santa Bernardina Uva,Pisco,72.27,86988,9099,Generica
2023-2024,31/7/2025,17:17,Formulario Registro Inspeccion Uva,Ica,Juan M.,True,Perú,Ica,EEUU,,First Inspection,1100843:02:00,AIREN,14,,Pass_Pasar,274,10,370,Yes / Si,363.30,0,0,,114,112,1120,5,13.1,11.6,13.2,13,12.2,5,0.39,0.53,0.41,0.39,0.47,2531,,,,,,,,,,,30/7/2025,Ica,Lote 26,Andenes de Andrea,Ica,84.47,87009,9116,Generica
2023-2024,31/7/2025,17:12,Formulario Registro Inspeccion Uva,Ica,Juan M.,False,Perú,Ica,EEUU,,First Inspection,1100842:14:00,AIREN,14,,Pass_Pasar,274,10,369,Yes / Si,360.70,0,0,,116,112,1120,5,13.1,13.6,13.4,12.9,13.7,5,0.39,0.44,0.52,0.45,0.29,2531,,,,,,,,,,,30/7/2025,Ica,Lote 26,Andenes de Andrea,Ica,84.47,87009,9116,Generica
2023-2024,31/7/2025,17:07,Formulario Registro Inspeccion Uva,Ica,Juan M.,True,Perú,Ica,EEUU,,First Inspection,1100843:35:00,AIREN,14,,Pass_Pasar,204,10,344,Yes / Si,339.10,10,0,,135,132.5,1325,2,12.2,11.2,,,,2,0.73,0.23,,,,2531,,,,,,,,,,,30/7/2025,Ica,Lote 26,Andenes de Andrea,Ica,84.47,87009,9108,Generica
2023-2024,31/7/2025,21:51,Formulario Registro Inspeccion Uva,Piura,Lincoln Fernandez,False,Perú,Piura,EEUU,,First Inspection,1100846:25:00,AIREN,13,,Pass_Pasar,276,11,355,Yes / Si,352.90,0,0,,136,135,1485,5,14.6,13.1,14.8,13.3,13.6,5,0.34,0.47,0.4,0.36,0.4,2531,,,,,,,,,,,30/7/2025,Piura,Lote 39,Sociedad del Sol,Piura,71.53,87022,9116,Generica
2023-2024,31/7/2025,22:18,Formulario Registro Inspeccion Uva,Piura,Lincoln Fernandez,True,Perú,Piura,EEUU,,First Inspection,1100846:55:00,MERLOT,15,,Pass_Pasar,276,11,354,Yes / Si,352.09,0,0,,82,82,902,5,14.4,15.1,15.5,14.4,14.2,5,0.65,0.53,0.57,0.52,0.6,2531,,,,,,,,,,,30/7/2025,Piura,Lote 39,Sociedad del Sol,Piura,71.53,87022,9116,Generica
2023-2024,31/7/2025,22:02,Formulario Registro Inspeccion Uva,Piura,Lincoln Fernandez,True,Perú,Piura,ASIA NORTE,,First Inspection,1100871:33:00,VERDEJO,,,Pass_Pasar,390,16,145,Yes / Si,142.62,16,0,,31,31,496,1,13.8,,,,,1,0.31,,,,,2531,,,,,,,,,,,31/7/2025,Piura,Lote 41,Campos Gloriosos,Piura,61.84,87024,9103,Generica
2023-2024,1/8/2025,23:26,Formulario Registro Inspeccion Uva,Piura,Lincoln Fernandez,True,Perú,Piura,EEUU,,First Inspection,1100896:27:00,VERDEJO,13,,Pass_Pasar,110,4,586,Yes / Si,582.25,4,0,,163,155,620,1,13.7,,,,,1,0.27,,,0,,2531,,,,,,,,,,,1/8/2025,Piura,Lote 41,Campos Gloriosos,Piura,61.84,87024,9111,Generica
2023-2024,1/8/2025,23:22,Formulario Registro Inspeccion Uva,Piura,Lincoln Fernandez,False,Perú,Piura,EEUU,,First Inspection,1100897:02:00,VERDEJO,13,,Pass_Pasar,110,4,581,Yes / Si,581.00,4,0,,163,162,648,1,13,,,,,1,0.23,,,0,,2531,,,,,,,,,,,1/8/2025,Piura,Lote 41,Campos Gloriosos,Piura,61.84,87024,9111,Generica
2023-2024,1/8/2025,22:03,Formulario Registro Inspeccion Uva,Pisco,Gloria A.,False,Perú,Pisco,EEUU,,First Inspection,1100867:43:00,AIREN,12,,Pass_Pasar,130,5,357,Yes / Si,355.40,0,0,,128,126.5,632.5,5,15,14.5,14,15.2,13.4,5,0.31,0.18,0.29,0.46,0.51,2531,,,,,,,,,,,31/7/2025,Pisco,Lote 20,Agricultores Unidos,Pisco,344.98,87003,9116,Generica
2023-2024,1/8/2025,21:35,Formulario Registro Inspeccion Uva,Pisco,Gloria A.,True,Perú,Pisco,ASIA NORTE,,First Inspection,1100867:04:00,AIREN,10,,Pass_Pasar,390,16,147,Yes / Si,143.50,15,0,,35,34.5,552,2,13.6,12.8,,,,1,0.39,,,0.54,,2531,,,,,,,,,,,31/7/2025,Pisco,Lote 20,Agricultores Unidos,Pisco,344.98,87003,9103,Generica
2023-2024,1/8/2025,21:22,Formulario Registro Inspeccion Uva,Pisco,Gloria A.,True,Perú,Pisco,ASIA NORTE,,First Inspection,1100866:36:00,VERDEJO,9,,Pass_Pasar,390,16,148,Yes / Si,142.75,16,0,,33,32,512,2,11.6,12.9,,,,1,0.7,,,0.58,,2531,,,,,,,,,,,31/7/2025,Pisco,Lote 20,Agricultores Unidos,Pisco,344.98,87003,9103,Generica
2023-2024,1/8/2025,16:40,Formulario Registro Inspeccion Uva,Ica,Juan M.,True,Perú,Ica,ASIA NORTE,,First Inspection,1100867:02:00,AIREN,9,,Pass_Pasar,390,16,148,Yes / Si,143.81,16,0,,51,50,800,2,12,13.6,,,,1,0.8,,,0.47,,2531,,,,,,,,,,,31/7/2025,Ica,Lote 37,Tierra Linda,Ica,31.63,87020,9102,Generica
2023-2024,1/8/2025,16:38,Formulario Registro Inspeccion Uva,Ica,Juan M.,True,Perú,Ica,ASIA NORTE,,First Inspection,1100866:35:00,AIREN,9,,Pass_Pasar,390,16,155,Yes / Si,145.37,16,0,,34,34,544,2,13.5,13.9,,,,1,0.41,,,0.31,,2531,,,,,,,,,,,31/7/2025,Ica,Lote 37,Tierra Linda,Ica,31.63,87020,9103,Generica
2023-2024,1/8/2025,0:10,Formulario Registro Inspeccion Uva,Pisco,Guadalupe,True,Perú,Pisco,EEUU,,First Inspection,1100849:33:00,AIREN,13,,Pass_Pasar,276,11,362,Yes / Si,356.63,0,0,,109,109,1199,5,14,15.9,14.9,14.5,14.6,5,0.15,0.2,0.16,0.16,0.22,2531,,,,,,,,,,,30/7/2025,Pisco,Lote 3,Santa Bernardina Uva,Pisco,313.27,86986,9116,Generica
2023-2024,1/8/2025,0:15,Formulario Registro Inspeccion Uva,Pisco,Guadalupe,False,Perú,Pisco,EEUU,,First Inspection,1100850:25:00,AIREN,13,,Pass_Pasar,276,11,364,Yes / Si,355.27,0,1,,115,110,1210,5,14.5,15.1,14.5,14.8,13.9,5,0.2,0.24,0.14,0.25,0.15,2531,,,,,,,,,,,30/7/2025,Pisco,Lote 3,Santa Bernardina Uva,Pisco,313.27,86986,9116,Generica
2023-2024,1/8/2025,0:05,Formulario Registro Inspeccion Uva,Pisco,Guadalupe,True,Perú,Pisco,ASIA CENTRO,Yes / Si,First Inspection,1100824:07:00,AIREN,10,Singapur,Pass_Pasar,199,8,147,Yes / Si,143.62,8,0,,31,31,248,2,14.8,15.3,,,,2,0.47,0.78,,,,2531,,,,,,,,,,,29/7/2025,Pisco,Lote 5,Santa Bernardina Uva,Pisco,72.27,86988,9100,Generica
2023-2024,1/8/2025,0:22,Formulario Registro Inspeccion Uva,Pisco,Guadalupe,True,Perú,Pisco,EEUU,,First Inspection,1100850:57:00,AIREN,13,,Pass_Pasar,45,2,358,Yes / Si,355.50,0,0,,104,565.5,1131,5,13.4,13.6,15,14.5,14.2,5,0.13,0.21,0.24,0.17,0.18,2531,,,,,,,,,,,30/7/2025,Pisco,Lote 3,Santa Bernardina Uva,Pisco,313.27,86986,9116,Generica
2023-2024,2/8/2025,0:21,Formulario Registro Inspeccion Uva,Piura,Lincoln Fernandez,True,Perú,Piura,EEUU,,First Inspection,1100871:21:00,MERLOT,13,,Pass_Pasar,276,10,354,Yes / Si,352.80,0,0,,88,84,840,5,14,13.9,15,14.8,14.6,5,0.47,0.55,0.37,0.42,0.38,2531,,,,,,,,,,,31/7/2025,Piura,Lote 39,Sociedad del Sol,Piura,71.53,87022,9116,Generica
2023-2024,2/8/2025,0:43,Formulario Registro Inspeccion Uva,Piura,Lincoln Fernandez,False,Perú,Piura,EEUU,,First Inspection,1100871:48:00,AIREN,14,,Pass_Pasar,276,8,357,Yes / Si,353.12,0,0,,141,136.5,1092,5,15.1,14.3,14.7,14.3,15.3,5,0.28,0.18,0.31,0.29,0.43,2531,,,,,,,,,,,31/7/2025,Piura,Lote 39,Sociedad del Sol,Piura,71.53,87022,9116,Generica
2023-2024,2/8/2025,2:26,Formulario Registro Inspeccion Uva,Pisco,Guadalupe,True,Perú,Pisco,EEUU,,First Inspection,1100899:22:00,AIREN,13,,Pass_Pasar,276,11,382,Yes / Si,360.18,0,0,,118,114,1254,5,14.9,15.5,15,14.3,14.4,5,0.2,0.21,0.15,0.18,0.18,2531,,,,,,,,,,,1/8/2025,Pisco,Lote 3,Santa Bernardina Uva,Pisco,313.27,86986,9116,Generica
2023-2024,2/8/2025,4:37,Formulario Registro Inspeccion Uva,Pisco,Guadalupe,False,Perú,Pisco,EEUU,,First Inspection,1100899:46:00,AIREN,13,,Pass_Pasar,55,4,575,Yes / Si,571.75,2,2,,213,213,852,2,13.7,13.6,,,,2,0.36,0.65,,,,2531,,,,,,,,,,,1/8/2025,Pisco,Lote 3,Santa Bernardina Uva,Pisco,313.27,86986,9111,Generica
2023-2024,2/8/2025,4:33,Formulario Registro Inspeccion Uva,Pisco,Guadalupe,False,Perú,Pisco,EEUU,,First Inspection,1100896:18:00,AIREN,13,,Pass_Pasar,276,11,360,Yes / Si,354.09,0,0,,113,112.5,1237.5,5,13.3,15.6,14.4,14.2,15.1,5,0.28,0.17,0.36,0.24,0.21,2531,,,,,,,,,,,1/8/2025,Pisco,Lote 3,Santa Bernardina Uva,Pisco,313.27,86986,9116,Generica
2023-2024,2/8/2025,2:17,Formulario Registro Inspeccion Uva,Pisco,Guadalupe,False,Perú,Pisco,EEUU,,First Inspection,1100898:08:00,AIREN,13,,Pass_Pasar,276,12,360,Yes / Si,355.33,0,1,,113,112,1344,5,14,15.5,14.1,13.7,15.5,5,0.24,0.18,0.71,0.15,0.14,2531,,,,,,,,,,,1/8/2025,Pisco,Lote 3,Santa Bernardina Uva,Pisco,313.27,86986,9116,Generica
2023-2024,5/8/2025,23:51,Formulario Registro Inspeccion Uva,Pisco,Guadalupe,True,Perú,Pisco,EEUU,,First Inspection,1100993:17:00,AIREN,15,,Pass_Pasar,204,8,350,Yes / Si,343.87,8,0,,117,111,888,2,12.6,13,,,,2,0.45,0.15,,,,2532,,,,,,,,,,,5/8/2025,Pisco,Lote 3,Santa Bernardina Uva,Pisco,313.27,86986,9108,Generica
2023-2024,5/8/2025,23:47,Formulario Registro Inspeccion Uva,Pisco,Guadalupe,True,Perú,Pisco,EEUU,,First Inspection,1100992:28:00,AIREN,15,,Pass_Pasar,276,11,373,Yes / Si,360.27,0,0,,107,106.5,1171.5,5,13,13.6,14.8,14.5,14.4,5,0.15,0.17,0.14,0.29,0.15,2532,,,,,,,,,,,5/8/2025,Pisco,Lote 3,Santa Bernardina Uva,Pisco,313.27,86986,9116,Generica
2023-2024,5/8/2025,23:42,Formulario Registro Inspeccion Uva,Pisco,Guadalupe,True,Perú,Pisco,ASIA NORTE,,First Inspection,1100990:36:00,AIREN,12,,Pass_Pasar,270,12,144,Yes / Si,142.79,12,0,,59,57.5,690,2,13.9,12.2,,,,2,0.13,0.28,,,,2532,,,,,,,,,,,5/8/2025,Pisco,Lote 10,Eden del Norte,Pisco,76.26,86993,9102,Generica
2023-2024,5/8/2025,23:38,Formulario Registro Inspeccion Uva,Pisco,Guadalupe,True,Perú,Pisco,ASIA NORTE,,First Inspection,1100990:17:00,AIREN,12,,Pass_Pasar,270,12,144.5,No,,,,,60,60,720,2,14.2,15,,,,2,0.33,0.24,,,,2532,,,,,,,,,,,5/8/2025,Pisco,Lote 10,Eden del Norte,Pisco,76.26,86993,9102,Generica
2023-2024,5/8/2025,19:16,Formulario Registro Inspeccion Uva,Pisco,Juan M.,False,Perú,Pisco,ASIA NORTE,,First Inspection,1100962:47:00,VERDEJO,9,,Pass_Pasar,390,16,150,Yes / Si,145.12,16,0,,34,33,528,2,12.1,12.5,,,,2,0.64,0.53,,,,2532,,,,,,,,,,,4/8/2025,Pisco,Lote 20,Agricultores Unidos,Pisco,344.98,87003,9103,Generica
2023-2024,5/8/2025,19:16,Formulario Registro Inspeccion Uva,Pisco,Juan M.,True,Perú,Pisco,EEUU,,First Inspection,1100963:24:00,VERDEJO,9,,Pass_Pasar,204,10,341,Yes / Si,333.70,10,0,,108,106,1060,2,13.8,11.1,,,,2,0.51,0.66,,,,2532,,,,,,,,,,,4/8/2025,Pisco,Lote 20,Agricultores Unidos,Pisco,344.98,87003,9108,Generica
2023-2024,5/8/2025,19:15,Formulario Registro Inspeccion Uva,Ica,Juan M.,True,Perú,Ica,EUROPA,No,First Inspection,1100964:03:00,AIREN,9,,Pass_Pasar,390,16,147,Yes / Si,142.93,16,0,,47,46.5,744,2,12.9,14.3,,,,2,0.6,0.65,,,,2532,,,,,,,,,,,4/8/2025,Ica,Lote 19,Agricultores Unidos,Ica,79.51,87002,9092,Generica
2023-2024,5/8/2025,16:28,Formulario Registro Inspeccion Uva,Ica,Juan M.,False,Perú,Ica,EEUU,,First Inspection,1100961:58:00,AIREN,9,,Pass_Pasar,110,4,580,Yes / Si,579.25,4,0,,204,200,800,2,13.5,12.9,,,,2,0.25,0.38,,,,2532,,,,,,,,,,,4/8/2025,Ica,Lote 38,Tierra Linda,Ica,35.08,87021,9111,Generica
2023-2024,6/8/2025,3:16,Formulario Registro Inspeccion Uva,Piura,Lincoln Fernandez,False,Perú,Piura,EEUU,,First Inspection,1100965:50:00,AIREN,13,,Pass_Pasar,276,11,354,Yes / Si,352.81,0,0,,147,141.5,1556.5,5,14.6,13.7,14,13.6,14.2,5,0.34,0.41,0.27,0.31,0.44,2532,,,,,,,,,,,4/8/2025,Piura,Lote 39,Sociedad del Sol,Piura,71.53,87022,9116,Generica
2023-2024,6/8/2025,2:03,Formulario Registro Inspeccion Uva,Piura,Lincoln Fernandez,False,Perú,Piura,EEUU,,First Inspection,1100966:43:00,MERLOT,14,,Pass_Pasar,180,7,355,Yes / Si,352.71,0,0,,70,69.5,486.5,5,13.2,15,16,13.9,14,5,0.5,0.57,0.38,0.35,0.55,2532,,,,,,,,,,,4/8/2025,Piura,Lote 39,Sociedad del Sol,Piura,71.53,87022,9116,Generica
2023-2024,6/8/2025,0:58,Formulario Registro Inspeccion Uva,Piura,Lincoln Fernandez,False,Perú,Piura,ASIA NORTE,,First Inspection,1100967:11:00,AIREN,13,,Pass_Pasar,390,16,143,Yes / Si,142.75,16,0,,94,92.5,1480,1,14,,,,,1,0.4,,,,,2532,,,,,,,,,,,4/8/2025,Piura,Lote 39,Sociedad del Sol,Piura,71.53,87022,9102,Generica
2023-2024,6/8/2025,14:46,Formulario Registro Inspeccion Uva,Piura,Lincoln Fernandez,True,Perú,Piura,ASIA NORTE,,First Inspection,1100977:01:00,MERLOT,14,,Pass_Pasar,100,4,143,Yes / Si,142.25,4,0,,48,48,192,1,13.9,,,,,1,0.38,,,,,2532,,,,,,,,,,,5/8/2025,Piura,Lote 39,Sociedad del Sol,Piura,71.53,87022,9102,Generica
2023-2024,6/8/2025,3:46,Formulario Registro Inspeccion Uva,Piura,Lincoln Fernandez,False,Perú,Piura,EEUU,,First Inspection,1100968:19:00,AIREN,13,,Pass_Pasar,200,8,354,Yes / Si,352.87,0,0,,144,142,1136,5,14.1,15.4,13.5,13.5,14.2,5,0.25,0.32,0.4,0.1,0.37,2532,,,,,,,,,,,4/8/2025,Piura,Lote 39,Sociedad del Sol,Piura,71.53,87022,9116,Generica
2023-2024,6/8/2025,0:37,Formulario Registro Inspeccion Uva,Piura,Lincoln Fernandez,False,Perú,Piura,ASIA NORTE,,First Inspection,1100995:07:00,MERLOT,15,,Pass_Pasar,390,16,154.2,Yes / Si,145.13,15,1,,34,31.5,504,1,14.1,,,,,1,0.54,,,,,2532,,,,,,,,,,,5/8/2025,Piura,Lote 1,Santa Bernardina Uva,Piura,80.51,86984,9103,Generica
2023-2024,6/8/2025,0:26,Formulario Registro Inspeccion Uva,Piura,Lincoln Fernandez,True,Perú,Piura,ASIA NORTE,,First Inspection,1100995:47:00,MERLOT,15,,Pass_Pasar,390,16,149.1,Yes / Si,144.88,16,0,,48,48,768,1,15.3,,,,,1,0.46,,,,,2532,,,,,,,,,,,5/8/2025,Piura,Lote 1,Santa Bernardina Uva,Piura,80.51,86984,9102,Generica
2023-2024,6/8/2025,0:48,Formulario Registro Inspeccion Uva,Piura,Lincoln Fernandez,False,Perú,Piura,ASIA NORTE,,First Inspection,1100993:12:00,AIREN,13,,Pass_Pasar,390,16,151,Yes / Si,141.68,15,1,,57,55,880,1,13.3,,,,,1,0.21,,,,,2532,,,,,,,,,,,5/8/2025,Piura,Lote 41,Campos Gloriosos,Piura,61.84,87024,9102,Generica
2023-2024,7/8/2025,22:23,Formulario Registro Inspeccion Uva,Piura,Lincoln Fernandez,True,Perú,Piura,ASIA NORTE,,First Inspection,1101013:19:00,MERLOT,14,,Pass_Pasar,300,12,151,Yes / Si,145.50,12,0,,58,56,672,1,15.5,,,,,1,0.55,,,,,2532,,,,,,,,,,,6/8/2025,Piura,Lote 8,Sol del Sur,Piura,68.65,86991,9102,Generica
2023-2024,7/8/2025,22:29,Formulario Registro Inspeccion Uva,Piura,Lincoln Fernandez,False,Perú,Piura,ASIA NORTE,,First Inspection,1101013:44:00,MERLOT,14,,Pass_Pasar,300,12,154,Yes / Si,143.91,10,2,,32,31.5,378,1,13.7,,,,,1,0.4,,,,,2532,,,,,,,,,,,6/8/2025,Piura,Lote 8,Sol del Sur,Piura,68.65,86991,9103,Generica
2023-2024,7/8/2025,22:36,Formulario Registro Inspeccion Uva,Piura,Lincoln Fernandez,True,Perú,Piura,ASIA NORTE,,First Inspection,1101016:07:00,MERLOT,14,,Pass_Pasar,390,16,149.2,Yes / Si,144.00,16,0,,33,31,496,1,14.6,,,,,1,0.41,,,,,2532,,,,,,,,,,,6/8/2025,Piura,Lote 1,Santa Bernardina Uva,Piura,80.51,86984,9103,Generica
2023-2024,7/8/2025,22:46,Formulario Registro Inspeccion Uva,Piura,Lincoln Fernandez,True,Perú,Piura,ASIA NORTE,,First Inspection,1101016:40:00,MERLOT,14,,Pass_Pasar,390,16,154.2,Yes / Si,145.46,16,0,,49,47.5,760,1,13.4,,,,,1,0.58,,,,,2532,,,,,,,,,,,6/8/2025,Piura,Lote 1,Santa Bernardina Uva,Piura,80.51,86984,9102,Generica
2023-2024,7/8/2025,22:06,Formulario Registro Inspeccion Uva,Ica,Gloria A.,True,Perú,Ica,EEUU,,First Inspection,1101015:49:00,MERLOT,7,,Pass_Pasar,204,5,343,Yes / Si,335.80,0,0,,91,90,450,2,13.6,13.5,,,,2,0.74,1.3,,,,2532,,,,,,,,,,,6/8/2025,Ica,Lote 7,Uvas del Sabor,Ica,110.1,86990,9110,Organica
2023-2024,7/8/2025,22:02,Formulario Registro Inspeccion Uva,Ica,Gloria A.,True,Perú,Ica,EEUU,,First Inspection,1101040:08:00,AIREN,7,,Pass_Pasar,204,5,344,Yes / Si,340.60,0,0,,131,131,655,2,15,14.4,,,,2,0.66,0.73,,,,2532,,,,,,,,,,,7/8/2025,Ica,Lote 7,Uvas del Sabor,Ica,110.1,86990,9110,Organica
2023-2024,7/8/2025,16:25,Formulario Registro Inspeccion Uva,Ica,Juan M.,True,Perú,Ica,ASIA NORTE,,First Inspection,1101039:35:00,AIREN,7,,Pass_Pasar,390,16,143,Yes / Si,142.06,16,0,,72,67.5,1080,2,15.3,14.3,,,,2,0.53,0.89,,,,2532,,,,,,,,,,,7/8/2025,Ica,Lote 35,Agricultores del Sol,Ica,129.08,87018,9102,Generica
2023-2024,7/8/2025,16:22,Formulario Registro Inspeccion Uva,Ica,Juan M.,True,Perú,Ica,ASIA NORTE,,First Inspection,1101038:55:00,VERDEJO,7,,Pass_Pasar,390,16,146,Yes / Si,143.12,16,0,,32,31.5,504,2,11.7,11.2,,,,2,0.76,0.73,,,,2532,,,,,,,,,,,7/8/2025,Ica,Lote 35,Agricultores del Sol,Ica,129.08,87018,9103,Generica
2023-2024,8/8/2025,22:41,Formulario Registro Inspeccion Uva,Piura,Lincoln Fernandez,False,Perú,Piura,EEUU,,First Inspection,1101038:00:00,AIREN,14,,Pass_Pasar,276,11,356,Yes / Si,352.81,0,0,,146,138,1518,5,14.6,15.2,15.5,14.3,14.2,5,0.38,0.27,0.22,0.14,0.17,2532,,,,,,,,,,,7/8/2025,Piura,Lote 39,Sociedad del Sol,Piura,71.53,87022,9116,Generica
2023-2024,8/8/2025,20:50,Formulario Registro Inspeccion Uva,Piura,Lincoln Fernandez,True,Perú,Piura,ASIA NORTE,,First Inspection,1101038:52:00,VERDEJO,14,,Pass_Pasar,390,16,144,Yes / Si,142.37,16,0,,33,32,512,1,13.2,,,,,1,0.29,,,,,2532,,,,,,,,,,,7/8/2025,Piura,Lote 39,Sociedad del Sol,Piura,71.53,87022,9103,Generica
2023-2024,8/8/2025,22:13,Formulario Registro Inspeccion Uva,Piura,Lincoln Fernandez,False,Perú,Piura,EEUU,,First Inspection,1101039:30:00,AIREN,14,,Pass_Pasar,276,11,358,Yes / Si,353.54,0,0,,149,143.5,1578.5,5,13.7,14.3,13.1,14.9,14.8,5,0.37,0.23,0.14,0.22,0.21,2532,,,,,,,,,,,7/8/2025,Piura,Lote 39,Sociedad del Sol,Piura,71.53,87022,9116,Generica
2023-2024,8/8/2025,23:02,Formulario Registro Inspeccion Uva,Piura,Lincoln Fernandez,False,Perú,Piura,ASIA CENTRO,No,First Inspection,1101070:44:00,AIREN,13,,Pass_Pasar,390,16,143,Yes / Si,141.81,16,0,,50,47,752,1,14.3,,,,,1,0.15,,,,,2532,,,,,,,,,,,8/8/2025,Piura,Lote 41,Campos Gloriosos,Piura,61.84,87024,9100,Generica
2023-2024,8/8/2025,20:34,Formulario Registro Inspeccion Uva,Piura,Lincoln Fernandez,False,Perú,Piura,ASIA CENTRO,No,First Inspection,1101065:03:00,AIREN,13,,Pass_Pasar,390,16,144,Yes / Si,142.31,16,0,,49,47.5,760,1,12.5,,,,,1,0.13,,,,,2532,,,,,,,,,,,8/8/2025,Piura,Lote 41,Campos Gloriosos,Piura,61.84,87024,9100,Generica
2023-2024,8/8/2025,20:52,Formulario Registro Inspeccion Uva,Piura,Lincoln Fernandez,True,Perú,Piura,EEUU,,First Inspection,1101065:39:00,AIREN,13,,Pass_Pasar,204,8,362,Yes / Si,361.50,8,0,,168,162.5,1300,1,12.4,,,,,1,0.17,,,,,2532,,,,,,,,,,,8/8/2025,Piura,Lote 41,Campos Gloriosos,Piura,61.84,87024,9108,Generica
2023-2024,8/8/2025,4:45,Formulario Registro Inspeccion Uva,Pisco,Guadalupe,True,Perú,Pisco,EEUU,,First Inspection,1101042:08:00,AIREN,13,,Pass_Pasar,276,11,361,Yes / Si,355.18,0,0,,114,112,1232,5,14.4,15.6,15.6,13.9,15.4,5,0.23,0.21,0.25,0.25,0.14,2532,,,,,,,,,,,7/8/2025,Pisco,Lote 3,Santa Bernardina Uva,Pisco,313.27,86986,9116,Generica
2023-2024,8/8/2025,20:45,Formulario Registro Inspeccion Uva,Pisco,Guadalupe,False,Perú,Pisco,ASIA CENTRO,Yes / Si,First Inspection,1100989:38:00,VERDEJO,10,Tailandia,Pass_Pasar,32,6,145,Yes / Si,143.66,6,0,,61,59.5,357,2,10.9,10.8,,,,2,1.24,1.48,,,,2532,,,,,,,,,,,5/8/2025,Pisco,Lote 4,Santa Bernardina Uva,Pisco,47.28,86987,9099,Generica
2023-2024,8/8/2025,20:40,Formulario Registro Inspeccion Uva,Pisco,Guadalupe,True,Perú,Pisco,ASIA CENTRO,Yes / Si,First Inspection,1100989:11:00,PINOT,10,Tailandia,Pass_Pasar,30,6,144,Yes / Si,142.50,6,0,,67,66.5,399,2,14.9,12.8,,,,2,0.83,1.04,,,,2532,,,,,,,,,,,5/8/2025,Pisco,Lote 4,Santa Bernardina Uva,Pisco,47.28,86987,9099,Generica
2023-2024,8/8/2025,20:26,Formulario Registro Inspeccion Uva,Pisco,Juan M.,True,Perú,Pisco,ASIA CENTRO,Yes / Si,First Inspection,1101039:26:00,AIREN,9,Singapur,Pass_Pasar,390,16,154,Yes / Si,143.37,16,0,,59,58,928,2,15.2,14.1,,,,2,0.49,0.39,,,,2532,,,,,,,,,,,7/8/2025,Pisco,Lote 20,Agricultores Unidos,Pisco,344.98,87003,9099,Generica
2023-2024,8/8/2025,20:22,Formulario Registro Inspeccion Uva,Ica,Juan M.,True,Perú,Ica,ASIA NORTE,,First Inspection,1101038:53:00,MERLOT,9,,Pass_Pasar,390,16,146,Yes / Si,142.87,16,0,,33,32.5,520,2,12.6,12.2,,,,2,0.57,0.33,,,,2532,,,,,,,,,,,7/8/2025,Ica,Lote 38,Tierra Linda,Ica,35.08,87021,9103,Generica
2023-2024,8/8/2025,20:12,Formulario Registro Inspeccion Uva,Ica,Gloria A.,False,Perú,Ica,EEUU,,First Inspection,1101039:10:00,AIREN,12,,Pass_Pasar,276,10,375,Yes / Si,360.50,0,0,,118,115.5,1155,5,13.2,13.6,13.7,13.2,13.7,5,0.33,0.28,0.45,0.52,0.34,2532,,,,,,,,,,,7/8/2025,Ica,Lote 26,Andenes de Andrea,Ica,84.47,87009,9116,Generica
2023-2024,8/8/2025,19:37,Formulario Registro Inspeccion Uva,Ica,Gloria A.,False,Perú,Ica,ASIA NORTE,,First Inspection,1101039:52:00,AIREN,12,,Pass_Pasar,390,16,154,Yes / Si,148.25,16,0,,64,60.5,968,2,13.1,13,,,,2,0.87,1.23,,,,2532,,,,,,,,,,,7/8/2025,Ica,Lote 26,Andenes de Andrea,Ica,84.47,87009,9102,Generica
2023-2024,8/8/2025,4:53,Formulario Registro Inspeccion Uva,Pisco,Guadalupe,True,Perú,Pisco,EEUU,,First Inspection,1101043:24:00,AIREN,12,,Pass_Pasar,276,11,381,Yes / Si,359.18,0,0,,113,112.5,1237.5,5,14.7,15.1,14.9,15.7,14.6,5,0.22,0.23,0.19,0.25,0.22,2532,,,,,,,,,,,7/8/2025,Pisco,Lote 3,Santa Bernardina Uva,Pisco,313.27,86986,9116,Generica
2023-2024,8/8/2025,4:49,Formulario Registro Inspeccion Uva,Pisco,Guadalupe,True,Perú,Pisco,EEUU,,First Inspection,1101042:44:00,AIREN,13,,Pass_Pasar,204,8,350,Yes / Si,346.75,8,0,,143,138.5,1108,2,13.9,13.9,,,,2,0.89,1.16,,,,2532,,,,,,,,,,,7/8/2025,Pisco,Lote 3,Santa Bernardina Uva,Pisco,313.27,86986,9108,Generica
2023-2024,8/8/2025,4:38,Formulario Registro Inspeccion Uva,Pisco,Guadalupe,True,Perú,Pisco,ASIA CENTRO,Yes / Si,First Inspection,1101040:25:00,AIREN,9,Singapur,Pass_Pasar,15,6,0,No,,,,,69,68.5,411,2,14.2,14.2,,,,2,1.17,0.89,,,,2532,,,,,,,,,,,7/8/2025,Pisco,Lote 5,Santa Bernardina Uva,Pisco,72.27,86988,9099,Generica
2023-2024,8/8/2025,4:34,Formulario Registro Inspeccion Uva,Pisco,Guadalupe,True,Perú,Pisco,ASIA CENTRO,Yes / Si,First Inspection,1101027:04:00,TINTORERA,0,Singapur,Pass_Pasar,20,6,0,Yes / Si,0.00,0,0,,41,40,240,2,11.1,13.1,,,,2,1.03,0.73,,,,2532,,,,,,,,,,,7/8/2025,Pisco,Lote 4,Santa Bernardina Uva,Pisco,47.28,86987,9100,Generica
2023-2024,11/8/2025,23:29,Formulario Registro Inspeccion Uva,Piura,Lincoln Fernandez,True,Perú,Piura,EEUU,,First Inspection,1101136:31:00,AIREN,12,,Pass_Pasar,276,11,365.2,Yes / Si,357.45,0,0,,117,113,1243,5,14.8,15.7,14.4,14.6,15.5,5,0.42,0.29,0.37,0.2,0.29,2533,,,,,,,,,,,11/8/2025,Piura,Lote 1,Santa Bernardina Uva,Piura,80.51,86984,9116,Generica
2023-2024,11/8/2025,23:32,Formulario Registro Inspeccion Uva,Piura,Lincoln Fernandez,True,Perú,Piura,EEUU,,First Inspection,1101138:08:00,AIREN,12,,Pass_Pasar,120,5,357.6,Yes / Si,355.52,0,0,,97,108,540,5,14.8,15.7,14.4,14.6,15.5,5,0.42,0.29,0.37,0.2,0.29,2533,,,,,,,,,,,11/8/2025,Piura,Lote 1,Santa Bernardina Uva,Piura,80.51,86984,9116,Generica
2023-2024,12/8/2025,16:48,Formulario Registro Inspeccion Uva,Ica,Juan M.,True,Perú,Ica,ASIA NORTE,,First Inspection,1101130:38:00,AIREN,9,,Pass_Pasar,390,16,150,Yes / Si,143.87,16,0,,63,61.5,984,2,13.3,14.1,,,,2,0.32,0.55,,,,2533,,,,,,,,,,,11/8/2025,Ica,Lote 17,Agricultores Unidos,Ica,54.61,87000,9102,Generica
2023-2024,12/8/2025,16:45,Formulario Registro Inspeccion Uva,Pisco,Juan M.,True,Perú,Pisco,EEUU,,First Inspection,1101131:15:00,VERDEJO,9,,Pass_Pasar,204,10,336,Yes / Si,332.00,10,0,,112,110,1100,2,12.2,12.4,,,,2,0.75,0.55,,,,2533,,,,,,,,,,,11/8/2025,Pisco,Lote 20,Agricultores Unidos,Pisco,344.98,87003,9108,Generica
2023-2024,12/8/2025,16:43,Formulario Registro Inspeccion Uva,Pisco,Juan M.,False,Perú,Pisco,ASIA NORTE,,First Inspection,1101130:06:00,VERDEJO,9,,Pass_Pasar,390,16,155,Yes / Si,145.31,16,0,,38,36.5,584,2,12.1,13,,,,2,0.46,0.53,,,,2533,,,,,,,,,,,11/8/2025,Pisco,Lote 20,Agricultores Unidos,Pisco,344.98,87003,9103,Generica
2023-2024,13/8/2025,0:53,Formulario Registro Inspeccion Uva,Piura,Lincoln Fernandez,False,Perú,Piura,EEUU,,First Inspection,1101133:50:00,AIREN,12,,Pass_Pasar,276,11,355,Yes / Si,352.18,0,0,,140,138.5,1523.5,5,16.2,14.4,14.1,15.3,14.5,5,0.16,0.3,0.28,0.49,0.27,2533,,,,,,,,,,,11/8/2025,Piura,Lote 39,Sociedad del Sol,Piura,71.53,87022,9116,Generica
2023-2024,13/8/2025,0:30,Formulario Registro Inspeccion Uva,Piura,Lincoln Fernandez,False,Perú,Piura,ASIA NORTE,,First Inspection,1101134:40:00,VERDEJO,16,,Pass_Pasar,390,16,145,Yes / Si,142.81,14,2,,31,30,480,2,14.2,14.3,,,,2,0.22,0.22,,,,2533,,,,,,,,,,,11/8/2025,Piura,Lote 39,Sociedad del Sol,Piura,71.53,87022,9103,Generica
2023-2024,13/8/2025,0:32,Formulario Registro Inspeccion Uva,Piura,Lincoln Fernandez,False,Perú,Piura,ASIA NORTE,,First Inspection,1101136:47:00,MERLOT,12,,Pass_Pasar,390,16,144,Yes / Si,142.50,16,0,,30,29,464,2,15.8,15.2,,,,2,0.4,0.37,,,,2533,,,,,,,,,,,11/8/2025,Piura,Lote 39,Sociedad del Sol,Piura,71.53,87022,9103,Generica
2023-2024,13/8/2025,1:34,Formulario Registro Inspeccion Uva,Piura,Lincoln Fernandez,False,Perú,Piura,EEUU,,First Inspection,1101163:02:00,VERDEJO,12,,Pass_Pasar,276,11,354,Yes / Si,352.18,0,0,,90,88,968,5,13.3,12.4,11.8,14,12.7,5,0.28,0.28,0.24,0.23,0.31,2533,,,,,,,,,,,12/8/2025,Piura,Lote 41,Campos Gloriosos,Piura,61.84,87024,9116,Generica
2023-2024,13/8/2025,1:11,Formulario Registro Inspeccion Uva,Piura,Lincoln Fernandez,True,Perú,Piura,EEUU,,First Inspection,1101163:45:00,AIREN,13,,Pass_Pasar,276,11,355,Yes / Si,352.54,0,0,,118,114,1254,5,12.1,12.3,12.5,12.6,14,5,0.16,0.2,0.14,0.12,0.11,2533,,,,,,,,,,,12/8/2025,Piura,Lote 41,Campos Gloriosos,Piura,61.84,87024,9116,Generica
2023-2024,13/8/2025,23:05,Formulario Registro Inspeccion Uva,Ica,Gloria A.,False,Perú,Ica,EEUU,,First Inspection,1101145:00:00,AIREN,12,,Pass_Pasar,276,4,378,Yes / Si,361.25,0,0,,112,112,448,4,14,14.3,14.6,13.1,,4,0.28,0.3,0.24,0.45,,2533,,,,,,,,,,,12/8/2025,Ica,Lote 26,Andenes de Andrea,Ica,84.47,87009,9116,Generica
2023-2024,13/8/2025,22:44,Formulario Registro Inspeccion Uva,Ica,Gloria A.,False,Perú,Ica,EEUU,,First Inspection,1101156:45:00,AIREN,12,,Pass_Pasar,276,10,364,Yes / Si,357.30,0,0,,118,117,1170,4,13.7,12.8,13,14.6,,4,0.29,0.44,0.56,0.42,,2533,,,,,,,,,,,12/8/2025,Ica,Lote 26,Andenes de Andrea,Ica,84.47,87009,9116,Generica
2023-2024,13/8/2025,16:43,Formulario Registro Inspeccion Uva,Ica,Juan M.,True,Perú,Ica,ASIA NORTE,,First Inspection,1101183:48:00,PINOT,7,,Pass_Pasar,390,16,143.5,Yes / Si,141.93,16,0,,63,57,912,2,14.2,15.6,,,,2,0.99,0.93,,,,2533,,,,,,,,,,,13/8/2025,Ica,Lote 34,Agricultores del Sol,Ica,249.17,87017,9102,Generica
2023-2024,13/8/2025,16:41,Formulario Registro Inspeccion Uva,Ica,Juan M.,True,Perú,Ica,ASIA NORTE,,First Inspection,1101183:19:00,VERDEJO,7,,Pass_Pasar,390,16,142.5,Yes / Si,141.68,16,0,,50,47.5,760,2,11.9,10.5,,,,2,0.78,1.11,,,,2533,,,,,,,,,,,13/8/2025,Ica,Lote 35,Agricultores del Sol,Ica,129.08,87018,9102,Generica
2023-2024,13/8/2025,14:55,Formulario Registro Inspeccion Uva,Ica,Juan M.,False,Perú,Ica,ASIA NORTE,,First Inspection,1101155:45:00,AIREN,12,,Pass_Pasar,390,16,155,Yes / Si,149.62,16,0,,59,56.5,904,2,14,13.1,,,,2,0.36,0.72,,,,2533,,,,,,,,,,,12/8/2025,Ica,Lote 26,Andenes de Andrea,Ica,84.47,87009,9102,Generica
2023-2024,13/8/2025,14:54,Formulario Registro Inspeccion Uva,Ica,Juan M.,True,Perú,Ica,ASIA NORTE,,First Inspection,1101153:34:00,AIREN,8,,Pass_Pasar,390,16,150,Yes / Si,143.37,16,0,,58,56.5,904,2,12.5,13.2,,,,2,0.55,0.58,,,,2533,,,,,,,,,,,12/8/2025,Ica,Lote 37,Tierra Linda,Ica,31.63,87020,9102,Generica
2023-2024,13/8/2025,14:51,Formulario Registro Inspeccion Uva,Ica,Juan M.,True,Perú,Ica,EEUU,,First Inspection,1101154:04:00,AIREN,8,,Pass_Pasar,204,10,340,Yes / Si,333.80,10,0,,142,138.5,1385,2,12.1,13.1,,,,2,0.42,0.6,,,,2533,,,,,,,,,,,12/8/2025,Ica,Lote 38,Tierra Linda,Ica,35.08,87021,9108,Generica
2023-2024,14/8/2025,7:25,Formulario Registro Inspeccion Uva,Piura,Lincoln Fernandez,False,Perú,Piura,ASIA NORTE,,First Inspection,1101158:22:00,MERLOT,14,,Pass_Pasar,134,5,149,Yes / Si,143.80,5,0,,31,31,155,1,15,,,,,1,0.37,,,,,2533,,,,,,,,,,,12/8/2025,Piura,Lote 8,Sol del Sur,Piura,68.65,86991,9103,Generica
2023-2024,14/8/2025,7:30,Formulario Registro Inspeccion Uva,Piura,Lincoln Fernandez,True,Perú,Piura,ASIA NORTE,,First Inspection,1101158:47:00,MERLOT,14,,Pass_Pasar,321,12,150,Yes / Si,143.58,12,0,,52,51,612,1,14.6,,,,,1,0.51,,,,,2533,,,,,,,,,,,12/8/2025,Piura,Lote 8,Sol del Sur,Piura,68.65,86991,9102,Generica
2023-2024,14/8/2025,8:11,Formulario Registro Inspeccion Uva,Piura,Lincoln Fernandez,False,Perú,Piura,EEUU,,First Inspection,1101185:16:00,AIREN,12,,Pass_Pasar,276,11,362,Yes / Si,358.20,0,0,,141,135.5,1490.5,5,14,14.7,14.5,13.5,12.6,5,0.19,0.28,0.37,0.26,0.32,2533,,,,,,,,,,,13/8/2025,Piura,Lote 1,Santa Bernardina Uva,Piura,80.51,86984,9116,Generica
2023-2024,14/8/2025,9:35,Formulario Registro Inspeccion Uva,Piura,Lincoln Fernandez,False,Perú,Piura,EEUU,,First Inspection,1101177:20:00,AIREN,12,,Pass_Pasar,204,8,348.3,Yes / Si,345.30,8,0,,174,159,1272,1,13.6,,,,,1,0.26,,,,,2533,,,,,,,,,,,13/8/2025,Piura,Lote 1,Santa Bernardina Uva,Piura,80.51,86984,9108,Generica
2023-2024,14/8/2025,8:00,Formulario Registro Inspeccion Uva,Piura,Lincoln Fernandez,False,Perú,Piura,EEUU,,First Inspection,1101187:17:00,AIREN,12,,Pass_Pasar,276,11,363.3,Yes / Si,359.25,0,0,,134,127.5,1402.5,5,14,14.7,14.5,13.5,12.6,5,0.19,0.28,0.37,0.26,0.32,2533,,,,,,,,,,,13/8/2025,Piura,Lote 1,Santa Bernardina Uva,Piura,80.51,86984,9116,Generica
2023-2024,14/8/2025,20:31,Formulario Registro Inspeccion Uva,Piura,Lincoln Fernandez,False,Perú,Piura,EEUU,,First Inspection,1101181:52:00,AIREN,12,,Pass_Pasar,276,11,355,Yes / Si,352.90,0,0,,149,145,1595,5,14.8,14.9,14.8,12.5,13.9,5,0.25,0.16,0.16,0.25,0.22,2533,,,,,,,,,,,13/8/2025,Piura,Lote 39,Sociedad del Sol,Piura,71.53,87022,9116,Generica
2023-2024,14/8/2025,20:28,Formulario Registro Inspeccion Uva,Piura,Lincoln Fernandez,False,Perú,Piura,EEUU,,First Inspection,1101182:54:00,AIREN,12,,Pass_Pasar,66,3,362,Yes / Si,360.66,3,0,,239,233.5,700.5,1,13.2,,,,,1,0.39,,,,,2533,,,,,,,,,,,13/8/2025,Piura,Lote 39,Sociedad del Sol,Piura,71.53,87022,9108,Generica
2023-2024,14/8/2025,20:42,Formulario Registro Inspeccion Uva,Piura,Lincoln Fernandez,False,Perú,Piura,EEUU,,First Inspection,1101207:32:00,AIREN,13,,Pass_Pasar,276,11,355,Yes / Si,352.63,0,0,,110,106.5,1171.5,5,12.7,12.5,13.5,13.6,14.4,5,0.2,0.18,0.25,0.18,0.15,2533,,,,,,,,,,,14/8/2025,Piura,Lote 41,Campos Gloriosos,Piura,61.84,87024,9116,Generica
2023-2024,14/8/2025,20:37,Formulario Registro Inspeccion Uva,Piura,Lincoln Fernandez,True,Perú,Piura,EEUU,,First Inspection,1101208:53:00,AIREN,13,,Pass_Pasar,276,11,355,Yes / Si,353.27,0,0,,124,121,1331,5,12.7,12.5,13.5,13.6,14.4,5,0.2,0.18,0.25,0.18,0.15,2533,,,,,,,,,,,14/8/2025,Piura,Lote 41,Campos Gloriosos,Piura,61.84,87024,9116,Generica
2023-2024,14/8/2025,1:06,Formulario Registro Inspeccion Uva,Pisco,Guadalupe,False,Perú,Pisco,EEUU,,First Inspection,1101183:23:00,AIREN,12,,Pass_Pasar,276,11,360,Yes / Si,353.36,0,2,,114,112.5,1237.5,5,13.4,14.1,13.7,14.6,13.8,5,0.28,0.29,0.28,0.12,0.33,2533,,,,,,,,,,,13/8/2025,Pisco,Lote 3,Santa Bernardina Uva,Pisco,313.27,86986,9116,Generica
2023-2024,14/8/2025,1:13,Formulario Registro Inspeccion Uva,Pisco,Guadalupe,False,Perú,Pisco,EEUU,,First Inspection,1101184:05:00,MERLOT,14,,Pass_Pasar,276,11,360,Yes / Si,352.90,0,3,,95,92,1012,5,15.2,13.6,14.3,14.2,14.8,5,0.29,0.37,0.32,0.42,0.39,2533,,,,,,,,,,,13/8/2025,Pisco,Lote 3,Santa Bernardina Uva,Pisco,313.27,86986,9116,Generica
2023-2024,14/8/2025,22:34,Formulario Registro Inspeccion Uva,Ica,Gloria A.,False,Perú,Ica,EEUU,,First Inspection,1101202:54:00,AIREN,12,,Pass_Pasar,276,10,360,No,,,,,113,111.5,1115,5,13.7,13.6,13.8,14.1,13.9,5,0.53,0.37,0.34,0.28,0.46,2533,,,,,,,,,,,14/8/2025,Ica,Lote 26,Andenes de Andrea,Ica,84.47,87009,9116,Generica
2023-2024,14/8/2025,22:25,Formulario Registro Inspeccion Uva,Ica,Gloria A.,False,Perú,Ica,ASIA NORTE,,First Inspection,1101155:38:00,AIREN,12,,Pass_Pasar,390,16,167,Yes / Si,152.18,16,0,,58,57.5,920,2,13.1,12.6,,,,2,0.55,0.7,,,,2533,,,,,,,,,,,12/8/2025,Ica,Lote 26,Andenes de Andrea,Ica,84.47,87009,9102,Generica
2023-2024,14/8/2025,22:19,Formulario Registro Inspeccion Uva,Ica,Gloria A.,False,Perú,Ica,EEUU,,First Inspection,1101166:12:00,AIREN,12,,Pass_Pasar,276,10,362,Yes / Si,357.40,0,0,,124,122,1220,5,14.8,12.7,13.6,13.6,13.7,5,0.41,0.64,0.43,0.34,0.25,2533,,,,,,,,,,,12/8/2025,Ica,Lote 26,Andenes de Andrea,Ica,84.47,87009,9116,Generica
2023-2024,14/8/2025,18:43,Formulario Registro Inspeccion Uva,Ica,Juan M.,True,Perú,Ica,EEUU,,First Inspection,1101203:59:00,AIREN,12,,Pass_Pasar,274,10,360.5,Yes / Si,358.65,0,0,,111,110,1100,5,13.9,15.3,15.2,15.4,16.3,5,0.77,0.56,0.57,0.91,0.78,2533,,,,,,,,,,,14/8/2025,Ica,Lote 34,Agricultores del Sol,Ica,249.17,87017,9116,Generica
2023-2024,14/8/2025,18:36,Formulario Registro Inspeccion Uva,Ica,Juan M.,True,Perú,Ica,ASIA NORTE,,First Inspection,1101203:25:00,AIREN,7,,Pass_Pasar,390,16,143,Yes / Si,141.43,16,0,,68,67,1072,2,15.3,16.8,,,,2,0.71,0.81,,,,2533,,,,,,,,,,,14/8/2025,Ica,Lote 35,Agricultores del Sol,Ica,129.08,87018,9102,Generica
2023-2024,14/8/2025,18:34,Formulario Registro Inspeccion Uva,Ica,Juan M.,True,Perú,Ica,ASIA NORTE,,First Inspection,1101186:32:00,AIREN,9,,Pass_Pasar,390,16,145,Yes / Si,142.50,16,0,,61,56.5,904,2,12.7,13.1,,,,2,0.75,0.5,,,,2533,,,,,,,,,,,13/8/2025,Ica,Lote 37,Tierra Linda,Ica,31.63,87020,9102,Generica
2023-2024,14/8/2025,1:15,Formulario Registro Inspeccion Uva,Pisco,Guadalupe,True,Perú,Pisco,EEUU,,First Inspection,1101184:44:00,MERLOT,14,,Pass_Pasar,110,4,578,Yes / Si,575.75,4,0,,230,210,840,2,12.5,11.5,,,,2,0.85,0.7,,,,2533,,,,,,,,,,,13/8/2025,Pisco,Lote 3,Santa Bernardina Uva,Pisco,313.27,86986,9111,Generica
2023-2024,14/8/2025,1:00,Formulario Registro Inspeccion Uva,Pisco,Guadalupe,True,Perú,Pisco,EEUU,,First Inspection,1101179:54:00,AIREN,13,,Pass_Pasar,20,6,,No,,,,,95,101.5,609,6,15.3,15.5,15,13.9,13.6,6,0.47,0.4,0.21,0.5,0.27,2533,12.2,,0.7,,,,,,,,13/8/2025,Pisco,Lote 4,Santa Bernardina Uva,Pisco,47.28,86987,9116,Generica
2023-2024,14/8/2025,0:55,Formulario Registro Inspeccion Uva,Pisco,Guadalupe,True,Perú,Pisco,EEUU,,First Inspection,1101178:53:00,AIREN,13,,Pass_Pasar,20,8,,No,,,,,92,90.5,724,8,14.9,13.5,14.8,15.4,15.9,8,0.55,0.97,0.5,0.62,0.63,2533,15.4,15.8,0.94,0.5,16,,,0.72,,,13/8/2025,Pisco,Lote 5,Santa Bernardina Uva,Pisco,72.27,86988,9116,Generica
2023-2024,15/8/2025,23:25,Formulario Registro Inspeccion Uva,Piura,Lincoln Fernandez,False,Perú,Piura,EEUU,,First Inspection,1101205:49:00,AIREN,12,,Pass_Pasar,204,8,365,Yes / Si,361.50,8,0,,239,238.5,1908,1,13.9,,,,,1,0.23,,,,,2533,,,,,,,,,,,14/8/2025,Piura,Lote 39,Sociedad del Sol,Piura,71.53,87022,9108,Generica
2023-2024,15/8/2025,23:54,Formulario Registro Inspeccion Uva,Piura,Lincoln Fernandez,False,Perú,Piura,EEUU,,First Inspection,1101206:39:00,AIREN,12,,Pass_Pasar,276,11,355,Yes / Si,353.00,0,0,,154,147.5,1622.5,5,14.1,13.5,14.3,15.2,15.2,5,0.18,0.27,0.22,0.3,0.19,2533,,,,,,,,,,,14/8/2025,Piura,Lote 39,Sociedad del Sol,Piura,71.53,87022,9116,Generica
2023-2024,15/8/2025,18:06,Formulario Registro Inspeccion Uva,Ica,Gloria A.,True,Perú,Ica,EEUU,,First Inspection,1101203:47:00,PINOT,7,,Pass_Pasar,110,4,591,Yes / Si,584.50,0,0,,187,187,748,2,14.6,13.8,,,,2,1.09,0.92,,,,2533,,,,,,,,,,,14/8/2025,Ica,Lote 7,Uvas del Sabor,Ica,110.1,86990,9113,Organica
2023-2024,15/8/2025,18:01,Formulario Registro Inspeccion Uva,Ica,Gloria A.,True,Perú,Ica,EEUU,,First Inspection,1101204:09:00,AIREN,7,,Pass_Pasar,204,5,345,Yes / Si,340.00,0,0,,153,153,765,2,13.7,15.1,,,,2,0.8,1.04,,,,2533,,,,,,,,,,,14/8/2025,Ica,Lote 7,Uvas del Sabor,Ica,110.1,86990,9113,Organica
2023-2024,15/8/2025,16:51,Formulario Registro Inspeccion Uva,Pisco,Juan M.,True,Perú,Pisco,EEUU,,First Inspection,1101203:43:00,AIREN,12,,Pass_Pasar,110,4,585,Yes / Si,582.75,4,0,,271,268,1072,2,13.5,13.3,,,,2,0.32,0.32,,,,2533,,,,,,,,,,,14/8/2025,Pisco,Lote 20,Agricultores Unidos,Pisco,344.98,87003,9111,Generica
2023-2024,15/8/2025,16:47,Formulario Registro Inspeccion Uva,Pisco,Juan M.,False,Perú,Pisco,EEUU,,First Inspection,1101203:16:00,AIREN,12,,Pass_Pasar,274,10,361,Yes / Si,355.30,0,0,,134,134,1340,5,15.8,14.4,15.4,14.4,13.8,5,0.21,0.26,0.22,0.23,0.23,2533,,,,,,,,,,,14/8/2025,Pisco,Lote 20,Agricultores Unidos,Pisco,344.98,87003,9116,Generica
2023-2024,15/8/2025,16:42,Formulario Registro Inspeccion Uva,Pisco,Juan M.,True,Perú,Pisco,EEUU,,First Inspection,1101202:44:00,AIREN,12,,Pass_Pasar,274,10,382,Yes / Si,357.40,0,0,,146,141,1410,5,15.1,13.8,13.5,14.1,15.8,5,0.28,0.18,0.32,0.16,0.18,2533,,,,,,,,,,,14/8/2025,Pisco,Lote 20,Agricultores Unidos,Pisco,344.98,87003,9116,Generica
2023-2024,15/8/2025,16:38,Formulario Registro Inspeccion Uva,Ica,Juan M.,True,Perú,Ica,EUROPA,No,First Inspection,1101202:14:00,PINOT,7,,Pass_Pasar,204,10,335,Yes / Si,330.30,0,0,,113,111.5,1115,2,13.8,14.1,,,,2,0.91,0.89,,,,2533,,,,,,,,,,,14/8/2025,Ica,Lote 13,Agricultores Unidos,Ica,50.93,86996,9098,Generica
2023-2024,15/8/2025,0:36,Formulario Registro Inspeccion Uva,Pisco,Guadalupe,True,Perú,Pisco,EEUU,,First Inspection,1101209:58:00,AIREN,12,,Pass_Pasar,110,4,579,Yes / Si,576.75,4,0,,281,281,1124,2,13.8,11.5,,,,2,0.63,0.69,,,,2533,,,,,,,,,,,14/8/2025,Pisco,Lote 3,Santa Bernardina Uva,Pisco,313.27,86986,9111,Generica
2023-2024,15/8/2025,0:29,Formulario Registro Inspeccion Uva,Pisco,Guadalupe,False,Perú,Pisco,EEUU,,First Inspection,1101209:03:00,AIREN,12,,Pass_Pasar,276,11,358,Yes / Si,353.63,0,2,,135,134.5,1479.5,5,14.8,13.3,14.5,13.6,14,5,0.23,0.2,0.26,0.33,0.26,2533,,,,,,,,,,,14/8/2025,Pisco,Lote 3,Santa Bernardina Uva,Pisco,313.27,86986,9116,Generica
2023-2024,15/8/2025,0:19,Formulario Registro Inspeccion Uva,Pisco,Guadalupe,True,Perú,Pisco,ASIA NORTE,,First Inspection,1101206:58:00,AIREN,7,,Pass_Pasar,270,12,143,Yes / Si,142.37,12,0,,65,64.5,774,2,13.8,13.5,,,,2,0.48,0.32,,,,2533,,,,,,,,,,,14/8/2025,Pisco,Lote 10,Eden del Norte,Pisco,76.26,86993,9102,Generica
2023-2024,15/8/2025,0:15,Formulario Registro Inspeccion Uva,Pisco,Guadalupe,True,Perú,Pisco,ASIA NORTE,,First Inspection,1101206:30:00,AIREN,7,,Pass_Pasar,270,10,143.5,Yes / Si,142.30,10,0,,58,57.5,575,2,14.3,13.8,,,,2,0.46,0.5,,,,2533,,,,,,,,,,,14/8/2025,Pisco,Lote 10,Eden del Norte,Pisco,76.26,86993,9102,Generica
2023-2024,15/8/2025,0:43,Formulario Registro Inspeccion Uva,Pisco,Guadalupe,False,Perú,Pisco,EEUU,,First Inspection,1101211:19:00,MERLOT,12,,Pass_Pasar,276,11,363,Yes / Si,353.90,0,2,,96,96,1056,6,15,15.8,17.1,15.5,15.1,6,0.42,0.45,0.29,0.63,0.52,2533,15.4,,0.35,,,,,,,,14/8/2025,Pisco,Lote 3,Santa Bernardina Uva,Pisco,313.27,86986,9116,Generica
2023-2024,16/8/2025,0:23,Formulario Registro Inspeccion Uva,Piura,Lincoln Fernandez,False,Perú,Piura,ASIA NORTE,,First Inspection,1101215:56:00,MERLOT,14,,Pass_Pasar,150,6,149.4,Yes / Si,145.08,5,1,,37,36,216,2,13.2,13.3,,,,2,0.55,0.51,,,,2533,,,,,,,,,,,14/8/2025,Piura,Lote 2,Santa Bernardina Uva,Piura,66.97,86985,9103,Generica
2023-2024,16/8/2025,0:09,Formulario Registro Inspeccion Uva,Piura,Lincoln Fernandez,False,Perú,Piura,ASIA NORTE,,First Inspection,1101233:10:00,MERLOT,11,,Pass_Pasar,390,16,154.9,Yes / Si,146.84,16,0,,31,30,480,1,14.8,,,,,1,0.42,,,,,2533,,,,,,,,,,,15/8/2025,Piura,Lote 1,Santa Bernardina Uva,Piura,80.51,86984,9103,Generica
2023-2024,16/8/2025,0:12,Formulario Registro Inspeccion Uva,Piura,Lincoln Fernandez,True,Perú,Piura,ASIA NORTE,,First Inspection,1101233:58:00,MERLOT,11,,Pass_Pasar,390,16,156,Yes / Si,146.10,16,0,,47,45.5,728,1,15.5,,,,,1,0.44,,,,,2533,,,,,,,,,,,15/8/2025,Piura,Lote 1,Santa Bernardina Uva,Piura,80.51,86984,9102,Generica
2023-2024,16/8/2025,2:01,Formulario Registro Inspeccion Uva,Pisco,Guadalupe,True,Perú,Pisco,EEUU,,First Inspection,1101233:58:00,AIREN,13,,Pass_Pasar,58,5,,No,,,,,98,103.5,517.5,5,14.3,15.6,16.2,14.6,16.4,5,0.48,0.3,0.25,0.29,0.45,2533,,,,,,,,,,,15/8/2025,Pisco,Lote 5,Santa Bernardina Uva,Pisco,72.27,86988,9116,Generica
2023-2024,16/8/2025,1:55,Formulario Registro Inspeccion Uva,Pisco,Guadalupe,True,Perú,Pisco,EEUU,,First Inspection,1101209:18:00,AIREN,13,,Pass_Pasar,84,3,352,Yes / Si,348.33,0,0,,98,94.5,283.5,5,14.6,14.5,14.6,14.8,14.8,5,0.31,0.25,0.37,0.66,0.42,2533,,,,,,,,,,,14/8/2025,Pisco,Lote 5,Santa Bernardina Uva,Pisco,72.27,86988,9116,Generica
2023-2024,18/8/2025,14:20,Formulario Registro Inspeccion Uva,Pisco,Guadalupe,True,Perú,Pisco,EEUU,,First Inspection,1101301:25:00,AIREN,16,,Pass_Pasar,20,10,,No,,,,,96,103,1030,6,14.1,15.9,15.9,13,16.2,6,0.54,0.59,0.46,0.86,0.61,2534,15.9,,0.28,,,,,,,,18/8/2025,Pisco,Lote 4,Santa Bernardina Uva,Pisco,47.28,86987,9116,Generica
2023-2024,18/8/2025,12:22,Formulario Registro Inspeccion Uva,Pisco,Guadalupe,True,Perú,Pisco,EEUU,,First Inspection,1101299:55:00,AIREN,16,,Pass_Pasar,20,4,,No,,,,,121,115.5,462,2,14.1,14.5,,,,2,0.74,0.95,,,,2534,,,,,,,,,,,18/8/2025,Pisco,Lote 4,Santa Bernardina Uva,Pisco,47.28,86987,9108,Generica
2023-2024,18/8/2025,11:54,Formulario Registro Inspeccion Uva,Pisco,Guadalupe,True,Perú,Pisco,EEUU,,First Inspection,1101299:00:00,AIREN,16,,Pass_Pasar,39,8,,No,,,,,96,93.5,748,5,16.6,13.6,15,14.1,15.2,5,0.38,0.42,0.55,0.51,0.44,2534,,,,,,,,,,,18/8/2025,Pisco,Lote 4,Santa Bernardina Uva,Pisco,47.28,86987,9116,Generica
2023-2024,19/8/2025,19:42,Formulario Registro Inspeccion Uva,Ica,Juan M.,True,Perú,Ica,EEUU,,First Inspection,1101321:36:00,AIREN,9,,Pass_Pasar,110,4,581,Yes / Si,578.75,4,0,,257,251,1004,2,13.6,12.9,,,,2,0.66,0.43,,,,2534,,,,,,,,,,,19/8/2025,Ica,Lote 38,Tierra Linda,Ica,35.08,87021,9111,Generica
2023-2024,19/8/2025,23:44,Formulario Registro Inspeccion Uva,Pisco,Guadalupe,True,Perú,Pisco,EEUU,,First Inspection,1101325:53:00,AIREN,14,,Pass_Pasar,20,10,,No,,,,,105,102.5,1025,10,15.4,15.7,16.8,15.5,17.4,9,0.34,0.54,0.62,0.66,0.44,2534,16.4,16.9,0.36,0.53,15.8,,16,0.63,,,19/8/2025,Pisco,Lote 4,Santa Bernardina Uva,Pisco,47.28,86987,9116,Generica
2023-2024,19/8/2025,23:37,Formulario Registro Inspeccion Uva,Pisco,Guadalupe,True,Perú,Pisco,EEUU,,First Inspection,1101327:38:00,AIREN,14,,Pass_Pasar,12,4,,No,,,,,145,143,572,2,15.2,14.6,,,,2,0.37,0.67,,,,2534,,,,,,,,,,,19/8/2025,Pisco,Lote 4,Santa Bernardina Uva,Pisco,47.28,86987,9108,Generica
2023-2024,19/8/2025,22:43,Formulario Registro Inspeccion Uva,Piura,Lincoln Fernandez,False,Perú,Piura,EEUU,,First Inspection,1101329:06:00,MERLOT,11,,Pass_Pasar,50,4,358.9,Yes / Si,356.22,0,0,,86,86,344,5,16.4,15.5,16,15.5,15.8,5,0.39,0.43,0.56,0.43,0.47,2534,,,,,,,,,,,19/8/2025,Piura,Lote 1,Santa Bernardina Uva,Piura,80.51,86984,9116,Generica
2023-2024,19/8/2025,22:13,Formulario Registro Inspeccion Uva,Piura,Lincoln Fernandez,False,Perú,Piura,ASIA NORTE,,First Inspection,1101304:31:00,MERLOT,11,,Pass_Pasar,106,4,338.7,Yes / Si,336.55,0,0,,55,54.5,218,2,16,13,,,,2,0.55,0.55,,,,2534,,,,,,,,,,,18/8/2025,Piura,Lote 1,Santa Bernardina Uva,Piura,80.51,86984,9105,Generica
2023-2024,19/8/2025,22:03,Formulario Registro Inspeccion Uva,Piura,Lincoln Fernandez,False,Perú,Piura,EEUU,,First Inspection,1101302:41:00,AIREN,12,,Pass_Pasar,276,11,355,Yes / Si,352.72,0,0,,148,145.5,1600.5,5,14.7,15.2,14.8,14.6,14.7,5,0.33,0.29,0.45,0.32,0.27,2534,,,,,,,,,,,18/8/2025,Piura,Lote 39,Sociedad del Sol,Piura,71.53,87022,9116,Generica
2023-2024,19/8/2025,21:55,Formulario Registro Inspeccion Uva,Piura,Lincoln Fernandez,False,Perú,Piura,EEUU,,First Inspection,1101301:43:00,AIREN,12,,Pass_Pasar,276,11,362,Yes / Si,354.81,0,0,,142,140.5,1545.5,5,14.7,15.2,14.8,14.6,14.7,5,0.33,0.29,0.45,0.32,0.27,2534,,,,,,,,,,,18/8/2025,Piura,Lote 39,Sociedad del Sol,Piura,71.53,87022,9116,Generica
2023-2024,19/8/2025,19:53,Formulario Registro Inspeccion Uva,Ica,Juan M.,True,Perú,Ica,ASIA CENTRO,Yes / Si,First Inspection,1101303:47:00,VERDEJO,9,HongKong,Pass_Pasar,390,16,160,Yes / Si,145.18,16,0,,47,45,720,2,13.6,12,,,,2,0.33,0.55,,,,2534,,,,,,,,,,,18/8/2025,Ica,Lote 15,Agricultores Unidos,Ica,62.09,86998,9100,Generica
2023-2024,19/8/2025,19:51,Formulario Registro Inspeccion Uva,Ica,Juan M.,False,Perú,Ica,ASIA CENTRO,Yes / Si,First Inspection,1101303:15:00,VERDEJO,9,HongKong,Pass_Pasar,390,16,147,Yes / Si,142.68,16,0,,59,56.5,904,2,12.8,11.8,,,,2,0.66,0.64,,,,2534,,,,,,,,,,,18/8/2025,Ica,Lote 15,Agricultores Unidos,Ica,62.09,86998,9099,Generica
2023-2024,19/8/2025,19:49,Formulario Registro Inspeccion Uva,Pisco,Juan M.,True,Perú,Pisco,EUROPA,No,First Inspection,1101302:30:00,VERDEJO,9,,Pass_Pasar,280,5,3495,Yes / Si,3493.00,0,0,,100,100,500,2,12.7,10.3,,,,2,0.61,0.69,,,,2534,,,,,,,,,,,18/8/2025,Pisco,Lote 20,Agricultores Unidos,Pisco,344.98,87003,9091,Generica
2023-2024,19/8/2025,19:45,Formulario Registro Inspeccion Uva,Pisco,Juan M.,True,Perú,Pisco,ASIA NORTE,,First Inspection,1101302:01:00,AIREN,10,,Pass_Pasar,390,16,146,Yes / Si,143.37,16,0,,59,56.5,904,2,15.2,13,,,,2,0.27,0.38,,,,2534,,,,,,,,,,,18/8/2025,Pisco,Lote 20,Agricultores Unidos,Pisco,344.98,87003,9102,Generica
2023-2024,20/8/2025,21:19,Formulario Registro Inspeccion Uva,Piura,Lincoln Fernandez,True,Perú,Piura,ASIA NORTE,,First Inspection,1101351:17:00,MERLOT,14,,Pass_Pasar,150,6,148,Yes / Si,144.33,6,0,,33,33,198,2,13.6,13.9,,,,2,0.54,0.49,,,,2534,,,,,,,,,,,20/8/2025,Piura,Lote 8,Sol del Sur,Piura,68.65,86991,9103,Generica
2023-2024,20/8/2025,21:12,Formulario Registro Inspeccion Uva,Piura,Lincoln Fernandez,True,Perú,Piura,ASIA NORTE,,First Inspection,1101351:01:00,MERLOT,14,,Pass_Pasar,190,8,150,Yes / Si,145.62,8,0,,60,59.5,476,2,14.1,13.9,,,,2,0.65,0.7,,,,2534,,,,,,,,,,,20/8/2025,Piura,Lote 8,Sol del Sur,Piura,68.65,86991,9102,Generica
2023-2024,20/8/2025,19:22,Formulario Registro Inspeccion Uva,Ica,Juan M.,True,Perú,Ica,ASIA NORTE,,First Inspection,1101351:26:00,VERDEJO,7,,Pass_Pasar,390,16,143,Yes / Si,141.96,16,0,,62,59.5,952,2,11.4,11.9,,,,2,0.96,0.76,,,,2534,,,,,,,,,,,20/8/2025,Ica,Lote 35,Agricultores del Sol,Ica,129.08,87018,9102,Generica
2023-2024,20/8/2025,14:45,Formulario Registro Inspeccion Uva,Ica,Juan M.,True,Perú,Ica,ASIA NORTE,,First Inspection,1101323:35:00,MERLOT,14,,Pass_Pasar,390,12,154,Yes / Si,146.25,12,0,,36,35,420,2,16.4,16.2,,,,2,0.49,0.55,,,,2534,,,,,,,,,,,19/8/2025,Ica,Lote 24,Andenes de Andrea,Ica,151.43,87007,9103,Generica
2023-2024,20/8/2025,14:26,Formulario Registro Inspeccion Uva,Ica,Juan M.,True,Perú,Ica,ASIA NORTE,,First Inspection,1101322:56:00,MERLOT,14,,Pass_Pasar,390,16,152,Yes / Si,147.43,16,0,,37,37,592,2,16.5,14,,,,2,0.5,0.59,,,,2534,,,,,,,,,,,19/8/2025,Ica,Lote 24,Andenes de Andrea,Ica,151.43,87007,9103,Generica
2023-2024,20/8/2025,14:18,Formulario Registro Inspeccion Uva,Ica,Juan M.,True,Perú,Ica,ASIA NORTE,,First Inspection,1101322:19:00,MERLOT,14,,Pass_Pasar,390,16,161,Yes / Si,148.37,16,0,,53,52,832,2,16.1,14.9,,,,2,0.5,0.62,,,,2534,,,,,,,,,,,19/8/2025,Ica,Lote 24,Andenes de Andrea,Ica,151.43,87007,9102,Generica
2023-2024,21/8/2025,23:11,Formulario Registro Inspeccion Uva,Piura,Lincoln Fernandez,False,Perú,Piura,EEUU,,First Inspection,1101376:51:00,AIREN,13,,Pass_Pasar,200,8,354,Yes / Si,352.87,0,0,,110,108.5,868,5,14.2,14.6,13,14,13.6,5,0.32,0.27,0.33,0.41,0.33,2534,,,,,,,,,,,21/8/2025,Piura,Lote 41,Campos Gloriosos,Piura,61.84,87024,9116,Generica
2023-2024,21/8/2025,22:42,Formulario Registro Inspeccion Uva,Piura,Lincoln Fernandez,False,Perú,Piura,ASIA NORTE,,First Inspection,1101376:01:00,MERLOT,10,,Pass_Pasar,390,16,144,Yes / Si,142.56,16,0,,42,40,640,1,15.2,,,,,1,0.22,,,,,2534,,,,,,,,,,,21/8/2025,Piura,Lote 41,Campos Gloriosos,Piura,61.84,87024,9102,Generica
2023-2024,21/8/2025,22:33,Formulario Registro Inspeccion Uva,Piura,Lincoln Fernandez,False,Perú,Piura,EEUU,,First Inspection,1101351:07:00,AIREN,12,,Pass_Pasar,276,11,355,Yes / Si,353.09,0,0,,153,137,1507,5,13.7,14.5,15.3,15.4,15.4,5,0.26,0.21,0.48,0.33,0.34,2534,,,,,,,,,,,20/8/2025,Piura,Lote 39,Sociedad del Sol,Piura,71.53,87022,9116,Generica
2023-2024,21/8/2025,22:09,Formulario Registro Inspeccion Uva,Piura,Lincoln Fernandez,False,Perú,Piura,ASIA NORTE,,First Inspection,1101350:23:00,VERDEJO,13,,Pass_Pasar,390,16,145,Yes / Si,142.81,16,0,,33,32.5,520,1,13.8,,,,,1,0.41,,,,,2534,,,,,,,,,,,20/8/2025,Piura,Lote 39,Sociedad del Sol,Piura,71.53,87022,9103,Generica
2023-2024,21/8/2025,22:04,Formulario Registro Inspeccion Uva,Piura,Lincoln Fernandez,False,Perú,Piura,ASIA NORTE,,First Inspection,1101349:34:00,VERDEJO,13,,Pass_Pasar,390,16,144,Yes / Si,142.81,16,0,,32,31,496,1,16,,,,,1,0.41,,,,,2534,,,,,,,,,,,20/8/2025,Piura,Lote 39,Sociedad del Sol,Piura,71.53,87022,9103,Generica
2023-2024,21/8/2025,19:57,Formulario Registro Inspeccion Uva,Pisco,Guadalupe,False,Perú,Pisco,ASIA NORTE,,First Inspection,1101374:46:00,AIREN,8,,Pass_Pasar,30,9,142.5,Yes / Si,142.11,9,0,,75,67.5,607.5,2,13.9,14.1,,,,2,0.52,0.58,,,,2534,,,,,,,,,,,21/8/2025,Pisco,Lote 10,Eden del Norte,Pisco,76.26,86993,9102,Generica
2023-2024,21/8/2025,18:11,Formulario Registro Inspeccion Uva,Ica,Juan M.,True,Perú,Ica,EEUU,,First Inspection,1101372:55:00,AIREN,12,,Pass_Pasar,274,10,360,Yes / Si,357.15,0,0,,142,138.5,1385,5,15.1,17,15.6,14.7,16.5,5,0.51,0.53,0.64,0.46,0.67,2534,,,,,,,,,,,21/8/2025,Ica,Lote 35,Agricultores del Sol,Ica,129.08,87018,9116,Generica
2023-2024,21/8/2025,17:46,Formulario Registro Inspeccion Uva,Ica,Juan M.,True,Perú,Ica,EEUU,,First Inspection,1101372:22:00,AIREN,12,,Pass_Pasar,274,10,360,Yes / Si,358.85,0,0,,139,137.5,1375,5,16.1,16.2,12.7,14.9,14.6,5,0.49,0.36,0.48,0.75,0.41,2534,,,,,,,,,,,21/8/2025,Ica,Lote 34,Agricultores del Sol,Ica,249.17,87017,9116,Generica
2023-2024,21/8/2025,1:31,Formulario Registro Inspeccion Uva,Pisco,Guadalupe,True,Perú,Pisco,EEUU,,First Inspection,1101352:16:00,AIREN,13,,Pass_Pasar,102,4,345,Yes / Si,343.25,4,0,,129,125,500,2,15.7,14.3,,,,2,0.75,0.29,,,,2534,,,,,,,,,,,20/8/2025,Pisco,Lote 3,Santa Bernardina Uva,Pisco,313.27,86986,9108,Generica
2023-2024,21/8/2025,1:25,Formulario Registro Inspeccion Uva,Pisco,Guadalupe,False,Perú,Pisco,EEUU,,First Inspection,1101351:30:00,AIREN,13,,Pass_Pasar,276,11,355,Yes / Si,349.81,0,7,,111,110,1210,5,17,14.6,16.6,15.8,15.3,5,0.48,0.34,0.36,0.36,0.43,2534,,,,,,,,,,,20/8/2025,Pisco,Lote 3,Santa Bernardina Uva,Pisco,313.27,86986,9116,Generica
2023-2024,21/8/2025,1:12,Formulario Registro Inspeccion Uva,Pisco,Guadalupe,False,Perú,Pisco,ASIA CENTRO,Yes / Si,First Inspection,1101348:53:00,AIREN,13,Tailandia,Pass_Pasar,40,10,,No,,,,,55,52.5,525,2,15.4,14,,,,2,0.55,0.76,,,,2534,,,,,,,,,,,20/8/2025,Pisco,Lote 5,Santa Bernardina Uva,Pisco,72.27,86988,9099,Generica
2023-2024,21/8/2025,1:06,Formulario Registro Inspeccion Uva,Pisco,Guadalupe,True,Perú,Pisco,EEUU,,First Inspection,1101348:37:00,AIREN,13,,Pass_Pasar,4,4,,No,,,,,90,89,356,5,14.3,15,15.6,15.4,15,5,0.29,0.21,0.26,0.34,0.25,2534,,,,,,,,,,,20/8/2025,Pisco,Lote 5,Santa Bernardina Uva,Pisco,72.27,86988,9116,Generica
2023-2024,21/8/2025,0:59,Formulario Registro Inspeccion Uva,Pisco,Guadalupe,True,Perú,Pisco,EEUU,,First Inspection,1101299:47:00,MERLOT,9,,Pass_Pasar,88,4,353,Yes / Si,347.75,4,0,,99,99.5,398,2,13.4,14,,,,2,0.68,1.05,,,,2534,,,,,,,,,,,18/8/2025,Pisco,Lote 5,Santa Bernardina Uva,Pisco,72.27,86988,9108,Generica
2023-2024,21/8/2025,0:55,Formulario Registro Inspeccion Uva,Pisco,Guadalupe,True,Perú,Pisco,EEUU,,First Inspection,1101347:25:00,AIREN,13,,Pass_Pasar,121,6,353,Yes / Si,347.33,0,0,,89,101,606,5,14.6,14.7,14.2,14.8,13.6,5,0.34,0.36,0.19,0.18,0.33,2534,,,,,,,,,,,20/8/2025,Pisco,Lote 4,Santa Bernardina Uva,Pisco,47.28,86987,9116,Generica
2023-2024,21/8/2025,17:57,Formulario Registro Inspeccion Uva,Ica,Juan M.,True,Perú,Ica,ASIA NORTE,,First Inspection,1101346:12:00,AIREN,7,,Pass_Pasar,390,16,148,Yes / Si,143.56,16,0,,69,65.5,1048,2,12.3,13.2,,,,2,0.59,0.63,,,,2534,,,,,,,,,,,20/8/2025,Ica,Lote 37,Tierra Linda,Ica,31.63,87020,9102,Generica
2023-2024,22/8/2025,13:43,Formulario Registro Inspeccion Uva,Ica,Gloria A.,True,Perú,Ica,EEUU,,First Inspection,1101346:33:00,AIREN,8,,Pass_Pasar,204,5,344,Yes / Si,339.20,0,0,,127,125.5,627.5,2,12.4,13.9,,,,2,0.82,1.22,,,,2534,,,,,,,,,,,20/8/2025,Ica,Lote 7,Uvas del Sabor,Ica,110.1,86990,9110,Organica
2023-2024,22/8/2025,13:40,Formulario Registro Inspeccion Uva,Ica,Gloria A.,True,Perú,Ica,EEUU,,First Inspection,1101347:00:00,PINOT,7,,Pass_Pasar,204,5,350,Yes / Si,340.80,0,0,,115,111.5,557.5,2,15.1,13.8,,,,2,0.88,1.13,,,,2534,,,,,,,,,,,20/8/2025,Ica,Lote 7,Uvas del Sabor,Ica,110.1,86990,9110,Organica
2023-2024,22/8/2025,13:31,Formulario Registro Inspeccion Uva,Ica,Juan M.,True,Perú,Ica,EUROPA,No,First Inspection,1101371:46:00,TINTORERA,7,,Pass_Pasar,204,10,338,Yes / Si,331.20,0,0,,152,149,1490,2,12.5,11.9,,,,2,0.78,0.83,,,,2534,,,,,,,,,,,21/8/2025,Ica,Lote 14,Agricultores Unidos,Ica,40.26,86997,9098,Generica
2023-2024,22/8/2025,13:28,Formulario Registro Inspeccion Uva,Pisco,Juan M.,False,Perú,Pisco,ASIA NORTE,,First Inspection,1101370:58:00,VERDEJO,7,,Pass_Pasar,390,16,149,Yes / Si,143.68,16,0,,37,37,592,2,12.1,11.7,,,,2,0.72,0.62,,,,2534,,,,,,,,,,,21/8/2025,Pisco,Lote 20,Agricultores Unidos,Pisco,344.98,87003,9103,Generica
2023-2024,22/8/2025,13:24,Formulario Registro Inspeccion Uva,Pisco,Juan M.,True,Perú,Pisco,EEUU,,First Inspection,1101370:14:00,AIREN,7,,Pass_Pasar,204,10,340,Yes / Si,333.40,10,0,,147,139,1390,2,13.4,13.4,,,,2,0.47,0.78,,,,2534,,,,,,,,,,,21/8/2025,Pisco,Lote 20,Agricultores Unidos,Pisco,344.98,87003,9108,Generica
2023-2024,22/8/2025,13:21,Formulario Registro Inspeccion Uva,Pisco,Juan M.,True,Perú,Pisco,ASIA CENTRO,Yes / Si,First Inspection,1101369:43:00,AIREN,7,Singapur,Pass_Pasar,390,16,147,Yes / Si,143.75,16,0,,61,59,944,2,14.1,13.2,,,,2,0.33,0.27,,,,2534,,,,,,,,,,,21/8/2025,Pisco,Lote 20,Agricultores Unidos,Pisco,344.98,87003,9099,Generica
2023-2024,22/8/2025,0:46,Formulario Registro Inspeccion Uva,Ica,Gloria A.,True,Perú,Ica,ASIA NORTE,,First Inspection,1101323:04:00,AIREN,12,,Pass_Pasar,390,16,156,Yes / Si,149.93,16,0,,56,55,880,2,13.1,13.8,,,,2,0.79,0.64,,,,2534,,,,,,,,,,,19/8/2025,Ica,Lote 26,Andenes de Andrea,Ica,84.47,87009,9102,Generica
2023-2024,22/8/2025,0:41,Formulario Registro Inspeccion Uva,Ica,Gloria A.,False,Perú,Ica,ASIA NORTE,,First Inspection,1101323:39:00,AIREN,12,,Pass_Pasar,390,16,160,Yes / Si,149.31,16,0,,33,32.5,520,2,12.9,13.9,,,,2,0.54,0.55,,,,2534,,,,,,,,,,,19/8/2025,Ica,Lote 26,Andenes de Andrea,Ica,84.47,87009,9103,Generica
2023-2024,23/8/2025,8:42,Formulario Registro Inspeccion Uva,Piura,Lincoln Fernandez,False,Perú,Piura,ASIA CENTRO,No,First Inspection,1101392:32:00,MERLOT,12,,Pass_Pasar,200,8,142,Yes / Si,141.00,7,1,,43,38,304,2,14.4,13.1,,,,2,0.48,0.26,,,,2534,,,,,,,,,,,22/8/2025,Piura,Lote 40,Campos Gloriosos,Piura,5.57,87023,9100,Generica
2023-2024,23/8/2025,8:25,Formulario Registro Inspeccion Uva,Piura,Lincoln Fernandez,False,Perú,Piura,EEUU,,First Inspection,1101404:52:00,AIREN,13,,Pass_Pasar,276,10,355,Yes / Si,353.20,0,0,,127,123,1230,5,14.5,12.8,14.8,15,13.6,5,0.15,0.24,0.19,0.29,0.23,2534,,,,,,,,,,,22/8/2025,Piura,Lote 41,Campos Gloriosos,Piura,61.84,87024,9116,Generica
2023-2024,23/8/2025,7:46,Formulario Registro Inspeccion Uva,Piura,Lincoln Fernandez,False,Perú,Piura,EEUU,,First Inspection,1101400:58:00,AIREN,11,,Pass_Pasar,276,11,363.6,Yes / Si,358.32,0,1,,121,118.5,1303.5,5,15.9,16.4,16.3,16.3,15.8,5,0.32,0.45,0.42,0.43,0.38,2534,,,,,,,,,,,22/8/2025,Piura,Lote 1,Santa Bernardina Uva,Piura,80.51,86984,9116,Generica
2023-2024,23/8/2025,7:25,Formulario Registro Inspeccion Uva,Piura,Lincoln Fernandez,False,Perú,Piura,EEUU,,First Inspection,1101401:48:00,AIREN,11,,Pass_Pasar,204,6,354.3,Yes / Si,352.76,6,0,,159,155,930,1,14.3,,,,,1,0.31,,,,,2534,,,,,,,,,,,22/8/2025,Piura,Lote 1,Santa Bernardina Uva,Piura,80.51,86984,9108,Generica
2023-2024,23/8/2025,7:13,Formulario Registro Inspeccion Uva,Piura,Lincoln Fernandez,False,Perú,Piura,ASIA NORTE,,First Inspection,1101349:38:00,VERDEJO,13,,Pass_Pasar,390,16,144,Yes / Si,142.56,16,0,,31,29.5,472,2,12.7,13.9,,,,2,0.52,0.42,,,,2534,,,,,,,,,,,20/8/2025,Piura,Lote 39,Sociedad del Sol,Piura,71.53,87022,9103,Generica
2023-2024,23/8/2025,7:07,Formulario Registro Inspeccion Uva,Piura,Lincoln Fernandez,False,Perú,Piura,ASIA NORTE,,First Inspection,1101350:49:00,VERDEJO,13,,Pass_Pasar,390,16,442,Yes / Si,160.87,15,0,,52,50.5,808,1,14.3,,,,,1,0.36,,,,,2534,,,,,,,,,,,20/8/2025,Piura,Lote 39,Sociedad del Sol,Piura,71.53,87022,9102,Generica
2023-2024,23/8/2025,1:10,Formulario Registro Inspeccion Uva,Pisco,Guadalupe,False,Perú,Pisco,EEUU,,First Inspection,1101402:00:00,AIREN,13,,Pass_Pasar,110,4,579,Yes / Si,574.25,4,0,,285,285,1140,2,14.7,14.4,,,,2,0.95,1.07,,,,2534,,,,,,,,,,,22/8/2025,Pisco,Lote 3,Santa Bernardina Uva,Pisco,313.27,86986,9111,Generica
2023-2024,23/8/2025,1:06,Formulario Registro Inspeccion Uva,Pisco,Guadalupe,False,Perú,Pisco,EEUU,,First Inspection,1101401:02:00,AIREN,13,,Pass_Pasar,276,11,375,Yes / Si,357.09,0,0,,135,129.5,1424.5,5,15.8,13.9,15.3,15.5,15.2,5,0.19,0.33,0.15,0.22,0.21,2534,,,,,,,,,,,22/8/2025,Pisco,Lote 3,Santa Bernardina Uva,Pisco,313.27,86986,9116,Generica
2023-2024,23/8/2025,1:01,Formulario Registro Inspeccion Uva,Pisco,Guadalupe,False,Perú,Pisco,EEUU,,First Inspection,1101400:07:00,AIREN,13,,Pass_Pasar,276,11,358,Yes / Si,353.27,0,0,,127,124.5,1369.5,5,14.8,14.6,15.5,14.6,15.2,5,0.3,0.37,0.3,0.3,0.19,2534,,,,,,,,,,,22/8/2025,Pisco,Lote 3,Santa Bernardina Uva,Pisco,313.27,86986,9116,Generica
2023-2024,26/8/2025,23:24,Formulario Registro Inspeccion Uva,Pisco,Guadalupe,True,Perú,Pisco,EEUU,,First Inspection,1101495:50:00,AIREN,13,,Pass_Pasar,30,8,,No,,,,,95,111,888,5,14.7,16.5,15.9,16.4,15.7,5,0.49,0.31,0.22,0.24,0.27,2535,,,,,,,,,,,26/8/2025,Pisco,Lote 5,Santa Bernardina Uva,Pisco,72.27,86988,9116,Generica
2023-2024,26/8/2025,23:18,Formulario Registro Inspeccion Uva,Pisco,Guadalupe,True,Perú,Pisco,ASIA NORTE,,First Inspection,1101495:31:00,AIREN,13,,Pass_Pasar,5,6,,No,,,,,68,62.5,375,2,14,13.9,,,,2,0.91,1.01,,,,2535,,,,,,,,,,,26/8/2025,Pisco,Lote 5,Santa Bernardina Uva,Pisco,72.27,86988,9099,Generica
2023-2024,26/8/2025,23:16,Formulario Registro Inspeccion Uva,Pisco,Guadalupe,True,Perú,Pisco,EEUU,,First Inspection,1101494:52:00,AIREN,13,,Pass_Pasar,36,10,,No,,,,,93,108,1080,5,16,13.4,16.1,14.3,14.8,5,0.41,0.49,0.28,0.53,0.48,2535,,,,,,,,,,,26/8/2025,Pisco,Lote 5,Santa Bernardina Uva,Pisco,72.27,86988,9116,Generica
2023-2024,26/8/2025,22:58,Formulario Registro Inspeccion Uva,Piura,Lincoln Fernandez,False,Perú,Piura,ASIA NORTE,,First Inspection,1101499:31:00,AIREN,11,,Pass_Pasar,390,16,145,Yes / Si,143.12,16,0,,68,64.5,1032,1,15.1,,,,,1,0.24,,,,,2535,,,,,,,,,,,26/8/2025,Piura,Lote 41,Campos Gloriosos,Piura,61.84,87024,9102,Generica
2023-2024,26/8/2025,22:55,Formulario Registro Inspeccion Uva,Piura,Lincoln Fernandez,False,Perú,Piura,ASIA NORTE,,First Inspection,1101498:27:00,AIREN,11,,Pass_Pasar,390,16,145,Yes / Si,143.50,16,0,,80,77,1232,1,14,,,,,1,0.35,,,,,2535,,,,,,,,,,,26/8/2025,Piura,Lote 41,Campos Gloriosos,Piura,61.84,87024,9102,Generica
2023-2024,26/8/2025,22:48,Formulario Registro Inspeccion Uva,Piura,Lincoln Fernandez,True,Perú,Piura,ASIA NORTE,,First Inspection,1101496:26:00,MERLOT,14,,Pass_Pasar,27,2,335,Yes / Si,335.00,0,0,,54,54,108,2,14.6,15.3,,,,2,0.46,0.35,,,,2535,,,,,,,,,,,26/8/2025,Piura,Lote 8,Sol del Sur,Piura,68.65,86991,9105,Generica
2023-2024,26/8/2025,22:40,Formulario Registro Inspeccion Uva,Piura,Lincoln Fernandez,True,Perú,Piura,ASIA NORTE,,First Inspection,1101495:52:00,MERLOT,14,,Pass_Pasar,390,16,153,Yes / Si,145.68,16,0,,55,52.5,840,1,14.8,,,,,1,0.67,,,,,2535,,,,,,,,,,,26/8/2025,Piura,Lote 8,Sol del Sur,Piura,68.65,86991,9102,Generica
2023-2024,26/8/2025,22:34,Formulario Registro Inspeccion Uva,Pisco,Gloria A.,True,Perú,Pisco,EUROPA,No,First Inspection,1101470:05:00,AIREN,11,,Pass_Pasar,192,8,338,Yes / Si,332.62,8,0,,126,123.5,988,5,13.8,14.1,14.3,13.7,13.8,5,0.46,0.37,0.33,0.24,0.35,2535,,,,,,,,,,,25/8/2025,Pisco,Lote 20,Agricultores Unidos,Pisco,344.98,87003,9096,Generica
2023-2024,26/8/2025,22:28,Formulario Registro Inspeccion Uva,Piura,Lincoln Fernandez,True,Perú,Piura,ASIA NORTE,,First Inspection,1101495:14:00,MERLOT,14,,Pass_Pasar,390,16,153,Yes / Si,147.00,16,0,,35,34,544,1,16.5,,,,,1,0.33,,,,,2535,,,,,,,,,,,26/8/2025,Piura,Lote 8,Sol del Sur,Piura,68.65,86991,9103,Generica
2023-2024,26/8/2025,22:25,Formulario Registro Inspeccion Uva,Pisco,Gloria A.,True,Perú,Pisco,EUROPA,No,First Inspection,1101470:20:00,AIREN,9,,Pass_Pasar,390,16,151,Yes / Si,145.12,16,0,,55,54,864,2,15.2,13.8,,,,2,0.27,0.35,,,,2535,,,,,,,,,,,25/8/2025,Pisco,Lote 20,Agricultores Unidos,Pisco,344.98,87003,9092,Generica
2023-2024,26/8/2025,19:51,Formulario Registro Inspeccion Uva,Pisco,Juan M.,True,Perú,Pisco,EUROPA,No,First Inspection,1101475:47:00,AIREN,9,,Pass_Pasar,280,5,3528,Yes / Si,3524.20,5,0,,100,100,500,2,16.7,16,,,,2,0.5,0.35,,,,2535,,,,,,,,,,,25/8/2025,Pisco,Lote 20,Agricultores Unidos,Pisco,344.98,87003,9121,Generica
2023-2024,26/8/2025,19:46,Formulario Registro Inspeccion Uva,Pisco,Juan M.,True,Perú,Pisco,EUROPA,No,First Inspection,1101470:16:00,AIREN,9,,Pass_Pasar,390,16,146,Yes / Si,143.56,16,0,,90,87,1392,2,15.2,14.3,,,,2,0.26,0.29,,,,2535,,,,,,,,,,,25/8/2025,Pisco,Lote 20,Agricultores Unidos,Pisco,344.98,87003,9092,Generica
2023-2024,26/8/2025,19:44,Formulario Registro Inspeccion Uva,Ica,Juan M.,True,Perú,Ica,ASIA CENTRO,Yes / Si,First Inspection,1101469:44:00,TINTORERA,7,Tailandia,Pass_Pasar,390,12,151,Yes / Si,143.83,12,0,,65,64,768,2,11.9,14.1,,,,2,0.72,0.59,,,,2535,,,,,,,,,,,25/8/2025,Ica,Lote 14,Agricultores Unidos,Ica,40.26,86997,9099,Generica
2023-2024,27/8/2025,23:47,Formulario Registro Inspeccion Uva,Piura,Lincoln Fernandez,False,Perú,Piura,ASIA NORTE,,First Inspection,1101521:07:00,MERLOT,11,,Pass_Pasar,276,11,347.1,Yes / Si,338.13,0,0,,51,51,561,2,14.8,15.2,,,,2,0.38,0.3,,,,2535,,,,,,,,,,,27/8/2025,Piura,Lote 1,Santa Bernardina Uva,Piura,80.51,86984,9105,Generica
2023-2024,27/8/2025,23:38,Formulario Registro Inspeccion Uva,Piura,Lincoln Fernandez,False,Perú,Piura,EEUU,,First Inspection,1101495:13:00,AIREN,13,,Pass_Pasar,276,10,354,Yes / Si,352.80,0,0,,141,138,1380,5,15.5,14.8,13.4,15.1,14.4,5,0.15,0.37,0.17,0.25,0.39,2535,,,,,,,,,,,26/8/2025,Piura,Lote 39,Sociedad del Sol,Piura,71.53,87022,9116,Generica
2023-2024,27/8/2025,23:32,Formulario Registro Inspeccion Uva,Piura,Lincoln Fernandez,False,Perú,Piura,EEUU,,First Inspection,1101493:43:00,AIREN,13,,Pass_Pasar,276,11,354,Yes / Si,352.27,0,0,,136,133.5,1468.5,5,15.5,14.8,13.4,15.1,14.4,5,0.15,0.37,0.17,0.25,0.39,2535,,,,,,,,,,,26/8/2025,Piura,Lote 39,Sociedad del Sol,Piura,71.53,87022,9116,Generica
2023-2024,27/8/2025,22:52,Formulario Registro Inspeccion Uva,Ica,Gloria A.,True,Perú,Ica,EEUU,,First Inspection,1101491:03:00,PINOT,7,,Pass_Pasar,204,5,351,Yes / Si,346.40,0,0,,126,125.5,627.5,2,13.6,14.4,,,,2,1.06,0.69,,,,2535,,,,,,,,,,,26/8/2025,Ica,Lote 7,Uvas del Sabor,Ica,110.1,86990,9110,Organica
2023-2024,27/8/2025,22:49,Formulario Registro Inspeccion Uva,Ica,Gloria A.,True,Perú,Ica,EEUU,,First Inspection,1101492:32:00,MERLOT,12,,Pass_Pasar,276,10,360,Yes / Si,350.00,0,0,,85,83.5,835,6,13.7,14.9,14.5,14.8,16.1,6,0.8,0.56,0.37,0.45,0.47,2535,14.8,,0.48,,,,,,,,26/8/2025,Ica,Lote 7,Uvas del Sabor,Ica,110.1,86990,9116,Generica
2023-2024,27/8/2025,22:33,Formulario Registro Inspeccion Uva,Ica,Gloria A.,True,Perú,Ica,EEUU,,First Inspection,1101516:39:00,AIREN,7,,Pass_Pasar,204,5,360,Yes / Si,350.40,0,0,,168,157,785,2,14.8,13.6,,,,2,0.61,1.18,,,,2535,,,,,,,,,,,27/8/2025,Ica,Lote 7,Uvas del Sabor,Ica,110.1,86990,9110,Organica
2023-2024,27/8/2025,18:04,Formulario Registro Inspeccion Uva,Ica,Juan M.,False,Perú,Ica,ASIA NORTE,,First Inspection,1101466:47:00,AIREN,13,,Pass_Pasar,390,16,164,Yes / Si,149.37,16,0,,59,57.5,920,2,15.5,13.8,,,,2,0.55,0.26,,,,2535,,,,,,,,,,,25/8/2025,Ica,Lote 26,Andenes de Andrea,Ica,84.47,87009,9102,Generica
2023-2024,27/8/2025,18:02,Formulario Registro Inspeccion Uva,Ica,Juan M.,False,Perú,Ica,ASIA NORTE,,First Inspection,1101466:06:00,AIREN,13,,Pass_Pasar,390,16,157,Yes / Si,149.25,16,0,,37,36,576,2,12.9,15.2,,,,2,0.46,0.3,,,,2535,,,,,,,,,,,25/8/2025,Ica,Lote 26,Andenes de Andrea,Ica,84.47,87009,9103,Generica
2023-2024,27/8/2025,18:01,Formulario Registro Inspeccion Uva,Ica,Juan M.,True,Perú,Ica,ASIA NORTE,,First Inspection,1101518:52:00,VERDEJO,8,,Pass_Pasar,390,12,145,Yes / Si,143.16,12,0,,34,33,396,2,10.8,14.6,,,,2,0.75,0.49,,,,2535,,,,,,,,,,,27/8/2025,Ica,Lote 35,Agricultores del Sol,Ica,129.08,87018,9103,Generica
2023-2024,27/8/2025,17:55,Formulario Registro Inspeccion Uva,Ica,Gloria A.,True,Perú,Ica,EEUU,,First Inspection,1101518:49:00,AIREN,12,,Pass_Pasar,276,10,359,Yes / Si,358.70,0,0,,150,143,1430,7,14.9,15.1,16.6,13.9,15.8,7,0.51,0.61,0.72,0.52,0.49,2535,15.2,15.6,0.36,0.73,,,,,,,27/8/2025,Ica,Lote 35,Agricultores del Sol,Ica,129.08,87018,9116,Generica
2023-2024,28/8/2025,22:33,Formulario Registro Inspeccion Uva,Pisco,Guadalupe,True,Perú,Pisco,EEUU,,First Inspection,1101540:40:00,AIREN,13,,Pass_Pasar,228,10,361.5,Yes / Si,358.90,0,0,,130,694,6940,5,13.4,12.4,13.1,13.4,13,5,0.18,0.28,0.2,0.28,0.21,2535,,,,,,,,,,,28/8/2025,Pisco,Lote 10,Eden del Norte,Pisco,76.26,86993,9116,Generica
2023-2024,28/8/2025,22:29,Formulario Registro Inspeccion Uva,Pisco,Guadalupe,True,Perú,Pisco,EEUU,,First Inspection,1101539:27:00,AIREN,13,,Pass_Pasar,228,10,359,Yes / Si,358.45,0,0,,136,131.5,1315,6,13.7,13,12.1,11.9,12.9,6,0.22,0.3,0.51,0.73,0.36,2535,13,,0.62,,,,,,,,28/8/2025,Pisco,Lote 10,Eden del Norte,Pisco,76.26,86993,9116,Generica
2023-2024,28/8/2025,23:01,Formulario Registro Inspeccion Uva,Pisco,Guadalupe,False,Perú,Pisco,EEUU,,First Inspection,1101545:26:00,AIREN,13,,Pass_Pasar,138,6,357,Yes / Si,354.66,0,0,,115,115,690,5,15.1,13.9,14.5,14.1,14.2,5,0.35,0.27,0.17,0.32,0.26,2535,,,,,,,,,,,28/8/2025,Pisco,Lote 3,Santa Bernardina Uva,Pisco,313.27,86986,9116,Generica
2023-2024,28/8/2025,23:00,Formulario Registro Inspeccion Uva,Pisco,Guadalupe,False,Perú,Pisco,EEUU,,First Inspection,1101544:49:00,AIREN,12,,Pass_Pasar,110,4,581,Yes / Si,576.25,0,0,,193,193,772,5,15.1,13.9,14.5,14.1,14.2,5,0.35,0.27,0.17,0.32,0.26,2535,,,,,,,,,,,28/8/2025,Pisco,Lote 3,Santa Bernardina Uva,Pisco,313.27,86986,9118,Generica
2023-2024,28/8/2025,22:55,Formulario Registro Inspeccion Uva,Pisco,Guadalupe,False,Perú,Pisco,ASIA NORTE,,First Inspection,1101543:02:00,VERDEJO,7,,Pass_Pasar,10,7,,No,,,,,43,38,266,2,14,14.2,,,,2,0.55,0.56,,,,2535,,,,,,,,,,,28/8/2025,Pisco,Lote 4,Santa Bernardina Uva,Pisco,47.28,86987,9103,Generica
2023-2024,28/8/2025,22:37,Formulario Registro Inspeccion Uva,Pisco,Guadalupe,True,Perú,Pisco,EEUU,,First Inspection,1101542:36:00,VERDEJO,7,,Pass_Pasar,20,10,,No,,,,,59,55,550,2,12.3,12.2,,,,2,0.82,0.66,,,,2535,,,,,,,,,,,28/8/2025,Pisco,Lote 4,Santa Bernardina Uva,Pisco,47.28,86987,9102,Generica
2023-2024,28/8/2025,6:30,Formulario Registro Inspeccion Uva,Pisco,Guadalupe,True,Perú,Pisco,EEUU,,First Inspection,1101516:50:00,AIREN,13,,Pass_Pasar,12,6,360,Yes / Si,358.58,0,0,,138,136.5,819,6,12.1,13.4,12.6,13.1,14.1,6,0.43,0.26,0.41,0.3,0.19,2535,11.4,,0.36,,,,,,,,27/8/2025,Pisco,Lote 10,Eden del Norte,Pisco,76.26,86993,9116,Generica
2023-2024,28/8/2025,6:24,Formulario Registro Inspeccion Uva,Pisco,Guadalupe,True,Perú,Pisco,EEUU,,First Inspection,1101515:01:00,AIREN,13,,Pass_Pasar,24,6,380,Yes / Si,362.33,0,0,,128,124,744,5,13.7,12.1,13.2,12,13.6,5,0.21,0.36,0.29,0.3,0.46,2535,,,,,,,,,,,27/8/2025,Pisco,Lote 10,Eden del Norte,Pisco,76.26,86993,9116,Generica
2023-2024,28/8/2025,22:13,Formulario Registro Inspeccion Uva,Piura,Lincoln Fernandez,True,Perú,Piura,EEUU,,First Inspection,1101544:34:00,MERLOT,13,,Pass_Pasar,35,2,343,Yes / Si,341.50,2,0,,98,96,192,1,14.3,,,,,1,0.41,,,,,2535,,,,,,,,,,,28/8/2025,Piura,Lote 8,Sol del Sur,Piura,68.65,86991,9108,Generica
2023-2024,28/8/2025,21:49,Formulario Registro Inspeccion Uva,Piura,Lincoln Fernandez,False,Perú,Piura,EEUU,,First Inspection,1101543:30:00,MERLOT,13,,Pass_Pasar,276,11,366,Yes / Si,358.18,0,1,,97,98.5,1083.5,5,15.2,15.2,15,15.6,15.6,5,0.4,0.33,0.38,0.43,0.47,2535,,,,,,,,,,,28/8/2025,Piura,Lote 8,Sol del Sur,Piura,68.65,86991,9116,Generica
2023-2024,28/8/2025,20:28,Formulario Registro Inspeccion Uva,Ica,Juan M.,False,Perú,Ica,ASIA NORTE,,First Inspection,1101514:49:00,AIREN,12,,Pass_Pasar,390,16,156,Yes / Si,149.37,16,0,,38,37,592,2,15.2,15.4,,,,2,0.22,0.24,,,,2535,,,,,,,,,,,27/8/2025,Ica,Lote 26,Andenes de Andrea,Ica,84.47,87009,9103,Generica
2023-2024,28/8/2025,20:22,Formulario Registro Inspeccion Uva,Ica,Juan M.,True,Perú,Ica,ASIA NORTE,,First Inspection,1101520:20:00,AIREN,9,,Pass_Pasar,390,16,148,Yes / Si,143.31,16,0,,65,64.5,1032,2,11.8,13.5,,,,2,0.99,0.47,,,,2535,,,,,,,,,,,27/8/2025,Ica,Lote 37,Tierra Linda,Ica,31.63,87020,9102,Generica
2023-2024,28/8/2025,20:16,Formulario Registro Inspeccion Uva,Ica,Juan M.,True,Perú,Ica,EEUU,,First Inspection,1101520:01:00,AIREN,9,,Pass_Pasar,110,4,582,Yes / Si,580.25,4,0,,285,276.5,1106,2,13,13.3,,,,2,0.31,0.67,,,,2535,,,,,,,,,,,27/8/2025,Ica,Lote 37,Tierra Linda,Ica,31.63,87020,9111,Generica
2023-2024,28/8/2025,20:07,Formulario Registro Inspeccion Uva,Ica,Juan M.,True,Perú,Ica,EUROPA,No,First Inspection,1101519:08:00,AIREN,9,,Pass_Pasar,204,10,341,Yes / Si,336.90,6,0,,152,144,1440,2,13.1,13.2,,,,2,0.53,0.68,,,,2535,,,,,,,,,,,27/8/2025,Ica,Lote 37,Tierra Linda,Ica,31.63,87020,9093,Generica
2023-2024,28/8/2025,19:58,Formulario Registro Inspeccion Uva,Ica,Juan M.,True,Perú,Ica,EUROPA,No,First Inspection,1101518:36:00,MERLOT,8,,Pass_Pasar,204,10,339,Yes / Si,335.20,1,0,,138,133.5,1335,2,16.5,13.3,,,,2,0.73,0.44,,,,2535,,,,,,,,,,,27/8/2025,Ica,Lote 37,Tierra Linda,Ica,31.63,87020,9093,Generica
2023-2024,28/8/2025,19:53,Formulario Registro Inspeccion Uva,Ica,Juan M.,True,Perú,Ica,EUROPA,No,First Inspection,1101517:59:00,MERLOT,8,,Pass_Pasar,204,10,337,Yes / Si,334.60,1,0,,117,117,1170,2,14.1,15,,,,2,0.78,0.6,,,,2535,,,,,,,,,,,27/8/2025,Ica,Lote 37,Tierra Linda,Ica,31.63,87020,9093,Generica
2023-2024,28/8/2025,11:50,Formulario Registro Inspeccion Uva,Ica,Gloria A.,False,Perú,Ica,ASIA NORTE,,First Inspection,1101514:51:00,AIREN,12,,Pass_Pasar,390,16,165,Yes / Si,149.31,16,0,,60,58.5,936,2,15.8,12.8,,,,2,0.44,0.46,,,,2535,,,,,,,,,,,27/8/2025,Ica,Lote 32,Andenes de Andrea,Ica,101.03,87015,9102,Generica
2023-2024,28/8/2025,6:56,Formulario Registro Inspeccion Uva,Pisco,Guadalupe,False,Perú,Pisco,EEUU,,First Inspection,1101522:29:00,AIREN,12,,Pass_Pasar,276,11,365,Yes / Si,357.72,0,0,,119,118,1298,5,14.9,14,14.9,15.5,15.1,5,0.31,0.28,0.38,0.35,0.29,2535,,,,,,,,,,,27/8/2025,Pisco,Lote 3,Santa Bernardina Uva,Pisco,313.27,86986,9116,Generica
2023-2024,28/8/2025,6:52,Formulario Registro Inspeccion Uva,Pisco,Guadalupe,False,Perú,Pisco,EEUU,,First Inspection,1101521:28:00,AIREN,12,,Pass_Pasar,276,11,371,Yes / Si,356.45,0,0,,119,117,1287,5,15.1,15.9,13.6,15.2,14.8,5,0.29,0.34,0.4,0.32,0.23,2535,,,,,,,,,,,27/8/2025,Pisco,Lote 3,Santa Bernardina Uva,Pisco,313.27,86986,9116,Generica
2023-2024,28/8/2025,6:43,Formulario Registro Inspeccion Uva,Pisco,Guadalupe,True,Perú,Pisco,EEUU,,First Inspection,1101519:04:00,AIREN,13,,Pass_Pasar,8,5,,No,,,,,96,100.5,502.5,6,15.2,15,16.8,15.6,15.6,6,0.45,0.51,0.45,0.5,0.87,2535,16.2,,0.29,,,,,,,,27/8/2025,Pisco,Lote 4,Santa Bernardina Uva,Pisco,47.28,86987,9116,Generica
2023-2024,28/8/2025,6:43,Formulario Registro Inspeccion Uva,Pisco,Guadalupe,True,Perú,Pisco,ASIA NORTE,,First Inspection,1101520:16:00,AIREN,14,,Pass_Pasar,5,8,,No,,,,,68,59.5,476,2,15.9,14.5,,,,2,0.41,0.59,,,,2535,,,,,,,,,,,27/8/2025,Pisco,Lote 4,Santa Bernardina Uva,Pisco,47.28,86987,9102,Generica
2023-2024,28/8/2025,0:06,Formulario Registro Inspeccion Uva,Piura,Lincoln Fernandez,False,Perú,Piura,EEUU,,First Inspection,1101522:17:00,MERLOT,11,,Pass_Pasar,276,11,367,Yes / Si,358.38,0,0,,92,92,1012,5,15.3,17.9,15.7,15.8,16.8,5,0.5,0.43,0.34,0.47,0.39,2535,,,,,,,,,,,27/8/2025,Piura,Lote 1,Santa Bernardina Uva,Piura,80.51,86984,9116,Generica
2023-2024,29/8/2025,23:48,Formulario Registro Inspeccion Uva,Piura,Lincoln Fernandez,False,Perú,Piura,ASIA CENTRO,No,First Inspection,1101568:42:00,AIREN,11,,Pass_Pasar,119,5,144,Yes / Si,142.60,5,0,,73,72,360,1,13.6,,,,,1,0.44,,,,,2535,,,,,,,,,,,29/8/2025,Piura,Lote 41,Campos Gloriosos,Piura,61.84,87024,9099,Generica
2023-2024,29/8/2025,23:40,Formulario Registro Inspeccion Uva,Piura,Lincoln Fernandez,False,Perú,Piura,EEUU,,First Inspection,1101542:19:00,AIREN,10,,Pass_Pasar,276,10,355,Yes / Si,353.60,0,0,,165,156,1560,5,15.6,13.2,15.3,14.9,15.4,5,0.24,0.37,0.17,0.48,0.16,2535,,,,,,,,,,,28/8/2025,Piura,Lote 39,Sociedad del Sol,Piura,71.53,87022,9116,Generica
2023-2024,29/8/2025,23:20,Formulario Registro Inspeccion Uva,Piura,Lincoln Fernandez,False,Perú,Piura,EEUU,,First Inspection,1101543:18:00,AIREN,13,,Pass_Pasar,204,8,362,Yes / Si,361.12,8,0,,248,247.5,1980,1,14,,,,,1,0.35,,,,,2535,,,,,,,,,,,28/8/2025,Piura,Lote 39,Sociedad del Sol,Piura,71.53,87022,9108,Generica
2023-2024,29/8/2025,12:51,Formulario Registro Inspeccion Uva,Pisco,Juan M.,True,Perú,Pisco,ASIA CENTRO,Yes / Si,First Inspection,1101538:31:00,AIREN,9,HongKong,Pass_Pasar,390,16,150,Yes / Si,145.12,16,0,,55,55,880,2,13,13.8,,,,2,0.65,0.68,,,,2535,,,,,,,,,,,28/8/2025,Pisco,Lote 20,Agricultores Unidos,Pisco,344.98,87003,9099,Generica
2023-2024,29/8/2025,12:47,Formulario Registro Inspeccion Uva,Pisco,Juan M.,True,Perú,Pisco,ASIA NORTE,,First Inspection,1101538:02:00,AIREN,8,,Pass_Pasar,390,16,154,Yes / Si,144.43,16,0,,58,57.5,920,2,15.7,13.5,,,,2,0.46,0.38,,,,2535,,,,,,,,,,,28/8/2025,Pisco,Lote 20,Agricultores Unidos,Pisco,344.98,87003,9102,Generica
2023-2024,29/8/2025,12:43,Formulario Registro Inspeccion Uva,Ica,Juan M.,True,Perú,Ica,EEUU,,First Inspection,1101537:28:00,AIREN,8,,Pass_Pasar,110,4,580,Yes / Si,576.50,4,0,,295,285,1140,2,15.3,14.4,,,,2,0.62,0.99,,,,2535,,,,,,,,,,,28/8/2025,Ica,Lote 17,Agricultores Unidos,Ica,54.61,87000,9111,Generica
2023-2024,30/8/2025,9:44,Formulario Registro Inspeccion Uva,Piura,Lincoln Fernandez,False,Perú,Piura,ASIA NORTE,,First Inspection,1101561:34:00,MERLOT,11,,Pass_Pasar,20,2,344.4,Yes / Si,343.60,0,0,,56,55,110,2,15.3,16.5,,,,2,0.36,0.45,,,,2535,,,,,,,,,,,29/8/2025,Piura,Lote 1,Santa Bernardina Uva,Piura,80.51,86984,9105,Generica
2023-2024,30/8/2025,6:53,Formulario Registro Inspeccion Uva,Pisco,Guadalupe,True,Perú,Pisco,ASIA CENTRO,Yes / Si,First Inspection,1101495:46:00,MERLOT,8,Tailandia,Pass_Pasar,127,6,143,Yes / Si,141.66,6,0,,35,33.5,201,2,15.4,14.3,,,,2,0.68,0.86,,,,2535,,,,,,,,,,,26/8/2025,Pisco,Lote 5,Santa Bernardina Uva,Pisco,72.27,86988,9103,Generica
2023-2024,30/8/2025,6:49,Formulario Registro Inspeccion Uva,Pisco,Guadalupe,True,Perú,Pisco,EEUU,,First Inspection,1101462:43:00,TINTORERA,7,,Pass_Pasar,38,2,573,Yes / Si,573.00,2,0,,229,229,458,2,12.5,11.4,,,,2,0.6,1.12,,,,2535,,,,,,,,,,,25/8/2025,Pisco,Lote 4,Santa Bernardina Uva,Pisco,47.28,86987,9111,Generica
2023-2024,30/8/2025,0:40,Formulario Registro Inspeccion Uva,Piura,Lincoln Fernandez,False,Perú,Piura,EEUU,,First Inspection,1101571:35:00,MERLOT,11,,Pass_Pasar,276,11,366.9,Yes / Si,360.87,0,0,,89,87.5,962.5,5,16.2,16.5,16,16.5,16.8,5,0.33,0.32,0.38,0.42,0.44,2535,,,,,,,,,,,29/8/2025,Piura,Lote 1,Santa Bernardina Uva,Piura,80.51,86984,9116,Generica
2023-2024,30/8/2025,0:13,Formulario Registro Inspeccion Uva,Piura,Lincoln Fernandez,True,Perú,Piura,EEUU,,First Inspection,1101571:01:00,MERLOT,11,,Pass_Pasar,119,5,354.3,Yes / Si,352.44,5,0,,96,94,470,2,13,14.2,,,,2,0.68,0.79,,,,2535,,,,,,,,,,,29/8/2025,Piura,Lote 1,Santa Bernardina Uva,Piura,80.51,86984,9108,Generica
2023-2024,30/8/2025,7:02,Formulario Registro Inspeccion Uva,Pisco,Guadalupe,False,Perú,Pisco,EEUU,,First Inspection,1101569:29:00,AIREN,13,,Pass_Pasar,228,8,359.5,Yes / Si,357.62,0,1,,129,128,1024,5,14.2,15.7,15.6,15.4,15.5,5,0.28,0.23,0.3,0.36,0.28,2535,,,,,,,,,,,29/8/2025,Pisco,Lote 10,Eden del Norte,Pisco,76.26,86993,9116,Generica
2023-2024,30/8/2025,6:57,Formulario Registro Inspeccion Uva,Pisco,Guadalupe,True,Perú,Pisco,EEUU,,First Inspection,1101568:37:00,AIREN,13,,Pass_Pasar,228,8,361,Yes / Si,358.75,0,0,,124,121.5,972,5,15.4,14.9,15.1,14.2,15.3,5,0.43,0.28,0.28,0.34,0.37,2535,,,,,,,,,,,29/8/2025,Pisco,Lote 10,Eden del Norte,Pisco,76.26,86993,9116,Generica
2023-2024,2/9/2025,22:53,Formulario Registro Inspeccion Uva,Piura,Lincoln Fernandez,False,Perú,Piura,EEUU,,First Inspection,1101666:29:00,MERLOT,10,,Pass_Pasar,276,11,354,Yes / Si,352.54,0,0,,99,100,1100,5,15.2,13.2,16,16.7,16,5,0.34,0.32,0.24,0.3,0.3,2536,,,,,,,,,,,2/9/2025,Piura,Lote 41,Campos Gloriosos,Piura,61.84,87024,9116,Generica
2023-2024,2/9/2025,22:44,Formulario Registro Inspeccion Uva,Piura,Lincoln Fernandez,False,Perú,Piura,EEUU,,First Inspection,1101663:13:00,AIREN,11,,Pass_Pasar,200,8,353,Yes / Si,351.62,0,0,,124,118.5,948,5,14.4,13.4,14.1,15,14.3,5,0.23,0.5,0.45,0.29,0.29,2536,,,,,,,,,,,2/9/2025,Piura,Lote 41,Campos Gloriosos,Piura,61.84,87024,9116,Generica
2023-2024,2/9/2025,22:28,Formulario Registro Inspeccion Uva,Piura,Lincoln Fernandez,False,Perú,Piura,EEUU,,First Inspection,1101638:38:00,VERDEJO,10,,Pass_Pasar,152,6,357,Yes / Si,353.33,0,0,,137,132.5,795,5,14.7,13.9,13.7,14.9,13.2,5,0.55,0.48,0.63,0.62,0.55,2536,,,,,,,,,,,1/9/2025,Piura,Lote 39,Sociedad del Sol,Piura,71.53,87022,9116,Generica
2023-2024,2/9/2025,22:22,Formulario Registro Inspeccion Uva,Piura,Lincoln Fernandez,False,Perú,Piura,EEUU,,First Inspection,1101664:23:00,MERLOT,11,,Pass_Pasar,200,8,354,Yes / Si,352.50,0,0,,120,118.5,948,5,18.2,16.3,18.1,15.8,18.6,5,0.5,0.45,0.5,0.67,0.38,2536,,,,,,,,,,,2/9/2025,Piura,Lote 39,Sociedad del Sol,Piura,71.53,87022,9116,Generica
2023-2024,2/9/2025,22:07,Formulario Registro Inspeccion Uva,Piura,Lincoln Fernandez,False,Perú,Piura,ASIA CENTRO,No,First Inspection,1101639:46:00,VERDEJO,10,,Pass_Pasar,56,2,333,Yes / Si,332.00,0,0,,53,52.5,105,2,13.9,13.3,,,,2,0.4,0.5,,,,2536,,,,,,,,,,,1/9/2025,Piura,Lote 39,Sociedad del Sol,Piura,71.53,87022,9105,Generica
2023-2024,2/9/2025,21:44,Formulario Registro Inspeccion Uva,Piura,Lincoln Fernandez,False,Perú,Piura,EEUU,,First Inspection,1101637:47:00,AIREN,11,,Pass_Pasar,200,11,354,Yes / Si,352.36,0,0,,143,141,1551,5,15.1,15.8,15,14,15,5,0.41,0.28,0.37,0.23,0.2,2536,,,,,,,,,,,1/9/2025,Piura,Lote 39,Sociedad del Sol,Piura,71.53,87022,9116,Generica
2023-2024,2/9/2025,20:49,Formulario Registro Inspeccion Uva,Pisco,Juan M.,True,Perú,Pisco,EUROPA,No,First Inspection,1101640:06:00,VERDEJO,9,,Pass_Pasar,390,16,149,Yes / Si,144.06,16,0,,42,41.5,664,2,12.1,12.8,,,,2,0.54,0.71,,,,2536,,,,,,,,,,,1/9/2025,Pisco,Lote 20,Agricultores Unidos,Pisco,344.98,87003,9092,Generica
2023-2024,2/9/2025,20:47,Formulario Registro Inspeccion Uva,Ica,Juan M.,True,Perú,Ica,EEUU,,First Inspection,1101648:00:00,AIREN,11,,Pass_Pasar,390,10,358,Yes / Si,354.50,0,0,,152,151.5,1515,5,14.2,15.9,14.7,15.4,14,5,0.32,0.79,0.46,0.59,0.91,2536,,,,,,,,,,,2/9/2025,Ica,Lote 19,Agricultores Unidos,Ica,79.51,87002,9116,Generica
2023-2024,2/9/2025,20:42,Formulario Registro Inspeccion Uva,Ica,Juan M.,True,Perú,Ica,ASIA CENTRO,Yes / Si,First Inspection,1101639:29:00,MERLOT,9,HongKong,Pass_Pasar,390,16,150,Yes / Si,144.00,16,0,,73,72.5,1160,2,14.8,17.1,,,,2,0.8,0.68,,,,2536,,,,,,,,,,,1/9/2025,Ica,Lote 19,Agricultores Unidos,Ica,79.51,87002,9099,Generica
2023-2024,2/9/2025,20:37,Formulario Registro Inspeccion Uva,Ica,Juan M.,True,Perú,Ica,ASIA NORTE,,First Inspection,1101635:09:00,MERLOT,11,,Pass_Pasar,390,12,159,Yes / Si,149.33,12,0,,53,51.5,618,2,17.1,13.1,,,,2,0.52,0.86,,,,2536,,,,,,,,,,,1/9/2025,Ica,Lote 24,Andenes de Andrea,Ica,151.43,87007,9102,Generica
2023-2024,2/9/2025,20:32,Formulario Registro Inspeccion Uva,Ica,Juan M.,False,Perú,Ica,ASIA NORTE,,First Inspection,1101634:31:00,MERLOT,11,,Pass_Pasar,390,16,159,Yes / Si,146.12,16,0,,52,51,816,2,13.1,17.1,,,,2,0.86,0.52,,,,2536,,,,,,,,,,,1/9/2025,Ica,Lote 24,Andenes de Andrea,Ica,151.43,87007,9102,Generica
2023-2024,2/9/2025,20:29,Formulario Registro Inspeccion Uva,Ica,Juan M.,True,Perú,Ica,ASIA NORTE,,First Inspection,1101634:20:00,MERLOT,11,,Pass_Pasar,390,16,155,Yes / Si,147.43,16,0,,35,34,544,2,13.4,14.9,,,,2,0.44,0.35,,,,2536,,,,,,,,,,,1/9/2025,Ica,Lote 24,Andenes de Andrea,Ica,151.43,87007,9103,Generica
2023-2024,3/9/2025,23:36,Formulario Registro Inspeccion Uva,Piura,Lincoln Fernandez,True,Perú,Piura,EEUU,,First Inspection,1101687:57:00,MERLOT,14,,Pass_Pasar,126,5,357,Yes / Si,354.60,0,0,,93,91.5,457.5,5,15.4,15.9,15.1,15.8,16,5,0.56,0.44,0.48,0.48,0.65,2536,,,,,,,,,,,3/9/2025,Piura,Lote 9,Sol del Sur,Piura,27.41,86992,9116,Generica
2023-2024,3/9/2025,23:30,Formulario Registro Inspeccion Uva,Pisco,Guadalupe,True,Perú,Pisco,EEUU,,First Inspection,1101691:09:00,AIREN,11,,Pass_Pasar,276,11,370,Yes / Si,355.90,0,0,,119,118,1298,5,17.3,16.7,16.5,16.9,17.3,5,0.32,0.32,0.42,0.52,0.32,2536,,,,,,,,,,,3/9/2025,Pisco,Lote 3,Santa Bernardina Uva,Pisco,313.27,86986,9116,Generica
2023-2024,3/9/2025,23:18,Formulario Registro Inspeccion Uva,Piura,Lincoln Fernandez,True,Perú,Piura,EEUU,,First Inspection,1101663:14:00,MERLOT,14,,Pass_Pasar,276,11,367,Yes / Si,358.27,0,0,,96,91.5,1006.5,5,15.6,15.6,14.6,15.4,15.6,5,0.4,0.58,0.47,0.53,0.51,2536,,,,,,,,,,,2/9/2025,Piura,Lote 9,Sol del Sur,Piura,27.41,86992,9116,Generica
2023-2024,3/9/2025,23:01,Formulario Registro Inspeccion Uva,Piura,Lincoln Fernandez,True,Perú,Piura,EEUU,,First Inspection,1101663:42:00,MERLOT,14,,Pass_Pasar,100,4,345,Yes / Si,341.25,4,0,,111,110,440,2,13.8,15,,,,2,0.68,0.85,,,,2536,,,,,,,,,,,2/9/2025,Piura,Lote 9,Sol del Sur,Piura,27.41,86992,9108,Generica
2023-2024,3/9/2025,23:26,Formulario Registro Inspeccion Uva,Pisco,Guadalupe,False,Perú,Pisco,EUROPA,No,First Inspection,1101690:25:00,AIREN,11,,Pass_Pasar,195,10,153,Yes / Si,143.40,8,2,,90,85.5,855,2,16.7,14.7,,,,2,0.48,0.25,,,,2536,,,,,,,,,,,3/9/2025,Pisco,Lote 3,Santa Bernardina Uva,Pisco,313.27,86986,9092,Generica
2023-2024,3/9/2025,23:16,Formulario Registro Inspeccion Uva,Pisco,Guadalupe,True,Perú,Pisco,ASIA NORTE,,First Inspection,1101687:14:00,AIREN,12,,Pass_Pasar,15,10,,No,,,,,81,75,750,2,15.4,15,,,,2,0.5,0.47,,,,2536,,,,,,,,,,,3/9/2025,Pisco,Lote 5,Santa Bernardina Uva,Pisco,72.27,86988,9102,Generica
2023-2024,3/9/2025,23:13,Formulario Registro Inspeccion Uva,Pisco,Guadalupe,True,Perú,Pisco,EEUU,,First Inspection,1101686:34:00,AIREN,11,,Pass_Pasar,15,5,,No,,,,,119,116.5,582.5,6,14.6,15.5,15.3,17,14,6,0.36,0.49,0.35,0.66,0.69,2536,15.2,,0.34,,,,,,,,3/9/2025,Pisco,Lote 5,Santa Bernardina Uva,Pisco,72.27,86988,9116,Generica
2023-2024,3/9/2025,21:09,Formulario Registro Inspeccion Uva,Ica,Juan M.,False,Perú,Ica,ASIA NORTE,,First Inspection,1101664:36:00,AIREN,11,,Pass_Pasar,390,16,183,Yes / Si,151.43,16,0,,36,35,560,2,14.1,13.1,,,,2,0.66,0.59,,,,2536,,,,,,,,,,,2/9/2025,Ica,Lote 26,Andenes de Andrea,Ica,84.47,87009,9103,Generica
2023-2024,3/9/2025,21:03,Formulario Registro Inspeccion Uva,Ica,Juan M.,False,Perú,Ica,ASIA NORTE,,First Inspection,1101664:01:00,AIREN,11,,Pass_Pasar,390,16,178,Yes / Si,150.43,16,0,,55,54,864,2,13.1,13.1,,,,2,0.6,0.92,,,,2536,,,,,,,,,,,2/9/2025,Ica,Lote 26,Andenes de Andrea,Ica,84.47,87009,9102,Generica
2023-2024,3/9/2025,20:55,Formulario Registro Inspeccion Uva,Ica,Juan M.,True,Perú,Ica,ASIA NORTE,,First Inspection,1101663:04:00,MERLOT,11,,Pass_Pasar,390,16,155,Yes / Si,148.56,16,0,,59,55.5,888,2,14.2,16.3,,,,2,0.67,0.51,,,,2536,,,,,,,,,,,2/9/2025,Ica,Lote 24,Andenes de Andrea,Ica,151.43,87007,9102,Generica
2023-2024,3/9/2025,20:49,Formulario Registro Inspeccion Uva,Ica,Juan M.,True,Perú,Ica,ASIA NORTE,,First Inspection,1101662:37:00,MERLOT,11,,Pass_Pasar,390,16,170,Yes / Si,148.43,16,0,,36,35,560,2,15.2,14.5,,,,2,0.56,0.44,,,,2536,,,,,,,,,,,2/9/2025,Ica,Lote 24,Andenes de Andrea,Ica,151.43,87007,9103,Generica
2023-2024,3/9/2025,20:41,Formulario Registro Inspeccion Uva,Ica,Juan M.,True,Perú,Ica,ASIA NORTE,,First Inspection,1101658:00:00,MERLOT,12,,Pass_Pasar,390,16,149,Yes / Si,145.00,16,0,,46,45.5,728,2,14.9,13,,,,2,0.52,0.4,,,,2536,,,,,,,,,,,2/9/2025,Ica,Lote 38,Tierra Linda,Ica,35.08,87021,9102,Generica
2023-2024,3/9/2025,20:37,Formulario Registro Inspeccion Uva,Ica,Juan M.,True,Perú,Ica,EEUU,,First Inspection,1101657:26:00,MERLOT,12,,Pass_Pasar,110,4,580,Yes / Si,578.75,4,0,,190,189.5,758,2,12.5,14.1,,,,2,0.34,0.48,,,,2536,,,,,,,,,,,2/9/2025,Ica,Lote 38,Tierra Linda,Ica,35.08,87021,9111,Generica
2023-2024,4/9/2025,23:52,Formulario Registro Inspeccion Uva,Piura,Lincoln Fernandez,True,Perú,Piura,EEUU,,First Inspection,1101714:35:00,MERLOT,14,,Pass_Pasar,85,3,351.2,Yes / Si,348.43,3,0,,117,112.5,337.5,2,13.9,11.5,,,,2,0.65,0.61,,,,2536,,,,,,,,,,,4/9/2025,Piura,Lote 2,Santa Bernardina Uva,Piura,66.97,86985,9108,Generica
2023-2024,4/9/2025,23:40,Formulario Registro Inspeccion Uva,Piura,Lincoln Fernandez,True,Perú,Piura,EEUU,,First Inspection,1101713:12:00,MERLOT,14,,Pass_Pasar,30,2,361.7,Yes / Si,360.85,0,0,,106,103,206,5,15.3,14.4,13.4,12,14.2,5,0.36,0.49,0.43,0.32,0.4,2536,,,,,,,,,,,4/9/2025,Piura,Lote 2,Santa Bernardina Uva,Piura,66.97,86985,9116,Generica
2023-2024,4/9/2025,22:52,Formulario Registro Inspeccion Uva,Pisco,Guadalupe,False,Perú,Pisco,ASIA NORTE,,First Inspection,1101710:24:00,MERLOT,9,,Pass_Pasar,20,10,,No,,,,,53,52.5,525,2,14.6,15.1,,,,2,1.17,1.02,,,,2536,,,,,,,,,,,4/9/2025,Pisco,Lote 5,Santa Bernardina Uva,Pisco,72.27,86988,9102,Generica
2023-2024,4/9/2025,22:45,Formulario Registro Inspeccion Uva,Pisco,Guadalupe,True,Perú,Pisco,ASIA NORTE,,First Inspection,1101711:05:00,MERLOT,9,,Pass_Pasar,6,5,,No,,,,,37,35,175,2,15.4,16.7,,,,2,0.7,0.63,,,,2536,,,,,,,,,,,4/9/2025,Pisco,Lote 5,Santa Bernardina Uva,Pisco,72.27,86988,9103,Generica
2023-2024,4/9/2025,22:38,Formulario Registro Inspeccion Uva,Piura,Lincoln Fernandez,False,Perú,Piura,EEUU,,First Inspection,1101686:15:00,AIREN,9,,Pass_Pasar,276,11,355,Yes / Si,353.00,0,0,,126,125,1375,5,14.8,14.8,15,15.2,14.4,5,0.3,0.51,0.34,0.33,0.31,2536,,,,,,,,,,,3/9/2025,Piura,Lote 39,Sociedad del Sol,Piura,71.53,87022,9116,Generica
2023-2024,4/9/2025,22:23,Formulario Registro Inspeccion Uva,Ica,Gloria A.,True,Perú,Ica,EEUU,,First Inspection,1101687:45:00,AIREN,7,,Pass_Pasar,204,5,350,Yes / Si,343.00,0,0,,1457,801,4005,2,13.5,14.5,,,,2,1.13,0.68,,,,2536,,,,,,,,,,,3/9/2025,Ica,Lote 7,Uvas del Sabor,Ica,110.1,86990,9110,Organica
2023-2024,4/9/2025,22:20,Formulario Registro Inspeccion Uva,Ica,Gloria A.,True,Perú,Ica,EEUU,,First Inspection,1101687:04:00,MERLOT,12,,Pass_Pasar,204,5,355,Yes / Si,352.00,0,0,,113,111.5,557.5,5,14.5,15,13.7,14.3,14.1,5,0.58,0.45,0.66,0.29,0.39,2536,,,,,,,,,,,3/9/2025,Ica,Lote 7,Uvas del Sabor,Ica,110.1,86990,9116,Generica
2023-2024,4/9/2025,16:09,Formulario Registro Inspeccion Uva,Ica,Juan M.,True,Perú,Ica,ASIA NORTE,,First Inspection,1101710:38:00,AIREN,10,,Pass_Pasar,390,13,143,Yes / Si,142.07,13,0,,71,71,923,2,14.9,13.7,,,,2,0.39,0.74,,,,2536,,,,,,,,,,,4/9/2025,Ica,Lote 35,Agricultores del Sol,Ica,129.08,87018,9102,Generica
2023-2024,4/9/2025,16:08,Formulario Registro Inspeccion Uva,Ica,Juan M.,True,Perú,Ica,ASIA NORTE,,First Inspection,1101711:10:00,PINOT,7,,Pass_Pasar,390,16,146,Yes / Si,142.25,16,0,,62,61,976,2,14.7,14,,,,2,0.81,0.83,,,,2536,,,,,,,,,,,4/9/2025,Ica,Lote 34,Agricultores del Sol,Ica,249.17,87017,9102,Generica
2023-2024,4/9/2025,11:28,Formulario Registro Inspeccion Uva,Ica,Juan M.,False,Perú,Ica,EEUU,,First Inspection,1101681:19:00,MERLOT,12,,Pass_Pasar,274,10,356,Yes / Si,354.10,0,0,,110,109,1090,5,14.6,14.6,14.8,14.4,15.1,5,0.46,0.62,0.34,0.55,0.36,2536,,,,,,,,,,,3/9/2025,Ica,Lote 38,Tierra Linda,Ica,35.08,87021,9116,Generica
2023-2024,4/9/2025,11:25,Formulario Registro Inspeccion Uva,Ica,Juan M.,True,Perú,Ica,EEUU,,First Inspection,1101681:56:00,MERLOT,12,,Pass_Pasar,274,10,356,Yes / Si,353.90,0,0,,114,110.5,1105,5,14.7,14,13.5,16.1,14.3,5,0.64,0.37,0.43,0.42,0.55,2536,,,,,,,,,,,3/9/2025,Ica,Lote 38,Tierra Linda,Ica,35.08,87021,9116,Generica
2023-2024,4/9/2025,23:05,Formulario Registro Inspeccion Uva,Pisco,Guadalupe,True,Perú,Pisco,EEUU,,First Inspection,1101714:00:00,AIREN,11,,Pass_Pasar,276,11,362,Yes / Si,354.63,0,0,,120,118.5,1303.5,5,15.7,14.6,16.2,15.8,17.4,5,0.59,0.44,0.48,0.39,0.32,2536,,,,,,,,,,,4/9/2025,Pisco,Lote 3,Santa Bernardina Uva,Pisco,313.27,86986,9116,Generica
2023-2024,5/9/2025,16:55,Formulario Registro Inspeccion Uva,Pisco,Juan M.,True,Perú,Pisco,ASIA NORTE,,First Inspection,1101706:30:00,VERDEJO,7,,Pass_Pasar,390,16,156,Yes / Si,145.12,16,0,,46,46,736,2,12.7,12.1,,,,2,0.45,0.71,,,,2536,,,,,,,,,,,4/9/2025,Pisco,Lote 20,Agricultores Unidos,Pisco,344.98,87003,9102,Generica
2023-2024,5/9/2025,16:54,Formulario Registro Inspeccion Uva,Pisco,Juan M.,False,Perú,Pisco,ASIA NORTE,,First Inspection,1101705:53:00,VERDEJO,8,,Pass_Pasar,390,16,149,Yes / Si,144.37,16,0,,32,32,512,2,12.6,12.7,,,,2,0.5,0.75,,,,2536,,,,,,,,,,,4/9/2025,Pisco,Lote 20,Agricultores Unidos,Pisco,344.98,87003,9103,Generica
2023-2024,5/9/2025,16:46,Formulario Registro Inspeccion Uva,Ica,Juan M.,False,Perú,Ica,EEUU,,First Inspection,1101706:59:00,AIREN,9,,Pass_Pasar,274,8,358,Yes / Si,355.75,0,0,,137,136,1088,5,13.7,14.3,14.1,14.3,14.6,5,0.39,0.8,0.62,0.56,0.59,2536,,,,,,,,,,,4/9/2025,Ica,Lote 17,Agricultores Unidos,Ica,54.61,87000,9116,Generica
2023-2024,5/9/2025,15:22,Formulario Registro Inspeccion Uva,Pisco,Juan M.,True,Perú,Pisco,EEUU,,First Inspection,1101707:30:00,AIREN,9,,Pass_Pasar,274,10,366,Yes / Si,360.60,0,0,,129,128,1280,5,13.6,15.3,13.8,13.2,14,5,0.35,0.3,0.34,0.45,0.39,2536,,,,,,,,,,,4/9/2025,Pisco,Lote 20,Agricultores Unidos,Pisco,344.98,87003,9116,Generica
2023-2024,5/9/2025,0:29,Formulario Registro Inspeccion Uva,Piura,Lincoln Fernandez,False,Perú,Piura,EEUU,,First Inspection,1101672:19:00,MERLOT,11,,Pass_Pasar,200,8,354,Yes / Si,352.87,0,0,,132,129,1032,5,17.3,17.5,17,18.1,17.2,5,0.64,0.59,0.5,0.51,0.56,2536,,,,,,,,,,,3/9/2025,Piura,Lote 39,Sociedad del Sol,Piura,71.53,87022,9116,Generica
2023-2024,5/9/2025,22:26,Formulario Registro Inspeccion Uva,Piura,Lincoln Fernandez,True,Perú,Piura,EEUU,,First Inspection,1101735:44:00,MERLOT,14,,Pass_Pasar,276,11,367,Yes / Si,358.18,0,0,,90,95.5,1050.5,5,15.4,16.4,14.8,14.2,14.4,5,0.54,0.54,0.38,0.47,0.58,2536,,,,,,,,,,,5/9/2025,Piura,Lote 8,Sol del Sur,Piura,68.65,86991,9116,Generica
2023-2024,5/9/2025,22:07,Formulario Registro Inspeccion Uva,Piura,Lincoln Fernandez,False,Perú,Piura,EEUU,,First Inspection,1101736:34:00,MERLOT,14,,Pass_Pasar,150,6,349,Yes / Si,341.83,6,1,,117,113,678,2,14.3,14.1,,,,2,0.7,0.85,,,,2536,,,,,,,,,,,5/9/2025,Piura,Lote 8,Sol del Sur,Piura,68.65,86991,9108,Generica
2023-2024,5/9/2025,0:12,Formulario Registro Inspeccion Uva,Piura,Lincoln Fernandez,False,Perú,Piura,EEUU,,First Inspection,1101713:52:00,AIREN,12,,Pass_Pasar,30,2,360.1,Yes / Si,358.85,0,0,,136,132,264,5,16.7,16.3,16.7,16.6,17,5,0.32,0.32,0.6,0.37,0.43,2536,,,,,,,,,,,4/9/2025,Piura,Lote 1,Santa Bernardina Uva,Piura,80.51,86984,9116,Generica
2023-2024,6/9/2025,0:36,Formulario Registro Inspeccion Uva,Pisco,Guadalupe,False,Perú,Pisco,EEUU,,First Inspection,1101737:46:00,AIREN,12,,Pass_Pasar,250,8,353.5,Yes / Si,351.68,0,0,,132,127,1016,5,15.4,16.1,15.9,15.1,15.2,5,0.41,0.7,0.27,0.55,0.52,2536,,,,,,,,,,,5/9/2025,Pisco,Lote 5,Santa Bernardina Uva,Pisco,72.27,86988,9116,Generica
2023-2024,6/9/2025,0:30,Formulario Registro Inspeccion Uva,Pisco,Guadalupe,False,Perú,Pisco,ASIA CENTRO,Yes / Si,First Inspection,1101713:14:00,TINTORERA,9,Tailandia,Pass_Pasar,50,6,142,Yes / Si,141.58,6,0,,68,67.5,405,2,12.5,12.8,,,,2,0.98,1.13,,,,2536,,,,,,,,,,,4/9/2025,Pisco,Lote 4,Santa Bernardina Uva,Pisco,47.28,86987,9099,Generica
2023-2024,6/9/2025,0:27,Formulario Registro Inspeccion Uva,Pisco,Guadalupe,True,Perú,Pisco,EEUU,,First Inspection,1101735:22:00,AIREN,12,,Pass_Pasar,50,10,360,Yes / Si,359.00,0,0,,136,134.5,1345,6,14.9,15.4,14,14.5,16,6,0.89,0.69,0.39,0.5,0.49,2536,16.2,,0.29,,,,,,,,5/9/2025,Pisco,Lote 10,Eden del Norte,Pisco,76.26,86993,9116,Generica
2023-2024,6/9/2025,0:20,Formulario Registro Inspeccion Uva,Pisco,Guadalupe,True,Perú,Pisco,EEUU,,First Inspection,1101734:31:00,AIREN,12,,Pass_Pasar,50,10,360.5,Yes / Si,358.95,0,0,,133,132,1320,5,15.8,15.8,16.9,16,15.9,5,0.34,0.46,0.37,0.2,0.26,2536,,,,,,,,,,,5/9/2025,Pisco,Lote 10,Eden del Norte,Pisco,76.26,86993,9116,Generica
2023-2024,9/9/2025,23:49,Formulario Registro Inspeccion Uva,Piura,Lincoln Fernandez,False,Perú,Piura,EEUU,,First Inspection,1101807:50:00,MERLOT,10,,Pass_Pasar,100,4,354,Yes / Si,353.50,0,0,,124,124,496,5,17.6,17.5,16.5,18.3,17.2,5,0.55,0.57,0.62,0.453,0.62,2537,,,,,,,,,,,8/9/2025,Piura,Lote 39,Sociedad del Sol,Piura,71.53,87022,9116,Generica
2023-2024,9/9/2025,23:36,Formulario Registro Inspeccion Uva,Piura,Lincoln Fernandez,True,Perú,Piura,ASIA NORTE,,First Inspection,1101806:59:00,MERLOT,10,,Pass_Pasar,200,8,144,Yes / Si,142.37,8,0,,33,33,264,1,17.3,,,,,1,0.65,,,,,2537,,,,,,,,,,,8/9/2025,Piura,Lote 39,Sociedad del Sol,Piura,71.53,87022,9103,Generica
2023-2024,9/9/2025,22:54,Formulario Registro Inspeccion Uva,Pisco,Guadalupe,True,Perú,Pisco,EEUU,,First Inspection,1101833:19:00,AIREN,12,,Pass_Pasar,50,2,586.5,Yes / Si,585.75,2,0,,368,368,736,2,14.2,15.2,,,,2,0.43,0.27,,,,2537,,,,,,,,,,,9/9/2025,Pisco,Lote 10,Eden del Norte,Pisco,76.26,86993,9111,Generica
2023-2024,9/9/2025,22:41,Formulario Registro Inspeccion Uva,Pisco,Guadalupe,True,Perú,Pisco,EEUU,,First Inspection,1101832:38:00,AIREN,12,,Pass_Pasar,100,6,358.5,Yes / Si,357.75,0,0,,136,132,792,5,14.8,13.7,16,15.2,14.8,5,0.35,0.5,0.22,0.36,0.31,2537,,,,,,,,,,,9/9/2025,Pisco,Lote 10,Eden del Norte,Pisco,76.26,86993,9116,Generica
2023-2024,9/9/2025,20:04,Formulario Registro Inspeccion Uva,Pisco,Juan M.,True,Perú,Pisco,EEUU,,First Inspection,1101807:26:00,AIREN,10,,Pass_Pasar,274,10,355,Yes / Si,353.20,0,0,,118,116.5,1165,5,14,15.8,16,14.9,16.1,5,0.58,0.22,0.36,0.18,0.36,2537,,,,,,,,,,,8/9/2025,Pisco,Lote 20,Agricultores Unidos,Pisco,344.98,87003,9116,Generica
2023-2024,9/9/2025,20:01,Formulario Registro Inspeccion Uva,Pisco,Juan M.,True,Perú,Pisco,EUROPA,No,First Inspection,1101806:52:00,AIREN,10,,Pass_Pasar,390,16,148,Yes / Si,143.31,16,0,,82,73.5,1176,2,14.9,16,,,,2,0.51,0.31,,,,2537,,,,,,,,,,,8/9/2025,Pisco,Lote 20,Agricultores Unidos,Pisco,344.98,87003,9092,Generica
2023-2024,9/9/2025,19:59,Formulario Registro Inspeccion Uva,Pisco,Juan M.,True,Perú,Pisco,EEUU,,First Inspection,1101806:27:00,AIREN,10,,Pass_Pasar,274,10,358,Yes / Si,354.50,0,0,,133,129.5,1295,5,16.8,14.8,14.5,13.3,15.4,5,0.44,1.13,0.48,0.47,0.19,2537,,,,,,,,,,,8/9/2025,Pisco,Lote 20,Agricultores Unidos,Pisco,344.98,87003,9116,Generica
2023-2024,9/9/2025,19:53,Formulario Registro Inspeccion Uva,Ica,Juan M.,True,Perú,Ica,EEUU,,First Inspection,1101828:09:00,AIREN,12,,Pass_Pasar,110,4,589,Yes / Si,588.50,0,0,,210,207.5,830,5,15.7,13.4,15.3,13.1,13.5,5,0.39,0.72,0.58,0.41,0.51,2537,,,,,,,,,,,9/9/2025,Ica,Lote 35,Agricultores del Sol,Ica,129.08,87018,9118,Generica
2023-2024,9/9/2025,19:49,Formulario Registro Inspeccion Uva,Ica,Juan M.,True,Perú,Ica,EEUU,,First Inspection,1101827:14:00,AIREN,12,,Pass_Pasar,110,4,590,Yes / Si,589.25,0,0,,239,237,948,8,14.9,14.8,14.5,13.2,14.7,8,0.41,0.36,0.43,0.85,0.29,2537,14.6,14.6,0.31,0.18,15.3,,,0.25,,,9/9/2025,Ica,Lote 34,Agricultores del Sol,Ica,249.17,87017,9118,Generica
2023-2024,9/9/2025,19:42,Formulario Registro Inspeccion Uva,Ica,Juan M.,True,Perú,Ica,EEUU,,First Inspection,1101801:20:00,MERLOT,12,,Pass_Pasar,274,8,354,Yes / Si,352.87,0,0,,108,106.5,852,5,14.3,14.4,14.1,14.8,15.56,5,0.57,0.55,0.5,0.43,0.55,2537,,,,,,,,,,,8/9/2025,Ica,Lote 37,Tierra Linda,Ica,31.63,87020,9116,Generica
2023-2024,10/9/2025,23:30,Formulario Registro Inspeccion Uva,Pisco,Guadalupe,True,Perú,Pisco,EEUU,,First Inspection,1101857:31:00,AIREN,11,,Pass_Pasar,110,4,581,Yes / Si,578.00,0,0,,215,215,860,5,16.7,17.2,15.2,15.6,15.8,5,0.29,0.31,0.42,0.4,0.3,2537,,,,,,,,,,,10/9/2025,Pisco,Lote 3,Santa Bernardina Uva,Pisco,313.27,86986,9118,Generica
2023-2024,10/9/2025,23:25,Formulario Registro Inspeccion Uva,Pisco,Guadalupe,False,Perú,Pisco,EUROPA,No,First Inspection,1101856:49:00,AIREN,11,,Pass_Pasar,390,16,146,Yes / Si,142.50,13,2,,80,79.5,1272,2,16.3,17.2,,,,2,0.72,0.19,,,,2537,,,,,,,,,,,10/9/2025,Pisco,Lote 3,Santa Bernardina Uva,Pisco,313.27,86986,9092,Generica
2023-2024,10/9/2025,23:19,Formulario Registro Inspeccion Uva,Pisco,Guadalupe,False,Perú,Pisco,EEUU,,First Inspection,1101863:14:00,AIREN,11,,Pass_Pasar,276,11,361,Yes / Si,353.81,0,2,,133,128.5,1413.5,5,16.9,16.2,16.3,14.6,16.5,5,0.2,0.28,0.32,0.37,0.46,2537,,,,,,,,,,,10/9/2025,Pisco,Lote 3,Santa Bernardina Uva,Pisco,313.27,86986,9116,Generica
2023-2024,10/9/2025,23:11,Formulario Registro Inspeccion Uva,Pisco,Guadalupe,True,Perú,Pisco,EEUU,,First Inspection,1101827:39:00,TINTORERA,10,,Pass_Pasar,110,4,580,Yes / Si,575.75,4,0,,303,303,1212,2,12.4,13.3,,,,2,0.71,0.64,,,,2537,,,,,,,,,,,9/9/2025,Pisco,Lote 4,Santa Bernardina Uva,Pisco,47.28,86987,9111,Generica
2023-2024,10/9/2025,23:07,Formulario Registro Inspeccion Uva,Pisco,Guadalupe,True,Perú,Pisco,EEUU,,First Inspection,1101829:24:00,AIREN,12,,Pass_Pasar,80,6,352,Yes / Si,349.33,0,0,,131,126,756,6,15.8,12.7,16.6,16.7,14.4,6,0.28,1,0.3,0.24,0.46,2537,15,,0.54,,,,,,,,9/9/2025,Pisco,Lote 5,Santa Bernardina Uva,Pisco,72.27,86988,9116,Generica
2023-2024,10/9/2025,22:39,Formulario Registro Inspeccion Uva,Piura,Lincoln Fernandez,False,Perú,Piura,ASIA CENTRO,Yes / Si,First Inspection,1101831:54:00,MERLOT,14,Singapur,Pass_Pasar,30,2,330.6,Yes / Si,330.30,0,0,,56,55.5,111,2,15.4,15.4,,,,2,0.5,0.33,,,,2537,,,,,,,,,,,9/9/2025,Piura,Lote 2,Santa Bernardina Uva,Piura,66.97,86985,9101,Generica
2023-2024,10/9/2025,22:37,Formulario Registro Inspeccion Uva,Piura,Lincoln Fernandez,True,Perú,Piura,ASIA CENTRO,Yes / Si,First Inspection,1101832:12:00,MERLOT,11,Singapur,Pass_Pasar,30,2,330.5,Yes / Si,330.30,0,0,,54,54,108,2,15.2,16.8,,,,2,0.53,0.43,,,,2537,,,,,,,,,,,9/9/2025,Piura,Lote 1,Santa Bernardina Uva,Piura,80.51,86984,9101,Generica
2023-2024,10/9/2025,22:07,Formulario Registro Inspeccion Uva,Piura,Lincoln Fernandez,True,Perú,Piura,EEUU,,First Inspection,1101856:27:00,MERLOT,11,,Pass_Pasar,276,11,354.3,Yes / Si,348.64,0,0,,107,106,1166,5,15.6,16.7,15.7,17.1,17,5,0.33,0.35,0.31,0.36,0.3,2537,,,,,,,,,,,10/9/2025,Piura,Lote 1,Santa Bernardina Uva,Piura,80.51,86984,9116,Generica
2023-2024,10/9/2025,18:27,Formulario Registro Inspeccion Uva,Ica,Juan M.,True,Perú,Ica,ASIA NORTE,,First Inspection,1101828:44:00,AIREN,10,,Pass_Pasar,390,16,159,Yes / Si,149.25,15,0,,59,58.5,936,2,15.6,12.5,,,,2,0.54,0.73,,,,2537,,,,,,,,,,,9/9/2025,Ica,Lote 26,Andenes de Andrea,Ica,84.47,87009,9102,Generica
2023-2024,10/9/2025,18:26,Formulario Registro Inspeccion Uva,Ica,Juan M.,True,Perú,Ica,ASIA NORTE,,First Inspection,1101827:36:00,MERLOT,10,,Pass_Pasar,390,16,156,Yes / Si,146.37,15,0,,51,47,752,2,15.3,15.6,,,,2,0.83,0.53,,,,2537,,,,,,,,,,,9/9/2025,Ica,Lote 26,Andenes de Andrea,Ica,84.47,87009,9102,Generica
2023-2024,10/9/2025,18:23,Formulario Registro Inspeccion Uva,Ica,Juan M.,True,Perú,Ica,ASIA NORTE,,First Inspection,1101827:01:00,MERLOT,10,,Pass_Pasar,390,16,162,Yes / Si,148.12,16,0,,37,36,576,2,15.3,14.6,,,,2,0.54,0.58,,,,2537,,,,,,,,,,,9/9/2025,Ica,Lote 26,Andenes de Andrea,Ica,84.47,87009,9103,Generica
2023-2024,10/9/2025,0:39,Formulario Registro Inspeccion Uva,Piura,Lincoln Fernandez,False,Perú,Piura,EEUU,,First Inspection,1101834:50:00,AIREN,11,,Pass_Pasar,200,8,355,Yes / Si,353.25,0,0,,123,119,952,5,15.5,15.7,15.6,14.6,15.4,5,0.21,0.14,0.27,0.23,0.25,2537,,,,,,,,,,,9/9/2025,Piura,Lote 41,Campos Gloriosos,Piura,61.84,87024,9116,Generica
2023-2024,10/9/2025,0:19,Formulario Registro Inspeccion Uva,Piura,Lincoln Fernandez,False,Perú,Piura,EEUU,,First Inspection,1101835:48:00,AIREN,11,,Pass_Pasar,100,4,363,Yes / Si,361.50,4,0,,254,246.5,986,1,15,,,,,1,0.19,,,,,2537,,,,,,,,,,,9/9/2025,Piura,Lote 41,Campos Gloriosos,Piura,61.84,87024,9108,Generica
2023-2024,10/9/2025,0:14,Formulario Registro Inspeccion Uva,Piura,Lincoln Fernandez,False,Perú,Piura,EEUU,,First Inspection,1101806:24:00,AIREN,10,,Pass_Pasar,200,8,356,Yes / Si,354.12,0,0,,137,129.5,1036,5,14.8,14.4,14.4,15,15.3,5,0.6,0.51,0.54,0.47,0.26,2537,,,,,,,,,,,8/9/2025,Piura,Lote 39,Sociedad del Sol,Piura,71.53,87022,9116,Generica
2023-2024,10/9/2025,0:03,Formulario Registro Inspeccion Uva,Piura,Lincoln Fernandez,False,Perú,Piura,EEUU,,First Inspection,1101807:20:00,AIREN,10,,Pass_Pasar,30,2,581,Yes / Si,580.50,2,0,,513,513,1026,1,15.8,,,,,1,0.22,,,,,2537,,,,,,,,,,,8/9/2025,Piura,Lote 39,Sociedad del Sol,Piura,71.53,87022,9111,Generica
2023-2024,11/9/2025,22:58,Formulario Registro Inspeccion Uva,Pisco,Guadalupe,False,Perú,Pisco,EUROPA,No,First Inspection,1101881:56:00,AIREN,11,,Pass_Pasar,390,12,147,Yes / Si,143.50,10,2,,91,89.5,1074,2,15.9,16.1,,,,2,0.37,0.3,,,,2537,,,,,,,,,,,11/9/2025,Pisco,Lote 3,Santa Bernardina Uva,Pisco,313.27,86986,9092,Generica
2023-2024,11/9/2025,22:53,Formulario Registro Inspeccion Uva,Pisco,Guadalupe,False,Perú,Pisco,EEUU,,First Inspection,1101880:51:00,AIREN,11,,Pass_Pasar,276,11,357,Yes / Si,355.09,0,0,,98,106,1166,5,15.6,17.1,16.1,15.1,17.2,5,0.3,0.22,0.25,0.23,0.37,2537,,,,,,,,,,,11/9/2025,Pisco,Lote 3,Santa Bernardina Uva,Pisco,313.27,86986,9116,Generica
2023-2024,11/9/2025,22:45,Formulario Registro Inspeccion Uva,Piura,Lincoln Fernandez,False,Perú,Piura,EEUU,,First Inspection,1101881:50:00,AIREN,11,,Pass_Pasar,96,4,361,Yes / Si,360.25,4,0,,185,182,728,2,15.4,16,,,,2,0.27,0.42,,,,2537,,,,,,,,,,,11/9/2025,Piura,Lote 41,Campos Gloriosos,Piura,61.84,87024,9108,Generica
2023-2024,11/9/2025,22:43,Formulario Registro Inspeccion Uva,Pisco,Guadalupe,True,Perú,Pisco,EEUU,,First Inspection,1101876:40:00,AIREN,12,,Pass_Pasar,60,8,359,Yes / Si,358.12,0,0,,127,122.5,980,5,15.7,15.7,16.1,16,15.3,5,0.3,0.53,0.23,0.25,0.38,2537,,,,,,,,,,,11/9/2025,Pisco,Lote 10,Eden del Norte,Pisco,76.26,86993,9116,Generica
2023-2024,11/9/2025,22:39,Formulario Registro Inspeccion Uva,Piura,Lincoln Fernandez,False,Perú,Piura,EEUU,,First Inspection,1101880:54:00,VERDEJO,11,,Pass_Pasar,200,8,355,Yes / Si,353.87,0,0,,107,106,848,5,13.3,15.1,14.9,13.9,15,5,0.5,0.26,0.28,0.42,0.37,2537,,,,,,,,,,,11/9/2025,Piura,Lote 41,Campos Gloriosos,Piura,61.84,87024,9116,Generica
2023-2024,11/9/2025,22:39,Formulario Registro Inspeccion Uva,Pisco,Guadalupe,True,Perú,Pisco,EEUU,,First Inspection,1101876:03:00,AIREN,12,,Pass_Pasar,60,8,359.5,Yes / Si,358.18,0,0,,135,128.5,1028,5,13.7,13.9,13.8,15.1,14.6,5,0.54,0.21,0.48,0.41,0.46,2537,,,,,,,,,,,11/9/2025,Pisco,Lote 10,Eden del Norte,Pisco,76.26,86993,9116,Generica
2023-2024,11/9/2025,22:25,Formulario Registro Inspeccion Uva,Piura,Lincoln Fernandez,False,Perú,Piura,EEUU,,First Inspection,1101855:45:00,AIREN,12,,Pass_Pasar,200,8,354,Yes / Si,353.00,0,0,,131,130.5,1044,5,14.5,15,15,15.6,14.8,5,0.28,0.29,0.56,0.22,0.24,2537,,,,,,,,,,,10/9/2025,Piura,Lote 39,Sociedad del Sol,Piura,71.53,87022,9116,Generica
2023-2024,11/9/2025,22:13,Formulario Registro Inspeccion Uva,Piura,Lincoln Fernandez,False,Perú,Piura,EEUU,,First Inspection,1101856:24:00,VERDEJO,11,,Pass_Pasar,200,8,354,Yes / Si,352.12,0,0,,98,98,784,5,14.4,15.7,15.6,15.2,14.2,5,0.45,0.31,0.43,0.44,0.35,2537,,,,,,,,,,,10/9/2025,Piura,Lote 39,Sociedad del Sol,Piura,71.53,87022,9116,Generica
2023-2024,11/9/2025,22:02,Formulario Registro Inspeccion Uva,Piura,Lincoln Fernandez,False,Perú,Piura,ASIA NORTE,,First Inspection,1101855:17:00,VERDEJO,11,,Pass_Pasar,86,4,339,Yes / Si,337.50,0,0,,50,48.5,194,2,14.4,14.2,,,,2,0.38,0.46,,,,2537,,,,,,,,,,,10/9/2025,Piura,Lote 39,Sociedad del Sol,Piura,71.53,87022,9105,Generica
2023-2024,11/9/2025,15:06,Formulario Registro Inspeccion Uva,Ica,Juan M.,True,Perú,Ica,EEUU,,First Inspection,1101849:11:00,AIREN,10,,Pass_Pasar,274,8,354,Yes / Si,352.12,0,0,,130,127,1016,9,12.8,13.6,13.7,14.2,14,9,0.82,0.59,0.72,0.82,0.59,2537,14.3,14.1,0.48,0.39,14.4,13,,0.42,0.61,,10/9/2025,Ica,Lote 38,Tierra Linda,Ica,35.08,87021,9116,Generica
2023-2024,12/9/2025,22:46,Formulario Registro Inspeccion Uva,Piura,Lincoln Fernandez,True,Perú,Piura,EEUU,,First Inspection,1101904:05:00,MERLOT,13,,Pass_Pasar,100,4,355,Yes / Si,348.25,4,0,,141,138,552,2,14.7,13.1,,,,2,0.84,0.69,,,,2537,,,,,,,,,,,12/9/2025,Piura,Lote 9,Sol del Sur,Piura,27.41,86992,9108,Generica
2023-2024,12/9/2025,22:39,Formulario Registro Inspeccion Uva,Piura,Lincoln Fernandez,False,Perú,Piura,EEUU,,First Inspection,1101904:04:00,MERLOT,13,,Pass_Pasar,200,8,365,Yes / Si,355.87,0,1,,99,102,816,5,16.3,15.7,14.9,15.7,16,5,0.39,0.34,0.42,0.37,0.44,2537,,,,,,,,,,,12/9/2025,Piura,Lote 9,Sol del Sur,Piura,27.41,86992,9116,Generica
2023-2024,12/9/2025,22:33,Formulario Registro Inspeccion Uva,Ica,Gloria A.,False,Perú,Ica,EEUU,,First Inspection,1101850:20:00,AIREN,7,,Pass_Pasar,204,5,354,Yes / Si,343.20,0,0,,145,139.5,697.5,1,13.8,,,,,1,0.65,,,,,2537,,,,,,,,,,,10/9/2025,Ica,Lote 7,Uvas del Sabor,Ica,110.1,86990,9110,Organica
2023-2024,12/9/2025,22:31,Formulario Registro Inspeccion Uva,Ica,Gloria A.,True,Perú,Ica,EEUU,,First Inspection,1101876:20:00,AIREN,7,,Pass_Pasar,110,3,584,Yes / Si,582.66,0,0,,266,266,798,1,12.9,,,,,1,0.85,,,,,2537,,,,,,,,,,,11/9/2025,Ica,Lote 7,Uvas del Sabor,Ica,110.1,86990,9113,Organica
2023-2024,12/9/2025,22:25,Formulario Registro Inspeccion Uva,Ica,Gloria A.,True,Perú,Ica,EEUU,,First Inspection,1101875:05:00,TINTORERA,5,,Pass_Pasar,204,5,352,Yes / Si,349.20,0,0,,136,134.5,672.5,2,10.9,11.4,,,,2,0.85,0.75,,,,2537,,,,,,,,,,,11/9/2025,Ica,Lote 7,Uvas del Sabor,Ica,110.1,86990,9110,Organica
2023-2024,12/9/2025,22:12,Formulario Registro Inspeccion Uva,Pisco,Guadalupe,False,Perú,Pisco,ASIA CENTRO,Yes / Si,First Inspection,1101905:02:00,VERDEJO,8,Tailandia,Pass_Pasar,1895443,6,,No,,,,,66,58,348,2,13.1,11.2,,,,2,0.81,0.66,,,,2537,,,,,,,,,,,12/9/2025,Pisco,Lote 5,Santa Bernardina Uva,Pisco,72.27,86988,9099,Generica
2023-2024,12/9/2025,22:09,Formulario Registro Inspeccion Uva,Pisco,Guadalupe,True,Perú,Pisco,EEUU,,First Inspection,1101905:53:00,AIREN,13,,Pass_Pasar,70,6,,No,,,,,119,117.5,705,5,16.2,15.9,17.7,15.1,15.3,5,0.52,0.57,0.38,0.66,0.35,2537,,,,,,,,,,,12/9/2025,Pisco,Lote 5,Santa Bernardina Uva,Pisco,72.27,86988,9116,Generica
2023-2024,12/9/2025,22:05,Formulario Registro Inspeccion Uva,Pisco,Guadalupe,True,Perú,Pisco,ASIA NORTE,,First Inspection,1101879:17:00,MERLOT,9,,Pass_Pasar,75,6,143,Yes / Si,142.00,6,0,,31,30,180,2,14.8,14.3,,,,2,0.47,0.53,,,,2537,,,,,,,,,,,11/9/2025,Pisco,Lote 5,Santa Bernardina Uva,Pisco,72.27,86988,9103,Generica
2023-2024,12/9/2025,22:01,Formulario Registro Inspeccion Uva,Pisco,Guadalupe,False,Perú,Pisco,ASIA CENTRO,Yes / Si,First Inspection,1101879:51:00,MERLOT,9,Tailandia,Pass_Pasar,123,6,143,Yes / Si,141.83,6,0,,52,51.5,309,2,16.9,16.4,,,,2,0.76,0.66,,,,2537,,,,,,,,,,,11/9/2025,Pisco,Lote 5,Santa Bernardina Uva,Pisco,72.27,86988,9099,Generica
2023-2024,12/9/2025,15:35,Formulario Registro Inspeccion Uva,Ica,Juan M.,True,Perú,Ica,EUROPA,No,First Inspection,1101875:05:00,AIREN,10,,Pass_Pasar,204,10,333,Yes / Si,330.10,0,0,,119,115,1150,5,14.6,15.7,14.5,15.1,13.9,5,0.47,0.43,0.88,0.64,1.06,2537,,,,,,,,,,,11/9/2025,Ica,Lote 19,Agricultores Unidos,Ica,79.51,87002,9097,Generica
2023-2024,12/9/2025,15:29,Formulario Registro Inspeccion Uva,Ica,Juan M.,True,Perú,Ica,EUROPA,No,First Inspection,1101875:49:00,TINTORERA,8,,Pass_Pasar,280,5,3498,Yes / Si,3494.80,5,0,,100,100,500,2,12,11.4,,,,2,0.77,0.52,,,,2537,,,,,,,,,,,11/9/2025,Ica,Lote 13,Agricultores Unidos,Ica,50.93,86996,9122,Generica
2023-2024,12/9/2025,15:19,Formulario Registro Inspeccion Uva,Pisco,Juan M.,True,Perú,Pisco,EEUU,,First Inspection,1101874:19:00,AIREN,9,,Pass_Pasar,274,10,356,Yes / Si,352.10,0,0,,132,128,1280,5,14.4,12.1,13.7,11.9,16.2,5,0.75,0.48,0.36,0.78,0.4,2537,,,,,,,,,,,11/9/2025,Pisco,Lote 20,Agricultores Unidos,Pisco,344.98,87003,9116,Generica
2023-2024,12/9/2025,15:14,Formulario Registro Inspeccion Uva,Pisco,Juan M.,False,Perú,Pisco,ASIA CENTRO,Yes / Si,First Inspection,1101873:54:00,VERDEJO,8,Singapur,Pass_Pasar,390,12,146,Yes / Si,142.66,11,0,,40,37.5,450,2,11.5,13.2,,,,2,0.61,0.7,,,,2537,,,,,,,,,,,11/9/2025,Pisco,Lote 20,Agricultores Unidos,Pisco,344.98,87003,9099,Generica
2023-2024,16/9/2025,23:13,Formulario Registro Inspeccion Uva,Ica,Gloria A.,True,Perú,Ica,EEUU,,First Inspection,1101971:22:00,MERLOT,13,,Pass_Pasar,276,8,364,Yes / Si,357.62,0,0,,105,103,824,5,13.7,16.8,15.6,15.9,16.8,5,0.65,0.53,0.62,0.72,0.61,2538,,,,,,,,,,,15/9/2025,Ica,Lote 24,Andenes de Andrea,Ica,151.43,87007,9116,Generica
2023-2024,16/9/2025,23:07,Formulario Registro Inspeccion Uva,Ica,Gloria A.,True,Perú,Ica,EEUU,,First Inspection,1101970:42:00,MERLOT,13,,Pass_Pasar,204,10,390,Yes / Si,370.00,0,0,,112,109.5,1095,5,15.3,16.2,16.4,16.3,17.2,5,0.55,0.73,0.55,0.48,0.6,2538,,,,,,,,,,,15/9/2025,Ica,Lote 24,Andenes de Andrea,Ica,151.43,87007,9116,Generica
2023-2024,16/9/2025,23:05,Formulario Registro Inspeccion Uva,Piura,Lincoln Fernandez,False,Perú,Piura,EEUU,,First Inspection,1101975:22:00,MERLOT,13,,Pass_Pasar,200,8,358,Yes / Si,353.25,0,1,,129,125,1000,5,16.9,15.8,16.1,16.6,15.3,5,0.54,0.46,0.37,0.45,0.36,2538,,,,,,,,,,,15/9/2025,Piura,Lote 9,Sol del Sur,Piura,27.41,86992,9116,Generica
2023-2024,16/9/2025,22:59,Formulario Registro Inspeccion Uva,Ica,Gloria A.,True,Perú,Ica,EEUU,,First Inspection,1101975:32:00,AIREN,11,,Pass_Pasar,204,10,371,Yes / Si,357.80,0,0,,139,135,1350,5,13.9,12.9,12.9,12.9,14.7,5,0.65,0.45,0.62,0.59,0.65,2538,,,,,,,,,,,15/9/2025,Ica,Lote 26,Andenes de Andrea,Ica,84.47,87009,9116,Generica
2023-2024,16/9/2025,22:51,Formulario Registro Inspeccion Uva,Ica,Gloria A.,True,Perú,Ica,ASIA NORTE,,First Inspection,1101982:47:00,AIREN,11,,Pass_Pasar,190,8,153,Yes / Si,147.00,8,0,,68,66.5,532,2,12,12.4,,,,2,0.93,0.33,,,,2538,,,,,,,,,,,15/9/2025,Ica,Lote 26,Andenes de Andrea,Ica,84.47,87009,9102,Generica
2023-2024,16/9/2025,20:49,Formulario Registro Inspeccion Uva,Ica,Juan M.,True,Perú,Ica,EUROPA,No,First Inspection,1101969:19:00,MERLOT,7,,Pass_Pasar,204,10,334,Yes / Si,331.20,0,0,,125,121,1210,2,12.4,13.1,,,,2,1.05,0.98,,,,2538,,,,,,,,,,,15/9/2025,Ica,Lote 37,Tierra Linda,Ica,31.63,87020,9093,Generica
2023-2024,16/9/2025,20:40,Formulario Registro Inspeccion Uva,Ica,Juan M.,False,Perú,Ica,ASIA NORTE,,First Inspection,1101970:42:00,MERLOT,13,,Pass_Pasar,390,16,171,Yes / Si,149.00,15,1,,55,50,800,2,10.1,13.9,,,,2,0.95,1.09,,,,2538,,,,,,,,,,,15/9/2025,Ica,Lote 24,Andenes de Andrea,Ica,151.43,87007,9102,Generica
2023-2024,16/9/2025,20:34,Formulario Registro Inspeccion Uva,Ica,Juan M.,True,Perú,Ica,EEUU,,First Inspection,1101971:45:00,MERLOT,13,,Pass_Pasar,210,10,355,Yes / Si,348.40,10,0,,94,93,930,2,12.6,12,,,,2,0.97,0.97,,,,2538,,,,,,,,,,,15/9/2025,Ica,Lote 24,Andenes de Andrea,Ica,151.43,87007,9108,Generica
2023-2024,16/9/2025,19:58,Formulario Registro Inspeccion Uva,Ica,Juan M.,True,Perú,Ica,EEUU,,First Inspection,1101974:23:00,AIREN,9,,Pass_Pasar,276,10,361,Yes / Si,355.80,0,0,,131,130.5,1305,5,14.8,16.1,15.2,16.2,15.5,5,0.51,0.67,0.4,0.84,0.43,2538,,,,,,,,,,,15/9/2025,Ica,Lote 19,Agricultores Unidos,Ica,79.51,87002,9116,Generica
2023-2024,16/9/2025,19:55,Formulario Registro Inspeccion Uva,Ica,Juan M.,True,Perú,Pisco,EUROPA,No,First Inspection,1101975:02:00,AIREN,9,,Pass_Pasar,390,16,152,Yes / Si,145.43,16,0,,96,94,1504,2,14.8,14.8,,,,2,0.21,0.78,,,,2538,,,,,,,,,,,15/9/2025,Pisco,Lote 20,Agricultores Unidos,Pisco,344.98,87003,9092,Generica
2023-2024,16/9/2025,19:53,Formulario Registro Inspeccion Uva,Ica,Juan M.,True,Perú,Pisco,EEUU,,First Inspection,1101975:35:00,AIREN,9,,Pass_Pasar,276,10,361,Yes / Si,356.30,0,0,,129,127.5,1275,5,14.7,13.8,16.1,13.7,14.9,5,0.32,0.35,0.19,0.37,0.41,2538,,,,,,,,,,,15/9/2025,Pisco,Lote 20,Agricultores Unidos,Pisco,344.98,87003,9116,Generica
2023-2024,17/9/2025,19:53,Formulario Registro Inspeccion Uva,Piura,Lincoln Fernandez,True,Perú,Piura,EEUU,,First Inspection,1101999:54:00,AIREN,14,,Pass_Pasar,276,11,354,Yes / Si,352.09,0,0,,135,132.5,1457.5,5,15.2,15.8,14.2,14.6,14.6,5,0.15,0.22,0.21,0.19,0.2,2538,,,,,,,,,,,16/9/2025,Piura,Lote 39,Sociedad del Sol,Piura,71.53,87022,9116,Generica
2023-2024,17/9/2025,19:49,Formulario Registro Inspeccion Uva,Piura,Lincoln Fernandez,False,Perú,Piura,EEUU,,First Inspection,1101998:58:00,AIREN,14,,Pass_Pasar,276,11,354,Yes / Si,352.36,0,0,,133,131.5,1446.5,5,15.2,15.8,14.2,14.6,14.6,5,0.15,0.22,0.21,0.19,0.2,2538,,,,,,,,,,,16/9/2025,Piura,Lote 39,Sociedad del Sol,Piura,71.53,87022,9116,Generica
2023-2024,17/9/2025,19:25,Formulario Registro Inspeccion Uva,Ica,Juan M.,True,Perú,Ica,EEUU,,First Inspection,1102022:40:00,TINTORERA,7,,Pass_Pasar,110,4,588,Yes / Si,586.62,4,0,,302,296,1184,2,11,12.6,,,,2,0.51,0.81,,,,2538,,,,,,,,,,,17/9/2025,Ica,Lote 34,Agricultores del Sol,Ica,249.17,87017,9111,Generica
2023-2024,17/9/2025,19:24,Formulario Registro Inspeccion Uva,Ica,Juan M.,True,Perú,Ica,EEUU,,First Inspection,1102023:28:00,AIREN,12,,Pass_Pasar,110,4,587,Yes / Si,583.50,0,0,,223,221,884,5,15.8,16.8,14.7,16.5,15.5,5,0.2,0.43,0.78,0.51,0.27,2538,,,,,,,,,,,17/9/2025,Ica,Lote 35,Agricultores del Sol,Ica,129.08,87018,9118,Generica
2023-2024,17/9/2025,7:53,Formulario Registro Inspeccion Uva,Piura,Lincoln Fernandez,True,Perú,Piura,EEUU,,First Inspection,1102002:50:00,MERLOT,10,,Pass_Pasar,276,11,354,Yes / Si,352.18,0,0,,92,91,1001,5,15.6,14,13.1,13.1,15,5,0.33,0.25,0.31,0.26,0.25,2538,,,,,,,,,,,16/9/2025,Piura,Lote 41,Campos Gloriosos,Piura,61.84,87024,9116,Generica
2023-2024,17/9/2025,7:50,Formulario Registro Inspeccion Uva,Piura,Lincoln Fernandez,True,Perú,Piura,EEUU,,First Inspection,1102002:03:00,MERLOT,10,,Pass_Pasar,276,11,354,Yes / Si,352.18,0,0,,88,84.5,929.5,5,15.6,14,13.1,13.1,15,5,0.33,0.25,0.31,0.26,0.25,2538,,,,,,,,,,,16/9/2025,Piura,Lote 41,Campos Gloriosos,Piura,61.84,87024,9116,Generica
2023-2024,17/9/2025,7:47,Formulario Registro Inspeccion Uva,Piura,Lincoln Fernandez,False,Perú,Piura,EEUU,,First Inspection,1101975:55:00,MERLOT,13,,Pass_Pasar,300,12,152,Yes / Si,144.25,11,1,,54,53.5,642,2,13.1,14.2,,,,2,0.76,0.7,,,,2538,,,,,,,,,,,15/9/2025,Piura,Lote 9,Sol del Sur,Piura,27.41,86992,9102,Generica
2023-2024,18/9/2025,23:28,Formulario Registro Inspeccion Uva,Ica,Gloria A.,True,Perú,Ica,EEUU,,First Inspection,1102018:15:00,AIREN,7,,Pass_Pasar,300,8,204,Yes / Si,198.25,0,0,,92,86.5,692,2,14.9,14.7,,,,2,1.01,0.67,,,,2538,,,,,,,,,,,17/9/2025,Ica,Lote 7,Uvas del Sabor,Ica,110.1,86990,9107,Organica
2023-2024,18/9/2025,23:25,Formulario Registro Inspeccion Uva,Ica,Gloria A.,True,Perú,Ica,EEUU,,First Inspection,1102017:47:00,TINTORERA,5,,Pass_Pasar,204,5,350,Yes / Si,345.60,0,0,,199,197.5,987.5,2,11.8,14.7,,,,2,1.2,1.54,,,,2538,,,,,,,,,,,17/9/2025,Ica,Lote 7,Uvas del Sabor,Ica,110.1,86990,9110,Organica
2023-2024,19/9/2025,22:05,Formulario Registro Inspeccion Uva,Ica,Gloria A.,True,Perú,Ica,ASIA NORTE,,First Inspection,1102068:06:00,PINOT,10,,Pass_Pasar,200,8,143.5,Yes / Si,142.87,8,0,,45,44.5,356,2,15.6,15,,,,2,0.43,0.44,,,,2538,,,,,,,,,,,19/9/2025,Ica,Lote 34,Agricultores del Sol,Ica,249.17,87017,9103,Generica
2023-2024,19/9/2025,18:55,Formulario Registro Inspeccion Uva,Pisco,Guadalupe,True,Perú,Pisco,EEUU,,First Inspection,1102071:18:00,AIREN,11,,Pass_Pasar,100,6,359,Yes / Si,358.33,0,0,,130,126,756,6,14.6,14,14.2,15,15.1,6,0.85,0.75,0.35,0.48,0.53,2538,14.4,,0.31,,,,,,,,19/9/2025,Pisco,Lote 10,Eden del Norte,Pisco,76.26,86993,9116,Generica
2023-2024,19/9/2025,18:50,Formulario Registro Inspeccion Uva,Pisco,Guadalupe,True,Perú,Pisco,EEUU,,First Inspection,1102070:42:00,AIREN,12,,Pass_Pasar,100,6,358.5,Yes / Si,358.00,0,0,,122,113,678,6,15.7,15.9,13.8,15.1,15,6,0.47,0.8,0.8,0.54,0.93,2538,15.2,,0.69,,,,,,,,19/9/2025,Pisco,Lote 10,Eden del Norte,Pisco,76.26,86993,9116,Generica
2023-2024,19/9/2025,17:51,Formulario Registro Inspeccion Uva,Ica,Juan M.,True,Perú,Ica,ASIA CENTRO,Yes / Si,First Inspection,1102041:45:00,PINOT,9,Malasia,Pass_Pasar,390,16,147,Yes / Si,143.12,16,0,,72,68,1088,2,15.5,14.8,,,,2,0.8,0.89,,,,2538,,,,,,,,,,,18/9/2025,Ica,Lote 19,Agricultores Unidos,Ica,79.51,87002,9099,Generica
2023-2024,19/9/2025,17:50,Formulario Registro Inspeccion Uva,Ica,Juan M.,True,Perú,Pisco,EEUU,,First Inspection,1102041:13:00,AIREN,9,,Pass_Pasar,274,10,359,Yes / Si,355.60,0,0,,128,127,1270,5,15.1,14.1,15.5,14.4,14.3,5,0.4,0.48,0.22,0.74,0.23,2538,,,,,,,,,,,18/9/2025,Pisco,Lote 20,Agricultores Unidos,Pisco,344.98,87003,9116,Generica
2023-2024,19/9/2025,17:46,Formulario Registro Inspeccion Uva,Ica,Juan M.,True,Perú,Pisco,EEUU,,First Inspection,1102042:11:00,AIREN,9,,Pass_Pasar,204,10,339,Yes / Si,335.90,10,0,,167,157.5,1575,2,14.5,14.8,,,,2,0.43,0.5,,,,2538,,,,,,,,,,,18/9/2025,Pisco,Lote 20,Agricultores Unidos,Pisco,344.98,87003,9108,Generica
2023-2024,19/9/2025,17:36,Formulario Registro Inspeccion Uva,Ica,Juan M.,False,Perú,Pisco,ASIA NORTE,,First Inspection,1102043:18:00,VERDEJO,8,,Pass_Pasar,390,12,146,Yes / Si,142.91,12,0,,42,42,504,2,12.5,12.1,,,,2,0.57,0.8,,,,2538,,,,,,,,,,,18/9/2025,Pisco,Lote 20,Agricultores Unidos,Pisco,344.98,87003,9103,Generica
2023-2024,19/9/2025,7:20,Formulario Registro Inspeccion Uva,Piura,Lincoln Fernandez,False,Perú,Piura,EEUU,,First Inspection,1102025:40:00,MERLOT,14,,Pass_Pasar,100,4,354,Yes / Si,352.75,0,0,,98,102,408,5,15.5,17.6,14,17,18.2,5,0.51,0.31,0.41,0.45,0.42,2538,,,,,,,,,,,17/9/2025,Piura,Lote 39,Sociedad del Sol,Piura,71.53,87022,9116,Generica
2023-2024,19/9/2025,7:18,Formulario Registro Inspeccion Uva,Piura,Lincoln Fernandez,False,Perú,Piura,EEUU,,First Inspection,1102024:38:00,MERLOT,14,,Pass_Pasar,200,8,355,Yes / Si,352.75,0,0,,121,114,912,5,15.5,17.6,14,17,18.2,5,0.51,0.31,0.41,0.45,0.42,2538,,,,,,,,,,,17/9/2025,Piura,Lote 39,Sociedad del Sol,Piura,71.53,87022,9116,Generica
2023-2024,19/9/2025,6:58,Formulario Registro Inspeccion Uva,Piura,Lincoln Fernandez,False,Perú,Piura,EEUU,,First Inspection,1101996:05:00,MERLOT,13,,Pass_Pasar,276,5,357.6,Yes / Si,354.28,0,1,,92,91.5,457.5,5,12.9,13.8,14.2,12.8,14,5,0.49,0.33,0.32,0.4,0.34,2538,,,,,,,,,,,16/9/2025,Piura,Lote 2,Santa Bernardina Uva,Piura,66.97,86985,9116,Generica
2023-2024,19/9/2025,6:54,Formulario Registro Inspeccion Uva,Piura,Lincoln Fernandez,True,Perú,Piura,EEUU,,First Inspection,1101996:31:00,MERLOT,13,,Pass_Pasar,100,4,361.7,Yes / Si,358.62,0,0,,90,89,356,5,12.9,13.8,14.2,12.8,14,5,0.49,0.33,0.32,0.4,0.34,2538,,,,,,,,,,,16/9/2025,Piura,Lote 2,Santa Bernardina Uva,Piura,66.97,86985,9116,Generica
2023-2024,20/9/2025,8:03,Formulario Registro Inspeccion Uva,Piura,Lincoln Fernandez,True,Perú,Piura,EEUU,,First Inspection,1102047:13:00,MERLOT,11,,Pass_Pasar,30,2,363.7,Yes / Si,359.40,0,0,,161,161,322,5,18.1,18.1,16.9,17.5,15,5,0.57,0.45,0.43,0.54,0.51,2538,,,,,,,,,,,18/9/2025,Piura,Lote 1,Santa Bernardina Uva,Piura,80.51,86984,9116,Generica
2023-2024,20/9/2025,7:58,Formulario Registro Inspeccion Uva,Piura,Lincoln Fernandez,False,Perú,Piura,EEUU,,First Inspection,1102045:42:00,MERLOT,11,,Pass_Pasar,30,2,362.2,Yes / Si,360.15,0,0,,160,157,314,5,18.1,18.1,16.9,17.5,15,5,0.57,0.45,0.43,0.54,0.51,2538,,,,,,,,,,,18/9/2025,Piura,Lote 1,Santa Bernardina Uva,Piura,80.51,86984,9116,Generica
2023-2024,20/9/2025,7:34,Formulario Registro Inspeccion Uva,Piura,Lincoln Fernandez,False,Perú,Piura,ASIA NORTE,,First Inspection,1102046:55:00,MERLOT,11,,Pass_Pasar,130,5,148.3,Yes / Si,144.54,5,0,,34,33.5,167.5,2,14.3,16.5,,,,2,0.86,0.49,,,,2538,,,,,,,,,,,18/9/2025,Piura,Lote 1,Santa Bernardina Uva,Piura,80.51,86984,9103,Generica
2023-2024,20/9/2025,7:26,Formulario Registro Inspeccion Uva,Piura,Lincoln Fernandez,False,Perú,Piura,ASIA NORTE,,First Inspection,1102046:26:00,MERLOT,11,,Pass_Pasar,60,3,155.2,Yes / Si,152.33,3,0,,50,49.5,148.5,2,16,16.8,,,,2,0.37,0.71,,,,2538,,,,,,,,,,,18/9/2025,Piura,Lote 1,Santa Bernardina Uva,Piura,80.51,86984,9103,Generica
2023-2024,23/9/2025,23:16,Formulario Registro Inspeccion Uva,Piura,Lincoln Fernandez,False,Perú,Piura,EEUU,,First Inspection,1102170:29:00,AIREN,11,,Pass_Pasar,100,4,354,Yes / Si,352.25,0,0,,131,129.5,518,5,16.1,15.7,15,15.1,14.9,5,0.24,0.2,0.23,0.26,0.2,2539,,,,,,,,,,,23/9/2025,Piura,Lote 41,Campos Gloriosos,Piura,61.84,87024,9116,Generica
2023-2024,23/9/2025,23:13,Formulario Registro Inspeccion Uva,Piura,Lincoln Fernandez,False,Perú,Piura,EEUU,,First Inspection,1102148:10:00,AIREN,11,,Pass_Pasar,100,4,353,Yes / Si,352.00,0,0,,129,126.5,506,5,15.7,15,16.1,15.1,14.9,5,0.2,0.23,0.24,0.26,0.2,2539,,,,,,,,,,,22/9/2025,Piura,Lote 41,Campos Gloriosos,Piura,61.84,87024,9116,Generica
2023-2024,23/9/2025,22:54,Formulario Registro Inspeccion Uva,Piura,Lincoln Fernandez,False,Perú,Piura,EEUU,,First Inspection,1102144:53:00,VERDEJO,13,,Pass_Pasar,200,8,355,Yes / Si,353.50,0,0,,113,110,880,5,15.4,13.7,15.3,14.2,13.7,5,0.31,0.38,0.43,0.42,0.5,2539,,,,,,,,,,,22/9/2025,Piura,Lote 39,Sociedad del Sol,Piura,71.53,87022,9116,Generica
2023-2024,23/9/2025,22:25,Formulario Registro Inspeccion Uva,Piura,Lincoln Fernandez,False,Perú,Piura,ASIA CENTRO,No,First Inspection,1102145:51:00,VERDEJO,13,,Pass_Pasar,50,2,339,Yes / Si,339.00,0,0,,53,53,106,2,13.4,14.1,,,,2,0.47,0.29,,,,2539,,,,,,,,,,,22/9/2025,Piura,Lote 39,Sociedad del Sol,Piura,71.53,87022,9101,Generica
2023-2024,23/9/2025,22:18,Formulario Registro Inspeccion Uva,Piura,Lincoln Fernandez,False,Perú,Piura,EEUU,,First Inspection,1102119:59:00,AIREN,14,,Pass_Pasar,176,6,363,Yes / Si,361.66,6,0,,216,208.5,1251,2,16.9,15.9,,,,2,0.16,0.39,,,,2539,,,,,,,,,,,21/9/2025,Piura,Lote 39,Sociedad del Sol,Piura,71.53,87022,9108,Generica
2023-2024,23/9/2025,19:52,Formulario Registro Inspeccion Uva,Ica,Gloria A.,True,Perú,Ica,EUROPA,No,First Inspection,1102144:28:00,AIREN,9,,Pass_Pasar,390,12,147,Yes / Si,142.66,12,0,,96,90,1080,2,14,13.5,,,,2,0.62,1.13,,,,2539,,,,,,,,,,,22/9/2025,Ica,Lote 19,Agricultores Unidos,Ica,79.51,87002,9096,Generica
2023-2024,23/9/2025,19:51,Formulario Registro Inspeccion Uva,Ica,Gloria A.,False,Perú,Pisco,EEUU,,First Inspection,1102143:05:00,AIREN,10,,Pass_Pasar,176,4,580,Yes / Si,578.50,0,0,,210,209.5,838,5,14.9,15.4,15.3,13.7,15.6,5,0.4,0.47,0.24,0.22,0.41,2539,,,,,,,,,,,22/9/2025,Pisco,Lote 20,Agricultores Unidos,Pisco,344.98,87003,9118,Generica
2023-2024,23/9/2025,19:42,Formulario Registro Inspeccion Uva,Ica,Juan M.,True,Perú,Pisco,EEUU,,First Inspection,1102142:13:00,AIREN,10,,Pass_Pasar,276,10,391,Yes / Si,356.90,0,0,,124,122.5,1225,5,16.2,13.8,15.4,16.5,17.7,5,0.27,0.33,0.19,0.57,0.31,2539,,,,,,,,,,,22/9/2025,Pisco,Lote 20,Agricultores Unidos,Pisco,344.98,87003,9116,Generica
2023-2024,23/9/2025,19:37,Formulario Registro Inspeccion Uva,Ica,Juan M.,True,Perú,Pisco,EUROPA,No,First Inspection,1102142:43:00,AIREN,10,,Pass_Pasar,390,16,148,Yes / Si,143.62,15,0,,77,67.5,1080,2,13.6,14.4,,,,2,0.75,0.37,,,,2539,,,,,,,,,,,22/9/2025,Pisco,Lote 20,Agricultores Unidos,Pisco,344.98,87003,9092,Generica
2023-2024,23/9/2025,19:33,Formulario Registro Inspeccion Uva,Ica,Juan M.,True,Perú,Pisco,EEUU,,First Inspection,1102143:38:00,MERLOT,7,,Pass_Pasar,210,10,398,Yes / Si,339.80,10,0,,160,158.5,1585,2,17.2,16.8,,,,2,0.69,0.61,,,,2539,,,,,,,,,,,22/9/2025,Pisco,Lote 20,Agricultores Unidos,Pisco,344.98,87003,9108,Generica
2023-2024,23/9/2025,19:30,Formulario Registro Inspeccion Uva,Ica,Juan M.,False,Perú,Ica,EEUU,,First Inspection,1102139:10:00,MERLOT,11,,Pass_Pasar,276,10,364,Yes / Si,354.40,0,0,,92,88.5,885,5,16.3,16.4,15,15.1,16.2,5,0.63,0.64,0.62,0.54,0.54,2539,,,,,,,,,,,22/9/2025,Ica,Lote 24,Andenes de Andrea,Ica,151.43,87007,9116,Generica
2023-2024,23/9/2025,19:27,Formulario Registro Inspeccion Uva,Ica,Juan M.,True,Perú,Ica,ASIA NORTE,,First Inspection,1102138:43:00,MERLOT,11,,Pass_Pasar,390,16,160,Yes / Si,151.62,16,0,,55,51,816,2,12.6,11.8,,,,2,0.97,1.49,,,,2539,,,,,,,,,,,22/9/2025,Ica,Lote 24,Andenes de Andrea,Ica,151.43,87007,9102,Generica
2023-2024,23/9/2025,19:25,Formulario Registro Inspeccion Uva,Ica,Juan M.,False,Perú,Ica,EEUU,,First Inspection,1102138:09:00,MERLOT,11,,Pass_Pasar,276,10,386,Yes / Si,359.60,0,0,,85,92.5,925,5,14.9,16.2,14.2,15.5,15.1,5,0.62,0.55,0.62,0.72,0.54,2539,,,,,,,,,,,22/9/2025,Ica,Lote 24,Andenes de Andrea,Ica,151.43,87007,9116,Generica
2023-2024,23/9/2025,16:45,Formulario Registro Inspeccion Uva,Pisco,Guadalupe,False,Perú,Pisco,EEUU,,First Inspection,1102167:42:00,AIREN,12,,Pass_Pasar,228,8,359,Yes / Si,358.37,0,0,,115,112,896,6,14.8,15.5,14,14.8,15.5,6,0.28,0.51,0.35,0.67,0.28,2539,14.7,,0.34,,,,,,,,23/9/2025,Pisco,Lote 10,Eden del Norte,Pisco,76.26,86993,9116,Generica
2023-2024,23/9/2025,15:40,Formulario Registro Inspeccion Uva,Pisco,Guadalupe,True,Perú,Pisco,EEUU,,First Inspection,1102166:47:00,AIREN,12,,Pass_Pasar,228,8,359,Yes / Si,358.31,0,0,,108,108,864,6,14.5,14.8,15.3,15,16.7,6,0.63,0.48,0.32,0.34,0.2,2539,15.3,,0.27,,,,,,,,23/9/2025,Pisco,Lote 10,Eden del Norte,Pisco,76.26,86993,9116,Generica
2023-2024,24/9/2025,23:34,Formulario Registro Inspeccion Uva,Ica,Gloria A.,True,Perú,Ica,EEUU,,First Inspection,1102167:59:00,PINOT,8,,Pass_Pasar,204,5,352,Yes / Si,345.00,0,0,,145,145,725,2,15.5,14.4,,,,2,0.74,0.89,,,,2539,,,,,,,,,,,23/9/2025,Ica,Lote 7,Uvas del Sabor,Ica,110.1,86990,9110,Organica
2023-2024,24/9/2025,21:22,Formulario Registro Inspeccion Uva,Pisco,Guadalupe,False,Perú,Pisco,EUROPA,No,First Inspection,1102194:06:00,MERLOT,10,,Pass_Pasar,390,12,155,Yes / Si,143.83,10,2,,96,90,1080,2,17,16,,,,2,0.57,0.41,,,,2539,,,,,,,,,,,24/9/2025,Pisco,Lote 3,Santa Bernardina Uva,Pisco,313.27,86986,9092,Generica
2023-2024,24/9/2025,21:15,Formulario Registro Inspeccion Uva,Pisco,Guadalupe,False,Perú,Pisco,EEUU,,First Inspection,1102192:23:00,AIREN,11,,Pass_Pasar,110,4,580,Yes / Si,578.75,0,0,,191,191,764,5,15.6,16.3,17.1,15.6,,5,0.37,0.29,0.38,0.51,0.5,2539,,,,,,,,,,,24/9/2025,Pisco,Lote 3,Santa Bernardina Uva,Pisco,313.27,86986,9118,Generica
2023-2024,24/9/2025,21:14,Formulario Registro Inspeccion Uva,Ica,Juan M.,False,Perú,Ica,EUROPA,No,First Inspection,1102161:09:00,MERLOT,12,,Pass_Pasar,210,10,342,Yes / Si,337.80,7,0,,106,105.5,1055,2,15.3,13.3,,,,2,0.64,0.51,,,,2539,,,,,,,,,,,23/9/2025,Ica,Lote 38,Tierra Linda,Ica,35.08,87021,9093,Generica
2023-2024,24/9/2025,21:12,Formulario Registro Inspeccion Uva,Ica,Juan M.,True,Perú,Ica,ASIA NORTE,,First Inspection,1102191:42:00,PINOT,12,,Pass_Pasar,390,16,146,Yes / Si,142.40,16,0,,65,64,1024,2,15.3,16.8,,,,2,0.51,0.4,,,,2539,,,,,,,,,,,24/9/2025,Ica,Lote 34,Agricultores del Sol,Ica,249.17,87017,9102,Generica
2023-2024,24/9/2025,21:10,Formulario Registro Inspeccion Uva,Pisco,Guadalupe,True,Perú,Pisco,EEUU,,First Inspection,1102191:45:00,AIREN,11,,Pass_Pasar,110,4,580,Yes / Si,578.00,0,0,,188,188,752,5,15.3,16.1,16,15.8,,5,0.46,0.52,0.27,0.37,0.37,2539,,,,,,,,,,,24/9/2025,Pisco,Lote 3,Santa Bernardina Uva,Pisco,313.27,86986,9118,Generica
2023-2024,24/9/2025,15:17,Formulario Registro Inspeccion Uva,Ica,Juan M.,False,Perú,Ica,EEUU,,First Inspection,1102164:03:00,AIREN,10,,Pass_Pasar,276,10,357,Yes / Si,354.00,0,0,,140,137,1370,5,14.9,14.9,14.8,13.3,,5,0.64,0.86,0.48,0.55,0.51,2539,,,,,,,,,,,23/9/2025,Ica,Lote 26,Andenes de Andrea,Ica,84.47,87009,9116,Generica
2023-2024,24/9/2025,15:05,Formulario Registro Inspeccion Uva,Ica,Juan M.,False,Perú,Ica,EEUU,,First Inspection,1102162:45:00,AIREN,10,,Pass_Pasar,276,10,363,Yes / Si,357.20,0,0,,139,138,1380,5,12.5,13.4,12.6,13.2,,5,0.63,0.45,0.77,0.28,0.45,2539,,,,,,,,,,,23/9/2025,Ica,Lote 26,Andenes de Andrea,Ica,84.47,87009,9116,Generica
2023-2024,24/9/2025,15:02,Formulario Registro Inspeccion Uva,Ica,Juan M.,True,Perú,Ica,ASIA NORTE,,First Inspection,1102163:28:00,AIREN,10,,Pass_Pasar,390,16,155,Yes / Si,147.43,16,0,,70,67.5,1080,2,11.7,11.8,,,,2,0.66,0.77,,,,2539,,,,,,,,,,,23/9/2025,Ica,Lote 26,Andenes de Andrea,Ica,84.47,87009,9102,Generica
2023-2024,24/9/2025,14:08,Formulario Registro Inspeccion Uva,Pisco,Guadalupe,True,Perú,Pisco,EEUU,,First Inspection,1102164:19:00,AIREN,11,,Pass_Pasar,50,6,,No,,,,,130,123,738,5,16.8,17.5,16.7,17.5,,5,0.41,0.48,0.33,0.48,0.36,2539,,,,,,,,,,,23/9/2025,Pisco,Lote 5,Santa Bernardina Uva,Pisco,72.27,86988,9116,Generica
2023-2024,24/9/2025,13:58,Formulario Registro Inspeccion Uva,Pisco,Guadalupe,True,Perú,Pisco,EEUU,,First Inspection,1102163:24:00,TINTORERA,11,,Pass_Pasar,204,8,45,Yes / Si,309.25,8,0,,162,149,1192,2,12.6,14.9,,,,2,0.69,0.48,,,,2539,,,,,,,,,,,23/9/2025,Pisco,Lote 4,Santa Bernardina Uva,Pisco,47.28,86987,9108,Generica
2023-2024,25/9/2025,23:28,Formulario Registro Inspeccion Uva,Pisco,Guadalupe,False,Perú,Pisco,EUROPA,No,First Inspection,1102217:37:00,AIREN,12,,Pass_Pasar,100,6,153,Yes / Si,143.33,4,2,,84,81,486,2,14.4,14.7,,,,2,0.77,0.68,,,,2539,,,,,,,,,,,25/9/2025,Pisco,Lote 3,Santa Bernardina Uva,Pisco,313.27,86986,9092,Generica
2023-2024,25/9/2025,23:25,Formulario Registro Inspeccion Uva,Pisco,Guadalupe,True,Perú,Pisco,EEUU,,First Inspection,1102216:58:00,AIREN,12,,Pass_Pasar,110,4,584,Yes / Si,579.50,0,0,,183,178.5,714,5,13.1,15.1,14.7,16.2,,5,0.44,0.36,0.38,0.24,0.22,2539,,,,,,,,,,,25/9/2025,Pisco,Lote 3,Santa Bernardina Uva,Pisco,313.27,86986,9118,Generica
2023-2024,25/9/2025,23:22,Formulario Registro Inspeccion Uva,Pisco,Guadalupe,False,Perú,Pisco,EUROPA,No,First Inspection,1102215:58:00,MERLOT,11,,Pass_Pasar,180,12,146,Yes / Si,142.41,12,0,,95,100.5,1206,2,17,17.7,,,,2,0.29,0.38,,,,2539,,,,,,,,,,,25/9/2025,Pisco,Lote 3,Santa Bernardina Uva,Pisco,313.27,86986,9092,Generica
2023-2024,25/9/2025,23:13,Formulario Registro Inspeccion Uva,Pisco,Guadalupe,False,Perú,Pisco,ASIA CENTRO,No,First Inspection,1102188:01:00,VERDEJO,8,,Pass_Pasar,31,6,,No,,,,,49,46,276,2,12.6,12.8,,,,2,0.75,0.69,,,,2539,,,,,,,,,,,24/9/2025,Pisco,Lote 5,Santa Bernardina Uva,Pisco,72.27,86988,9099,Generica
2023-2024,25/9/2025,23:10,Formulario Registro Inspeccion Uva,Pisco,Guadalupe,False,Perú,Pisco,ASIA CENTRO,No,First Inspection,1102187:29:00,AIREN,11,,Pass_Pasar,120,7,,No,,,,,69,66,462,2,14,15.8,,,,2,0.69,0.45,,,,2539,,,,,,,,,,,24/9/2025,Pisco,Lote 5,Santa Bernardina Uva,Pisco,72.27,86988,9099,Generica
2023-2024,25/9/2025,23:09,Formulario Registro Inspeccion Uva,Piura,Lincoln Fernandez,True,Perú,Piura,EEUU,,First Inspection,1102217:50:00,AIREN,10,,Pass_Pasar,100,4,353,Yes / Si,352.50,0,0,,126,123,492,5,14.3,15.9,15.2,15.3,,5,0.22,0.23,0.17,0.15,0.18,2539,,,,,,,,,,,25/9/2025,Piura,Lote 41,Campos Gloriosos,Piura,61.84,87024,9116,Generica
2023-2024,25/9/2025,23:06,Formulario Registro Inspeccion Uva,Pisco,Guadalupe,True,Perú,Pisco,EEUU,,First Inspection,1102186:57:00,TINTORERA,11,,Pass_Pasar,75,4,,No,,,,,160,158,632,2,15.3,14,,,,2,0.37,0.44,,,,2539,,,,,,,,,,,24/9/2025,Pisco,Lote 4,Santa Bernardina Uva,Pisco,47.28,86987,9108,Generica
2023-2024,25/9/2025,22:45,Formulario Registro Inspeccion Uva,Piura,Lincoln Fernandez,True,Perú,Piura,EEUU,,First Inspection,1102218:29:00,AIREN,10,,Pass_Pasar,100,4,361,Yes / Si,359.75,4,0,,223,220,880,2,14.2,15.2,,,,2,0.21,0.19,,,,2539,,,,,,,,,,,25/9/2025,Piura,Lote 41,Campos Gloriosos,Piura,61.84,87024,9108,Generica
2023-2024,25/9/2025,22:39,Formulario Registro Inspeccion Uva,Ica,Gloria A.,True,Perú,Ica,ASIA NORTE,,First Inspection,1102211:46:00,PINOT,10,,Pass_Pasar,390,16,142,Yes / Si,141.34,16,0,,76,69.5,1112,2,18.9,16.2,,,,2,0.74,0.99,,,,2539,,,,,,,,,,,25/9/2025,Ica,Lote 34,Agricultores del Sol,Ica,249.17,87017,9102,Generica
2023-2024,25/9/2025,22:37,Formulario Registro Inspeccion Uva,Piura,Lincoln Fernandez,False,Perú,Piura,EEUU,,First Inspection,1102187:14:00,MERLOT,13,,Pass_Pasar,200,8,371,Yes / Si,355.87,0,1,,123,121.5,972,5,15.4,15.6,16.3,15.3,,5,0.34,0.44,0.34,0.46,0.5,2539,,,,,,,,,,,24/9/2025,Piura,Lote 9,Sol del Sur,Piura,27.41,86992,9116,Generica
2023-2024,25/9/2025,22:32,Formulario Registro Inspeccion Uva,Piura,Lincoln Fernandez,False,Perú,Piura,EEUU,,First Inspection,1102188:09:00,MERLOT,13,,Pass_Pasar,200,8,370,Yes / Si,359.37,0,0,,121,118,944,5,15.4,15.6,16.3,15.3,,5,0.34,0.44,0.34,0.46,0.5,2539,,,,,,,,,,,24/9/2025,Piura,Lote 9,Sol del Sur,Piura,27.41,86992,9116,Generica
2023-2024,25/9/2025,16:03,Formulario Registro Inspeccion Uva,Ica,Juan M.,True,Perú,Ica,EEUU,,First Inspection,1102190:22:00,MERLOT,13,,Pass_Pasar,279,10,365,Yes / Si,352.70,0,0,,98,97,970,5,15.5,12.7,13.8,17.1,,5,0.35,0.45,0.55,0.4,0.49,2539,,,,,,,,,,,24/9/2025,Ica,Lote 7,Uvas del Sabor,Ica,110.1,86990,9117,Organica
2023-2024,25/9/2025,12:35,Formulario Registro Inspeccion Uva,Ica,Juan M.,True,Perú,Ica,EEUU,,First Inspection,1102185:18:00,AIREN,12,,Pass_Pasar,210,10,340,Yes / Si,332.70,10,0,,168,158.5,1585,2,14.1,14.1,,,,2,0.44,0.47,,,,2539,,,,,,,,,,,24/9/2025,Ica,Lote 37,Tierra Linda,Ica,31.63,87020,9108,Generica
2023-2024,25/9/2025,12:31,Formulario Registro Inspeccion Uva,Ica,Juan M.,True,Perú,Ica,EEUU,,First Inspection,1102184:25:00,MERLOT,12,,Pass_Pasar,276,10,357,Yes / Si,353.50,0,0,,107,104,1040,5,16.7,14.9,14.9,13.5,,5,0.31,0.53,0.53,0.52,0.44,2539,,,,,,,,,,,24/9/2025,Ica,Lote 38,Tierra Linda,Ica,35.08,87021,9116,Generica
2023-2024,26/9/2025,21:01,Formulario Registro Inspeccion Uva,Pisco,Guadalupe,True,Perú,Pisco,EEUU,,First Inspection,1102239:08:00,AIREN,11,,Pass_Pasar,280,8,360,Yes / Si,358.75,0,0,,115,110,880,5,13.5,12.8,14.8,14.9,,5,0.48,0.28,0.27,0.31,0.31,2539,,,,,,,,,,,26/9/2025,Pisco,Lote 10,Eden del Norte,Pisco,76.26,86993,9116,Generica
2023-2024,26/9/2025,20:58,Formulario Registro Inspeccion Uva,Pisco,Guadalupe,True,Perú,Pisco,EEUU,,First Inspection,1102238:41:00,AIREN,11,,Pass_Pasar,280,8,359,Yes / Si,357.12,0,0,,118,114,912,5,13.8,14.2,13.6,14.4,,5,0.26,0.31,0.25,0.3,0.3,2539,,,,,,,,,,,26/9/2025,Pisco,Lote 10,Eden del Norte,Pisco,76.26,86993,9116,Generica
2023-2024,26/9/2025,0:04,Formulario Registro Inspeccion Uva,Piura,Lincoln Fernandez,False,Perú,Piura,EEUU,,First Inspection,1102192:44:00,MERLOT,13,,Pass_Pasar,200,8,354,Yes / Si,352.62,0,0,,118,111.5,892,5,16.2,15.8,15.1,15.7,,5,0.44,0.35,0.38,0.52,0.48,2539,,,,,,,,,,,24/9/2025,Piura,Lote 39,Sociedad del Sol,Piura,71.53,87022,9116,Generica
2023-2024,26/9/2025,0:01,Formulario Registro Inspeccion Uva,Piura,Lincoln Fernandez,False,Perú,Piura,EEUU,,First Inspection,1102194:56:00,MERLOT,13,,Pass_Pasar,50,2,352,Yes / Si,352.00,0,0,,96,96,192,5,16.2,15.8,15.1,15.7,,5,0.44,0.35,0.38,0.52,0.48,2539,,,,,,,,,,,24/9/2025,Piura,Lote 39,Sociedad del Sol,Piura,71.53,87022,9116,Generica
2023-2024,27/9/2025,8:52,Formulario Registro Inspeccion Uva,Piura,Lincoln Fernandez,False,Perú,Piura,EEUU,,First Inspection,1102216:55:00,AIREN,12,,Pass_Pasar,100,4,354,Yes / Si,352.75,0,0,,136,131.5,526,5,15.1,14.4,14.3,14.5,,5,0.28,0.32,0.28,0.17,0.28,2539,,,,,,,,,,,25/9/2025,Piura,Lote 39,Sociedad del Sol,Piura,71.53,87022,9116,Generica
2023-2024,27/9/2025,8:48,Formulario Registro Inspeccion Uva,Piura,Lincoln Fernandez,False,Perú,Piura,EEUU,,First Inspection,1102187:40:00,AIREN,15,,Pass_Pasar,200,7,353,Yes / Si,352.57,0,0,,127,124,868,5,15.1,14.4,14.3,14.5,,5,0.28,0.32,0.28,0.17,0.28,2539,,,,,,,,,,,24/9/2025,Piura,Lote 39,Sociedad del Sol,Piura,71.53,87022,9116,Generica
2023-2024,27/9/2025,8:24,Formulario Registro Inspeccion Uva,Piura,Lincoln Fernandez,True,Perú,Piura,EEUU,,First Inspection,1102240:26:00,AIREN,10,,Pass_Pasar,100,4,354,Yes / Si,352.75,0,0,,131,128,512,5,14.4,15.9,15.3,14.2,,5,0.24,0.13,0.15,0.43,0.24,2539,,,,,,,,,,,26/9/2025,Piura,Lote 41,Campos Gloriosos,Piura,61.84,87024,9116,Generica
2023-2024,27/9/2025,8:19,Formulario Registro Inspeccion Uva,Piura,Lincoln Fernandez,True,Perú,Piura,EEUU,,First Inspection,1102240:04:00,AIREN,10,,Pass_Pasar,100,4,354,Yes / Si,352.25,0,0,,140,135,540,5,14.4,15.9,15.3,14.2,,5,0.24,0.13,0.15,0.43,0.24,2539,,,,,,,,,,,26/9/2025,Piura,Lote 41,Campos Gloriosos,Piura,61.84,87024,9116,Generica
2023-2024,30/9/2025,21:56,Formulario Registro Inspeccion Uva,Piura,Lincoln Fernandez,False,Perú,Piura,EEUU,,First Inspection,1102336:24:00,MERLOT,12,,Pass_Pasar,200,8,360.2,Yes / Si,357.68,0,0,,99,94.5,756,5,16.1,16.6,16.2,15,17.2,5,0.44,0.39,0.38,0.5,0.42,2540,,,,,,,,,,,30/9/2025,Piura,Lote 1,Santa Bernardina Uva,Piura,80.51,86984,9116,Generica
2023-2024,30/9/2025,21:52,Formulario Registro Inspeccion Uva,Piura,Lincoln Fernandez,False,Perú,Piura,EEUU,,First Inspection,1102335:43:00,MERLOT,12,,Pass_Pasar,200,8,363.1,Yes / Si,358.17,0,0,,90,89.5,716,5,16.1,16.6,16.2,15,17.2,5,0.44,0.39,0.38,0.5,0.42,2540,,,,,,,,,,,30/9/2025,Piura,Lote 1,Santa Bernardina Uva,Piura,80.51,86984,9116,Generica
2023-2024,30/9/2025,21:30,Formulario Registro Inspeccion Uva,Piura,Lincoln Fernandez,False,Perú,Piura,EEUU,,First Inspection,1102309:50:00,AIREN,11,,Pass_Pasar,200,8,353,Yes / Si,352.62,0,0,,127,124.5,996,5,14.8,15.4,14.7,14.4,13.5,5,0.31,0.23,0.2,0.25,0.26,2540,,,,,,,,,,,29/9/2025,Piura,Lote 39,Sociedad del Sol,Piura,71.53,87022,9116,Generica
2023-2024,30/9/2025,21:21,Formulario Registro Inspeccion Uva,Piura,Lincoln Fernandez,True,Perú,Piura,EEUU,,First Inspection,1102308:54:00,AIREN,11,,Pass_Pasar,200,8,355,Yes / Si,353.12,0,0,,131,128,1024,5,14.8,15.4,14.7,14.4,13.5,5,0.31,0.23,0.2,0.25,0.26,2540,,,,,,,,,,,29/9/2025,Piura,Lote 39,Sociedad del Sol,Piura,71.53,87022,9116,Generica
2023-2024,30/9/2025,20:02,Formulario Registro Inspeccion Uva,Ica,Juan M.,True,Perú,Ica,EEUU,,First Inspection,1102305:17:00,MERLOT,12,,Pass_Pasar,276,10,360,Yes / Si,355.20,0,0,,99,97.5,975,5,14.8,15.3,14.4,13.5,14.8,5,0.53,0.37,0.58,0.36,0.5,2540,,,,,,,,,,,29/9/2025,Ica,Lote 37,Tierra Linda,Ica,31.63,87020,9116,Generica
2023-2024,30/9/2025,20:01,Formulario Registro Inspeccion Uva,Ica,Juan M.,True,Perú,Pisco,EEUU,,First Inspection,1102310:44:00,AIREN,10,,Pass_Pasar,210,10,339,Yes / Si,333.70,10,0,,202,180,1800,2,16.1,13.2,,,,2,0.72,0.36,,,,2540,,,,,,,,,,,29/9/2025,Pisco,Lote 20,Agricultores Unidos,Pisco,344.98,87003,9108,Generica
2023-2024,30/9/2025,19:59,Formulario Registro Inspeccion Uva,Ica,Juan M.,False,Perú,Pisco,EEUU,,First Inspection,1102310:08:00,AIREN,10,,Pass_Pasar,276,10,359,Yes / Si,356.80,0,0,,123,118.5,1185,5,14.6,13.5,15.8,15,14.5,5,0.7,0.4,0.5,0.49,0.44,2540,,,,,,,,,,,29/9/2025,Pisco,Lote 20,Agricultores Unidos,Pisco,344.98,87003,9116,Generica
2023-2024,30/9/2025,19:54,Formulario Registro Inspeccion Uva,Ica,Juan M.,False,Perú,Pisco,EEUU,,First Inspection,1102311:14:00,AIREN,10,,Pass_Pasar,276,10,360,Yes / Si,356.40,0,0,,128,124.5,1245,5,15,13.3,15.5,13.8,17.6,5,0.67,0.44,0.61,0.48,0.39,2540,,,,,,,,,,,29/9/2025,Pisco,Lote 20,Agricultores Unidos,Pisco,344.98,87003,9116,Generica
2023-2024,30/9/2025,18:05,Formulario Registro Inspeccion Uva,Pisco,Guadalupe,True,Perú,Pisco,EEUU,,First Inspection,1102335:15:00,AIREN,11,,Pass_Pasar,280,8,358.5,Yes / Si,357.50,0,0,,123,116.5,932,5,14.4,14,13.9,14,13.7,5,0.34,0.2,0.23,0.16,0.2,2540,,,,,,,,,,,30/9/2025,Pisco,Lote 10,Eden del Norte,Pisco,76.26,86993,9116,Generica
2023-2024,30/9/2025,18:03,Formulario Registro Inspeccion Uva,Pisco,Guadalupe,True,Perú,Pisco,EEUU,,First Inspection,1102333:53:00,AIREN,11,,Pass_Pasar,280,8,359.5,Yes / Si,358.43,0,0,,130,123.5,988,5,15.4,14.5,13,14.7,14.4,5,0.33,0.21,0.37,0.29,0.64,2540,,,,,,,,,,,30/9/2025,Pisco,Lote 10,Eden del Norte,Pisco,76.26,86993,9116,Generica
2023-2024,30/9/2025,15:59,Formulario Registro Inspeccion Uva,Ica,Gloria A.,True,Perú,Pisco,EEUU,,First Inspection,1102310:11:00,AIREN,10,,Pass_Pasar,204,8,358,Yes / Si,353.62,0,0,,138,133,1064,5,14,14.5,15.1,16.6,13.6,5,0.29,0.17,0.52,0.53,0.64,2540,,,,,,,,,,,29/9/2025,Pisco,Lote 20,Agricultores Unidos,Pisco,344.98,87003,9116,Generica
2023-2024,30/9/2025,15:58,Formulario Registro Inspeccion Uva,Ica,Gloria A.,True,Perú,Ica,EUROPA,No,First Inspection,1102310:50:00,TINTORERA,8,,Pass_Pasar,196,8,347,Yes / Si,335.75,0,0,,178,176.5,1412,2,13.4,14.6,,,,2,0.66,0.37,,,,2540,,,,,,,,,,,29/9/2025,Ica,Lote 14,Agricultores Unidos,Ica,40.26,86997,9098,Generica
2023-2024,1/10/2025,21:29,Formulario Registro Inspeccion Uva,Piura,Lincoln Fernandez,False,Perú,Piura,EEUU,,First Inspection,1102334:34:00,MERLOT,13,,Pass_Pasar,200,8,355,Yes / Si,353.12,0,0,,99,110.5,884,5,15.6,15.1,15,16.5,14.5,5,0.41,0.28,0.29,0.38,0.3,2540,,,,,,,,,,,30/9/2025,Piura,Lote 8,Sol del Sur,Piura,68.65,86991,9116,Generica
2023-2024,1/10/2025,21:16,Formulario Registro Inspeccion Uva,Piura,Lincoln Fernandez,True,Perú,Piura,EEUU,,First Inspection,1102335:39:00,MERLOT,13,,Pass_Pasar,204,8,348,Yes / Si,345.00,8,0,,168,161.5,1292,2,13.2,13.9,,,,2,0.73,0.65,,,,2540,,,,,,,,,,,30/9/2025,Piura,Lote 8,Sol del Sur,Piura,68.65,86991,9108,Generica
2023-2024,1/10/2025,19:07,Formulario Registro Inspeccion Uva,Ica,Juan M.,True,Perú,Ica,ASIA NORTE,,First Inspection,1102359:29:00,PINOT,7,,Pass_Pasar,390,12,145,Yes / Si,142.66,12,0,,45,44,528,2,16.1,13.8,,,,2,0.37,0.33,,,,2540,,,,,,,,,,,1/10/2025,Ica,Lote 34,Agricultores del Sol,Ica,249.17,87017,9103,Generica
2023-2024,1/10/2025,18:56,Formulario Registro Inspeccion Uva,Pisco,Guadalupe,False,Perú,Pisco,ASIA NORTE,,First Inspection,1103052:35:00,VERDEJO,8,,Pass_Pasar,89,12,,No,,,,,35,33,396,2,11.7,12.9,,,,2,0.58,0.5,,,,2540,,,,,,,,,,,30/10/2025,Pisco,Lote 5,Santa Bernardina Uva,Pisco,72.27,86988,9100,Generica
2023-2024,1/10/2025,18:45,Formulario Registro Inspeccion Uva,Pisco,Guadalupe,True,Perú,Pisco,ASIA CENTRO,No,First Inspection,1102332:12:00,AIREN,10,,Pass_Pasar,42,12,,No,,,,,65,58,696,2,15.5,14.9,,,,2,0.67,0.53,,,,2540,,,,,,,,,,,30/9/2025,Pisco,Lote 5,Santa Bernardina Uva,Pisco,72.27,86988,9099,Generica
2023-2024,1/10/2025,18:42,Formulario Registro Inspeccion Uva,Pisco,Guadalupe,False,Perú,Pisco,ASIA CENTRO,Yes / Si,First Inspection,1102331:21:00,TINTORERA,12,Taiwan,Pass_Pasar,390,16,145,Yes / Si,142.31,16,0,,64,63,1008,2,13.5,14.8,,,,2,0.46,0.34,,,,2540,,,,,,,,,,,30/9/2025,Pisco,Lote 4,Santa Bernardina Uva,Pisco,47.28,86987,9099,Generica
2023-2024,1/10/2025,16:15,Formulario Registro Inspeccion Uva,Ica,Juan M.,True,Perú,Ica,EEUU,,First Inspection,1102359:45:00,TINTORERA,8,,Pass_Pasar,210,10,349,Yes / Si,268.10,10,0,,175,171,1710,2,12.7,13,,,,2,0.62,0.48,,,,2540,,,,,,,,,,,1/10/2025,Ica,Lote 34,Agricultores del Sol,Ica,249.17,87017,9108,Generica
2023-2024,1/10/2025,14:33,Formulario Registro Inspeccion Uva,Ica,Juan M.,False,Perú,Ica,EEUU,,First Inspection,1102353:49:00,AIREN,10,,Pass_Pasar,276,10,358,Yes / Si,355.10,0,0,,135,128.5,1285,5,12.7,14,12.8,13.6,13.1,5,0.57,0.44,0.3,0.7,0.7,2540,,,,,,,,,,,1/10/2025,Ica,Lote 26,Andenes de Andrea,Ica,84.47,87009,9116,Generica
2023-2024,1/10/2025,14:31,Formulario Registro Inspeccion Uva,Ica,Juan M.,False,Perú,Ica,EEUU,,First Inspection,1103074:22:00,MERLOT,10,,Pass_Pasar,276,10,366,Yes / Si,356.50,0,0,,94,97,970,5,13,14.7,17.1,16.3,14.1,5,0.54,0.59,0.63,0.59,0.65,2540,,,,,,,,,,,31/10/2025,Ica,Lote 26,Andenes de Andrea,Ica,84.47,87009,9116,Generica
2023-2024,1/10/2025,14:29,Formulario Registro Inspeccion Uva,Ica,Juan M.,True,Perú,Ica,ASIA NORTE,,First Inspection,1103074:57:00,MERLOT,10,,Pass_Pasar,390,16,159,Yes / Si,148.37,16,0,,53,52,832,2,14.3,12,,,,2,1.03,0.9,,,,2540,,,,,,,,,,,31/10/2025,Ica,Lote 26,Andenes de Andrea,Ica,84.47,87009,9102,Generica
2023-2024,1/10/2025,14:28,Formulario Registro Inspeccion Uva,Ica,Juan M.,True,Perú,Ica,EEUU,,First Inspection,1103076:13:00,AIREN,10,,Pass_Pasar,274,10,359,Yes / Si,356.10,0,0,,128,128,1280,5,13.5,13.2,12.6,14.5,13.3,5,0.24,0.4,0.64,0.56,0.37,2540,,,,,,,,,,,31/10/2025,Ica,Lote 26,Andenes de Andrea,Ica,84.47,87009,9116,Generica
2023-2024,2/10/2025,23:11,Formulario Registro Inspeccion Uva,Piura,Lincoln Fernandez,False,Perú,Piura,EEUU,,First Inspection,1102384:46:00,MERLOT,12,,Pass_Pasar,200,8,359.3,Yes / Si,357.48,0,0,,94,90.5,724,5,15.6,14,15.2,14.2,15.6,5,0.5,0.5,0.35,0.48,0.33,2540,,,,,,,,,,,2/10/2025,Piura,Lote 1,Santa Bernardina Uva,Piura,80.51,86984,9116,Generica
2023-2024,2/10/2025,22:53,Formulario Registro Inspeccion Uva,Pisco,Guadalupe,True,Perú,Pisco,ASIA NORTE,,First Inspection,1102384:54:00,MERLOT,7,,Pass_Pasar,116,12,,No,,,,,54,47.5,570,2,17.2,15.6,,,,2,0.87,0.7,,,,2540,,,,,,,,,,,2/10/2025,Pisco,Lote 5,Santa Bernardina Uva,Pisco,72.27,86988,9102,Generica
2023-2024,2/10/2025,22:50,Formulario Registro Inspeccion Uva,Pisco,Guadalupe,True,Perú,Pisco,ASIA CENTRO,No,First Inspection,1102360:23:00,VERDEJO,8,,Pass_Pasar,180,12,,No,,,,,37,36.5,438,2,9.9,10.4,,,,2,0.74,0.77,,,,2540,,,,,,,,,,,1/10/2025,Pisco,Lote 5,Santa Bernardina Uva,Pisco,72.27,86988,9100,Generica
2023-2024,2/10/2025,22:46,Formulario Registro Inspeccion Uva,Piura,Lincoln Fernandez,False,Perú,Piura,EEUU,,First Inspection,1102383:39:00,MERLOT,10,,Pass_Pasar,200,8,362.7,Yes / Si,359.16,0,0,,97,94,752,5,16.1,14.2,16.3,15.6,13.8,5,0.32,0.31,0.32,0.35,0.31,2540,,,,,,,,,,,2/10/2025,Piura,Lote 1,Santa Bernardina Uva,Piura,80.51,86984,9116,Generica
2023-2024,2/10/2025,22:43,Formulario Registro Inspeccion Uva,Pisco,Guadalupe,True,Perú,Pisco,ASIA NORTE,,First Inspection,1102383:59:00,MERLOT,7,,Pass_Pasar,100,12,,No,,,,,31,30.5,366,2,13.9,14.2,,,,2,0.8,0.54,,,,2540,,,,,,,,,,,2/10/2025,Pisco,Lote 5,Santa Bernardina Uva,Pisco,72.27,86988,9103,Generica
2023-2024,2/10/2025,20:53,Formulario Registro Inspeccion Uva,Ica,Gloria A.,True,Perú,Ica,EEUU,,First Inspection,1102355:11:00,MERLOT,11,,Pass_Pasar,204,5,347,Yes / Si,344.00,0,0,,93,97.5,487.5,2,14.1,16.1,,,,2,0.39,0.38,,,,2540,,,,,,,,,,,1/10/2025,Ica,Lote 7,Uvas del Sabor,Ica,110.1,86990,9110,Organica
2023-2024,2/10/2025,20:52,Formulario Registro Inspeccion Uva,Ica,Gloria A.,True,Perú,Ica,EEUU,,First Inspection,1102330:17:00,TINTORERA,5,,Pass_Pasar,204,6,201,Yes / Si,194.66,0,0,,99,94.5,567,2,12.5,11.6,,,,2,0.83,0.46,,,,2540,,,,,,,,,,,30/9/2025,Ica,Lote 7,Uvas del Sabor,Ica,110.1,86990,9107,Organica
2023-2024,2/10/2025,19:28,Formulario Registro Inspeccion Uva,Ica,Juan M.,True,Perú,Ica,EEUU,,First Inspection,1102382:52:00,AIREN,11,,Pass_Pasar,276,10,367,Yes / Si,359.12,0,0,,116,111,1110,5,13.5,16.7,16.9,15.2,17,5,0.38,0.5,0.54,0.37,0.39,2540,,,,,,,,,,,2/10/2025,Ica,Lote 35,Agricultores del Sol,Ica,129.08,87018,9116,Generica
2023-2024,3/10/2025,21:11,Formulario Registro Inspeccion Uva,Pisco,Guadalupe,True,Perú,Pisco,EEUU,,First Inspection,1102407:21:00,AIREN,11,,Pass_Pasar,280,8,359,Yes / Si,358.12,0,0,,130,127.5,1020,5,16.5,16.1,15.4,15.5,14.4,5,0.43,0.58,0.37,0.6,0.6,2540,,,,,,,,,,,3/10/2025,Pisco,Lote 10,Eden del Norte,Pisco,76.26,86993,9116,Generica
2023-2024,3/10/2025,21:08,Formulario Registro Inspeccion Uva,Pisco,Guadalupe,True,Perú,Pisco,EEUU,,First Inspection,1102406:37:00,AIREN,11,,Pass_Pasar,280,8,359.5,Yes / Si,358.50,0,0,,131,124,992,5,14.3,14.7,14.8,15.2,14.5,5,0.58,0.39,0.33,0.37,0.39,2540,,,,,,,,,,,3/10/2025,Pisco,Lote 10,Eden del Norte,Pisco,76.26,86993,9116,Generica
2023-2024,3/10/2025,17:48,Formulario Registro Inspeccion Uva,Ica,Gloria A.,False,Perú,Ica,EUROPA,No,First Inspection,1102379:16:00,VERDEJO,7,,Pass_Pasar,390,16,149,Yes / Si,143.12,16,0,,39,38.5,616,2,13.2,15.5,,,,2,0.72,0.52,,,,2540,,,,,,,,,,,2/10/2025,Ica,Lote 14,Agricultores Unidos,Ica,40.26,86997,9092,Generica
2023-2024,3/10/2025,17:42,Formulario Registro Inspeccion Uva,Ica,Gloria A.,False,Perú,Pisco,ASIA NORTE,,First Inspection,1102379:42:00,VERDEJO,7,,Pass_Pasar,390,16,151,Yes / Si,145.43,16,0,,32,31,496,2,12,12.7,,,,2,0.53,0.47,,,,2540,,,,,,,,,,,2/10/2025,Pisco,Lote 20,Agricultores Unidos,Pisco,344.98,87003,9103,Generica
2023-2024,3/10/2025,17:22,Formulario Registro Inspeccion Uva,Ica,Juan M.,False,Perú,Pisco,ASIA CENTRO,Yes / Si,First Inspection,1102379:41:00,VERDEJO,7,Malasia,Pass_Pasar,390,16,147,Yes / Si,144.43,16,0,,41,39.5,632,2,12.7,12.4,,,,2,0.59,0.64,,,,2540,,,,,,,,,,,2/10/2025,Pisco,Lote 20,Agricultores Unidos,Pisco,344.98,87003,9099,Generica
2023-2024,3/10/2025,17:21,Formulario Registro Inspeccion Uva,Ica,Juan M.,True,Perú,Pisco,EUROPA,No,First Inspection,1102379:10:00,VERDEJO,7,,Pass_Pasar,390,16,152,Yes / Si,144.37,16,0,,45,43,688,2,11.6,12,,,,2,0.57,0.41,,,,2540,,,,,,,,,,,2/10/2025,Pisco,Lote 20,Agricultores Unidos,Pisco,344.98,87003,9092,Generica
2023-2024,3/10/2025,17:20,Formulario Registro Inspeccion Uva,Ica,Juan M.,True,Perú,Pisco,EEUU,,First Inspection,1102378:34:00,AIREN,9,,Pass_Pasar,276,10,359,Yes / Si,354.80,0,0,,127,120.5,1205,5,14.7,15.4,14.9,14.8,13.5,5,0.19,0.18,0.38,0.16,0.23,2540,,,,,,,,,,,2/10/2025,Pisco,Lote 20,Agricultores Unidos,Pisco,344.98,87003,9116,Generica
2023-2024,3/10/2025,17:19,Formulario Registro Inspeccion Uva,Ica,Juan M.,True,Perú,Pisco,EEUU,,First Inspection,1102378:08:00,AIREN,9,,Pass_Pasar,276,10,360,Yes / Si,355.90,0,0,,119,117.5,1175,5,14.1,14.7,16.4,14.2,14.9,5,0.2,0.37,0.23,0.25,0.38,2540,,,,,,,,,,,2/10/2025,Pisco,Lote 20,Agricultores Unidos,Pisco,344.98,87003,9116,Generica
2023-2024,4/10/2025,13:06,Formulario Registro Inspeccion Uva,Ica,Juan M.,True,Perú,Ica,EEUU,,First Inspection,1102402:56:00,AIREN,9,,Pass_Pasar,110,4,580,Yes / Si,578.50,0,0,,189,187.5,750,5,15.2,14.1,14.7,14.1,13.2,5,0.38,0.69,0.48,0.45,0.28,2540,,,,,,,,,,,3/10/2025,Ica,Lote 19,Agricultores Unidos,Ica,79.51,87002,9118,Generica
2023-2024,4/10/2025,13:05,Formulario Registro Inspeccion Uva,Ica,Juan M.,False,Perú,Ica,EEUU,,First Inspection,1102402:30:00,AIREN,9,,Pass_Pasar,110,4,589,Yes / Si,586.50,0,0,,199,195.5,782,5,14.7,15.9,14.5,14.2,14,5,0.57,0.5,0.36,0.46,0.56,2540,,,,,,,,,,,3/10/2025,Ica,Lote 19,Agricultores Unidos,Ica,79.51,87002,9118,Generica
2023-2024,4/10/2025,13:03,Formulario Registro Inspeccion Uva,Ica,Juan M.,True,Perú,Ica,EEUU,,First Inspection,1102401:51:00,MERLOT,8,,Pass_Pasar,110,4,585,Yes / Si,581.75,4,0,,176,175,700,2,16.4,12.4,,,,2,0.48,0.95,,,,2540,,,,,,,,,,,3/10/2025,Ica,Lote 19,Agricultores Unidos,Ica,79.51,87002,9111,Generica
2023-2024,4/10/2025,13:02,Formulario Registro Inspeccion Uva,Ica,Juan M.,True,Perú,Ica,EEUU,,First Inspection,1102401:16:00,VERDEJO,7,,Pass_Pasar,110,4,587,Yes / Si,580.25,4,0,,222,215,860,2,13.4,13.8,,,,2,0.79,0.79,,,,2540,,,,,,,,,,,3/10/2025,Ica,Lote 14,Agricultores Unidos,Ica,40.26,86997,9111,Generica
2023-2024,4/10/2025,8:17,Formulario Registro Inspeccion Uva,Piura,Lincoln Fernandez,False,Perú,Piura,EEUU,,First Inspection,1102381:55:00,AIREN,12,,Pass_Pasar,200,8,354,Yes / Si,352.87,0,0,,124,118,944,5,14.6,13.6,14.9,15.3,14.4,5,0.26,0.21,0.18,0.39,0.22,2540,,,,,,,,,,,2/10/2025,Piura,Lote 39,Sociedad del Sol,Piura,71.53,87022,9116,Generica
2023-2024,4/10/2025,7:59,Formulario Registro Inspeccion Uva,Piura,Lincoln Fernandez,False,Perú,Piura,EEUU,,First Inspection,1102382:52:00,AIREN,12,,Pass_Pasar,100,4,362,Yes / Si,361.25,4,0,,206,204.5,818,1,13.7,,,,,1,0.19,,,,,2540,,,,,,,,,,,2/10/2025,Piura,Lote 39,Sociedad del Sol,Piura,71.53,87022,9108,Generica
2023-2024,4/10/2025,7:53,Formulario Registro Inspeccion Uva,Piura,Lincoln Fernandez,False,Perú,Piura,ASIA NORTE,,First Inspection,1102384:35:00,AIREN,12,,Pass_Pasar,250,10,145,Yes / Si,143.00,10,0,,36,35.5,355,2,14.9,14.4,,,,2,0.15,0.13,,,,2540,,,,,,,,,,,2/10/2025,Piura,Lote 39,Sociedad del Sol,Piura,71.53,87022,9103,Generica
2023-2024,8/10/2025,22:32,Formulario Registro Inspeccion Uva,Pisco,Guadalupe,True,Perú,Pisco,EEUU,,Second Inspection,1102529:04:00,AIREN,9,,Pass_Pasar,80,4,589.5,Yes / Si,588.87,0,0,,204,194,776,5,16.3,15,15.1,15.7,15.2,5,0.35,0.54,0.48,0.41,0.25,2541,,,,,,,,,,,8/10/2025,Pisco,Lote 10,Eden del Norte,Pisco,76.26,86993,9118,Generica
2023-2024,8/10/2025,22:28,Formulario Registro Inspeccion Uva,Pisco,Guadalupe,False,Perú,Pisco,EEUU,,First Inspection,1102528:14:00,AIREN,9,,Pass_Pasar,80,4,589,Yes / Si,588.87,0,0,,194,194,776,5,15,16.3,15,15.1,15.7,5,0.6,0.35,0.54,0.48,0.41,2541,,,,,,,,,,,8/10/2025,Pisco,Lote 10,Eden del Norte,Pisco,76.26,86993,9118,Generica
2023-2024,8/10/2025,22:24,Formulario Registro Inspeccion Uva,Pisco,Guadalupe,True,Perú,Pisco,EEUU,,First Inspection,1102527:28:00,AIREN,9,,Pass_Pasar,80,4,589.5,Yes / Si,588.12,0,0,,198,196,784,5,14.7,14.9,15.1,13.4,15.1,5,0.46,0.64,0.46,0.42,0.45,2541,,,,,,,,,,,8/10/2025,Pisco,Lote 10,Eden del Norte,Pisco,76.26,86993,9118,Generica
2023-2024,8/10/2025,22:20,Formulario Registro Inspeccion Uva,Pisco,Guadalupe,False,Perú,Pisco,EEUU,,First Inspection,1102524:51:00,TINTORERA,9,,Pass_Pasar,50,3,,No,,,,,391,391,1173,2,13.8,14.4,,,,2,0.55,0.69,,,,2541,,,,,,,,,,,8/10/2025,Pisco,Lote 4,Santa Bernardina Uva,Pisco,47.28,86987,9111,Generica
2023-2024,8/10/2025,22:04,Formulario Registro Inspeccion Uva,Pisco,Guadalupe,False,Perú,Pisco,ASIA NORTE,,First Inspection,1102500:24:00,MERLOT,7,,Pass_Pasar,51,6,,No,,,,,68,67,402,2,12.1,14.4,,,,2,1.09,0.96,,,,2541,,,,,,,,,,,7/10/2025,Pisco,Lote 5,Santa Bernardina Uva,Pisco,72.27,86988,9102,Generica
2023-2024,8/10/2025,21:57,Formulario Registro Inspeccion Uva,Pisco,Guadalupe,False,Perú,Pisco,EEUU,,First Inspection,1102499:58:00,AIREN,11,,Pass_Pasar,53,5,,No,,,,,92,87.5,437.5,5,14.3,14,13.7,14.4,13.5,5,0.22,0.31,0.48,0.21,0.4,2541,,,,,,,,,,,7/10/2025,Pisco,Lote 4,Santa Bernardina Uva,Pisco,47.28,86987,9116,Generica
2023-2024,8/10/2025,21:45,Formulario Registro Inspeccion Uva,Piura,Lincoln Fernandez,False,Perú,Piura,EEUU,,First Inspection,1102528:46:00,MERLOT,11,,Pass_Pasar,100,4,354,Yes / Si,352.00,0,0,,93,93,372,5,13.2,12.2,15.5,14,11.7,5,0.23,0.24,0.26,0.24,0.29,2541,,,,,,,,,,,8/10/2025,Piura,Lote 41,Campos Gloriosos,Piura,61.84,87024,9116,Generica
2023-2024,8/10/2025,21:42,Formulario Registro Inspeccion Uva,Piura,Lincoln Fernandez,False,Perú,Piura,EEUU,,First Inspection,1102528:06:00,MERLOT,11,,Pass_Pasar,200,8,353,Yes / Si,352.62,0,0,,93,93,744,5,13.2,12.2,15.5,14,11.7,5,0.23,0.24,0.26,0.24,0.29,2541,,,,,,,,,,,8/10/2025,Piura,Lote 41,Campos Gloriosos,Piura,61.84,87024,9116,Generica
2023-2024,8/10/2025,21:17,Formulario Registro Inspeccion Uva,Piura,Lincoln Fernandez,False,Perú,Piura,EEUU,,First Inspection,1102503:38:00,MERLOT,10,,Pass_Pasar,150,6,354,Yes / Si,352.83,0,0,,113,112.5,675,5,15.3,17.1,16.2,14.5,16.5,5,0.47,0.33,0.33,0.41,0.28,2541,,,,,,,,,,,7/10/2025,Piura,Lote 39,Sociedad del Sol,Piura,71.53,87022,9116,Generica
2023-2024,8/10/2025,21:14,Formulario Registro Inspeccion Uva,Piura,Lincoln Fernandez,False,Perú,Piura,EEUU,,First Inspection,1102526:48:00,MERLOT,10,,Pass_Pasar,200,8,356,Yes / Si,353.12,0,0,,112,111.5,892,5,15.3,17.1,16.2,14.5,16.5,5,0.47,0.33,0.33,0.41,0.28,2541,,,,,,,,,,,8/10/2025,Piura,Lote 39,Sociedad del Sol,Piura,71.53,87022,9116,Generica
2023-2024,9/10/2025,22:23,Formulario Registro Inspeccion Uva,Ica,Gloria A.,True,Perú,Ica,EEUU,,First Inspection,1102528:08:00,TINTORERA,6,,Pass_Pasar,204,5,348,Yes / Si,342.40,0,0,,169,169,845,2,14.2,13.7,,,,2,0.56,0.5,,,,2541,,,,,,,,,,,8/10/2025,Ica,Lote 7,Uvas del Sabor,Ica,110.1,86990,9110,Organica
2023-2024,9/10/2025,22:19,Formulario Registro Inspeccion Uva,Ica,Gloria A.,True,Perú,Ica,EEUU,,First Inspection,1102527:53:00,AIREN,7,,Pass_Pasar,204,5,350,Yes / Si,348.20,0,0,,133,133,665,2,15.2,15.1,,,,2,0.93,0.72,,,,2541,,,,,,,,,,,8/10/2025,Ica,Lote 7,Uvas del Sabor,Ica,110.1,86990,9110,Organica
2023-2024,9/10/2025,22:16,Formulario Registro Inspeccion Uva,Ica,Gloria A.,True,Perú,Ica,EEUU,,First Inspection,1102551:19:00,MERLOT,10,,Pass_Pasar,204,5,360,Yes / Si,350.00,0,0,,94,93.5,467.5,5,15.7,14.9,15.3,15.3,16.1,5,0.6,0.64,0.61,0.63,0.7,2541,,,,,,,,,,,9/10/2025,Ica,Lote 7,Uvas del Sabor,Ica,110.1,86990,9117,Organica
2023-2024,9/10/2025,20:03,Formulario Registro Inspeccion Uva,Ica,Juan M.,True,Perú,Ica,EEUU,,First Inspection,1102550:51:00,AIREN,10,,Pass_Pasar,110,4,589,Yes / Si,588.50,0,0,,206,205.5,822,5,15.7,15.7,16.9,17.7,16.4,5,0.69,0.28,0.44,0.31,0.37,2541,,,,,,,,,,,9/10/2025,Ica,Lote 35,Agricultores del Sol,Ica,129.08,87018,9118,Generica
2023-2024,9/10/2025,19:55,Formulario Registro Inspeccion Uva,Ica,Juan M.,True,Perú,Ica,EEUU,,First Inspection,1102551:49:00,AIREN,10,,Pass_Pasar,110,4,589,Yes / Si,588.00,4,0,,378,329,1316,2,16.9,14.3,,,,2,0.35,0.61,,,,2541,,,,,,,,,,,9/10/2025,Ica,Lote 35,Agricultores del Sol,Ica,129.08,87018,9111,Generica
2023-2024,9/10/2025,19:53,Formulario Registro Inspeccion Uva,Ica,Juan M.,True,Perú,Ica,ASIA NORTE,,First Inspection,1102551:19:00,VERDEJO,6,,Pass_Pasar,390,16,148,Yes / Si,143.68,16,0,,69,68.5,1096,2,12.7,11.4,,,,2,0.92,0.73,,,,2541,,,,,,,,,,,9/10/2025,Ica,Lote 35,Agricultores del Sol,Ica,129.08,87018,9102,Generica
2023-2024,9/10/2025,11:29,Formulario Registro Inspeccion Uva,Ica,Juan M.,True,Perú,Ica,EEUU,,First Inspection,1102497:51:00,AIREN,10,,Pass_Pasar,276,10,366,Yes / Si,359.10,0,0,,124,122.5,1225,5,13.2,13.5,13.9,13.2,13.1,5,0.4,0.43,0.48,0.38,0.41,2541,,,,,,,,,,,7/10/2025,Ica,Lote 26,Andenes de Andrea,Ica,84.47,87009,9116,Generica
2023-2024,10/10/2025,21:41,Formulario Registro Inspeccion Uva,Piura,Lincoln Fernandez,True,Perú,Piura,EEUU,,First Inspection,1102547:44:00,MERLOT,11,,Pass_Pasar,50,2,359,Yes / Si,353.00,2,0,,117,117,234,2,13.4,13.3,,,,2,0.87,0.71,,,,2541,,,,,,,,,,,9/10/2025,Piura,Lote 8,Sol del Sur,Piura,68.65,86991,9108,Generica
2023-2024,10/10/2025,21:27,Formulario Registro Inspeccion Uva,Ica,Gloria A.,True,Perú,Ica,ASIA CENTRO,Yes / Si,First Inspection,1102546:39:00,MERLOT,8,Singapur,Pass_Pasar,390,16,152,Yes / Si,144.06,16,0,,44,44,704,2,17.2,13.6,,,,2,0.61,0.69,,,,2541,,,,,,,,,,,9/10/2025,Ica,Lote 19,Agricultores Unidos,Ica,79.51,87002,9099,Generica
2023-2024,10/10/2025,21:24,Formulario Registro Inspeccion Uva,Ica,Gloria A.,True,Perú,Ica,EUROPA,No,First Inspection,1102547:37:00,PINOT,10,,Pass_Pasar,192,8,340,Yes / Si,334.25,0,0,,172,167.5,1340,2,15.3,15.2,,,,2,0.75,0.77,,,,2541,,,,,,,,,,,9/10/2025,Ica,Lote 13,Agricultores Unidos,Ica,50.93,86996,9098,Generica
2023-2024,10/10/2025,21:17,Formulario Registro Inspeccion Uva,Ica,Gloria A.,True,Perú,Ica,ASIA CENTRO,Yes / Si,First Inspection,1102548:05:00,TINTORERA,,Singapur,Pass_Pasar,390,16,146,Yes / Si,143.12,16,0,,71,69.5,1112,2,13.4,14.3,,,,2,0.52,0.47,,,,2541,,,,,,,,,,,9/10/2025,Ica,Lote 15,Agricultores Unidos,Ica,62.09,86998,9099,Generica
2023-2024,10/10/2025,17:44,Formulario Registro Inspeccion Uva,Ica,Juan M.,False,Perú,Ica,EEUU,,First Inspection,1102546:46:00,AIREN,10,,Pass_Pasar,276,10,379,Yes / Si,359.90,0,0,,118,115,1150,5,13.5,12.3,13.3,13.4,13.2,5,0.37,0.87,0.54,0.34,0.55,2541,,,,,,,,,,,9/10/2025,Ica,Lote 26,Andenes de Andrea,Ica,84.47,87009,9116,Generica
2023-2024,10/10/2025,17:41,Formulario Registro Inspeccion Uva,Ica,Juan M.,False,Perú,Ica,EEUU,,First Inspection,1102545:25:00,AIREN,10,,Pass_Pasar,276,10,359,Yes / Si,356.30,0,0,,127,125,1250,5,14.5,12.8,14.5,13.5,13.9,5,0.12,0.62,0.55,0.66,0.42,2541,,,,,,,,,,,9/10/2025,Ica,Lote 26,Andenes de Andrea,Ica,84.47,87009,9116,Generica
2023-2024,10/10/2025,17:38,Formulario Registro Inspeccion Uva,Ica,Juan M.,True,Perú,Ica,ASIA NORTE,,First Inspection,1102553:35:00,MERLOT,10,,Pass_Pasar,390,16,153,Yes / Si,146.50,16,0,,37,36,576,2,16.2,17.3,,,,2,0.76,0.54,,,,2541,,,,,,,,,,,9/10/2025,Ica,Lote 26,Andenes de Andrea,Ica,84.47,87009,9103,Generica
2023-2024,10/10/2025,17:34,Formulario Registro Inspeccion Uva,Ica,Juan M.,True,Perú,Ica,ASIA NORTE,,First Inspection,1102546:13:00,AIREN,10,,Pass_Pasar,390,16,155,Yes / Si,147.87,16,0,,68,66,1056,2,13.4,12.5,,,,2,0.64,1.02,,,,2541,,,,,,,,,,,9/10/2025,Ica,Lote 26,Andenes de Andrea,Ica,84.47,87009,9102,Generica
2023-2024,10/10/2025,6:55,Formulario Registro Inspeccion Uva,Piura,Lincoln Fernandez,False,Perú,Piura,EEUU,,First Inspection,1102553:47:00,MERLOT,10,,Pass_Pasar,100,4,358.9,Yes / Si,356.90,0,0,,95,95,380,5,14.7,13.9,15.9,14.8,15.5,5,0.38,0.46,0.36,0.48,0.33,2541,,,,,,,,,,,9/10/2025,Piura,Lote 1,Santa Bernardina Uva,Piura,80.51,86984,9116,Generica
2023-2024,10/10/2025,6:52,Formulario Registro Inspeccion Uva,Piura,Lincoln Fernandez,False,Perú,Piura,EEUU,,First Inspection,1102552:20:00,MERLOT,10,,Pass_Pasar,200,8,364.9,Yes / Si,358.15,0,0,,101,100.5,804,5,14.7,13.9,15.9,14.8,15.5,5,0.38,0.46,0.36,0.48,0.33,2541,,,,,,,,,,,9/10/2025,Piura,Lote 1,Santa Bernardina Uva,Piura,80.51,86984,9116,Generica
2023-2024,10/10/2025,6:47,Formulario Registro Inspeccion Uva,Piura,Lincoln Fernandez,True,Perú,Piura,EEUU,,First Inspection,1102553:18:00,MERLOT,10,,Pass_Pasar,100,4,351.5,Yes / Si,345.82,4,0,,113,108.5,434,2,13.8,12.8,,,,2,0.49,0.84,,,,2541,,,,,,,,,,,9/10/2025,Piura,Lote 1,Santa Bernardina Uva,Piura,80.51,86984,9108,Generica
2023-2024,10/10/2025,6:02,Formulario Registro Inspeccion Uva,Piura,Guadalupe,True,Perú,Pisco,ASIA NORTE,,First Inspection,1102552:16:00,MERLOT,7,,Pass_Pasar,70,7,,No,,,,,43,38.5,269.5,2,13.4,14.3,,,,2,0.57,0.44,,,,2541,,,,,,,,,,,9/10/2025,Pisco,Lote 5,Santa Bernardina Uva,Pisco,72.27,86988,9103,Generica
2023-2024,10/10/2025,5:59,Formulario Registro Inspeccion Uva,Pisco,Guadalupe,False,Perú,Pisco,EEUU,,First Inspection,1102527:41:00,AIREN,12,,Pass_Pasar,276,10,338,Yes / Si,334.40,0,10,,116,111.5,1115,5,15.5,15.5,18.3,15.3,16,5,0.32,0.4,0.23,0.39,0.5,2541,,,,,,,,,,,8/10/2025,Pisco,Lote 5,Santa Bernardina Uva,Pisco,72.27,86988,9116,Generica
2023-2024,10/10/2025,5:54,Formulario Registro Inspeccion Uva,Pisco,Guadalupe,True,Perú,Pisco,EEUU,,First Inspection,1102552:44:00,AIREN,10,,Pass_Pasar,20,3,,No,,,,,318,318,954,2,15.9,15.4,,,,2,0.39,0.31,,,,2541,,,,,,,,,,,9/10/2025,Pisco,Lote 5,Santa Bernardina Uva,Pisco,72.27,86988,9111,Generica
2023-2024,11/10/2025,18:20,Formulario Registro Inspeccion Uva,Ica,Juan M.,True,Perú,Ica,EEUU,,First Inspection,1102571:28:00,MERLOT,11,,Pass_Pasar,276,10,356,Yes / Si,353.50,0,0,,98,102.5,1025,5,15.4,16,16.3,15.5,14.6,5,0.47,0.31,0.49,0.48,0.62,2541,,,,,,,,,,,10/10/2025,Ica,Lote 37,Tierra Linda,Ica,31.63,87020,9116,Generica
2023-2024,11/10/2025,18:02,Formulario Registro Inspeccion Uva,Ica,Juan M.,False,Perú,Ica,ASIA NORTE,,First Inspection,1102574:08:00,VERDEJO,7,,Pass_Pasar,390,16,182,Yes / Si,151.81,16,0,,34,33.5,536,2,11.8,10.6,,,,2,0.9,0.88,,,,2541,,,,,,,,,,,10/10/2025,Ica,Lote 26,Andenes de Andrea,Ica,84.47,87009,9103,Generica
2023-2024,11/10/2025,17:58,Formulario Registro Inspeccion Uva,Ica,Juan M.,True,Perú,Ica,ASIA NORTE,,First Inspection,1102574:53:00,VERDEJO,7,,Pass_Pasar,390,16,150.15,Yes / Si,146.57,16,0,,35,35,560,2,12.3,11.7,,,,2,0.67,0.8,,,,2541,,,,,,,,,,,10/10/2025,Ica,Lote 26,Andenes de Andrea,Ica,84.47,87009,9103,Generica
2023-2024,11/10/2025,13:05,Formulario Registro Inspeccion Uva,Ica,Juan M.,True,Perú,Pisco,ASIA CENTRO,Yes / Si,First Inspection,1102572:01:00,AIREN,8,Malasia,Pass_Pasar,390,12,150,Yes / Si,143.58,12,0,,54,53.5,642,2,15,13.3,,,,2,0.36,0.83,,,,2541,,,,,,,,,,,10/10/2025,Pisco,Lote 20,Agricultores Unidos,Pisco,344.98,87003,9099,Generica
2023-2024,11/10/2025,13:03,Formulario Registro Inspeccion Uva,Ica,Juan M.,True,Perú,Pisco,EEUU,,First Inspection,1102571:04:00,AIREN,8,,Pass_Pasar,210,10,339,Yes / Si,314.60,10,0,,130,127,1270,2,13.2,15,,,,2,0.61,0.74,,,,2541,,,,,,,,,,,10/10/2025,Pisco,Lote 20,Agricultores Unidos,Pisco,344.98,87003,9108,Generica
2023-2024,11/10/2025,13:01,Formulario Registro Inspeccion Uva,Ica,Juan M.,True,Perú,Ica,ASIA CENTRO,Yes / Si,First Inspection,1102570:21:00,VERDEJO,6,Malasia,Pass_Pasar,390,16,157,Yes / Si,145.43,16,0,,49,48,768,2,11.4,11.6,,,,2,0.61,0.62,,,,2541,,,,,,,,,,,10/10/2025,Ica,Lote 16,Agricultores Unidos,Ica,19.49,86999,9099,Generica
2023-2024,11/10/2025,12:59,Formulario Registro Inspeccion Uva,Ica,Juan M.,True,Perú,Ica,ASIA NORTE,,First Inspection,1102569:12:00,VERDEJO,6,,Pass_Pasar,390,16,153,Yes / Si,143.68,16,0,,35,35,560,2,11.2,12.9,,,,2,0.84,0.57,,,,2541,,,,,,,,,,,10/10/2025,Ica,Lote 16,Agricultores Unidos,Ica,19.49,86999,9103,Generica
2023-2024,11/10/2025,10:25,Formulario Registro Inspeccion Uva,Ica,Gloria A.,True,Perú,Ica,EEUU,,First Inspection,1102545:28:00,MERLOT,10,,Pass_Pasar,204,6,356,Yes / Si,353.66,0,0,,98,96,576,5,16.3,14.7,15.2,13,15.5,5,0.44,0.61,0.47,0.65,0.53,2541,,,,,,,,,,,9/10/2025,Ica,Lote 37,Tierra Linda,Ica,31.63,87020,9116,Generica
2023-2024,11/10/2025,9:14,Formulario Registro Inspeccion Uva,Piura,Lincoln Fernandez,False,Perú,Piura,EEUU,,First Inspection,1102576:46:00,MERLOT,11,,Pass_Pasar,100,4,358,Yes / Si,355.00,0,0,,102,102,408,5,14.2,12.9,12.6,11.5,12.5,5,0.22,0.31,0.26,0.31,0.29,2541,,,,,,,,,,,10/10/2025,Piura,Lote 41,Campos Gloriosos,Piura,61.84,87024,9116,Generica
2023-2024,11/10/2025,9:12,Formulario Registro Inspeccion Uva,Piura,Lincoln Fernandez,False,Perú,Piura,EEUU,,First Inspection,1102575:54:00,MERLOT,11,,Pass_Pasar,200,8,355,Yes / Si,353.37,0,0,,109,106.5,852,5,14.2,12.9,12.6,11.5,12.5,5,0.22,0.31,0.26,0.31,0.29,2541,,,,,,,,,,,10/10/2025,Piura,Lote 41,Campos Gloriosos,Piura,61.84,87024,9116,Generica
2023-2024,11/10/2025,8:52,Formulario Registro Inspeccion Uva,Piura,Lincoln Fernandez,False,Perú,Piura,EEUU,,First Inspection,1102551:10:00,AIREN,10,,Pass_Pasar,200,8,355,Yes / Si,352.25,0,0,,131,130.5,1044,5,13.2,15.2,14.7,14.7,15.1,5,0.31,0.28,0.35,0.37,0.38,2541,,,,,,,,,,,9/10/2025,Piura,Lote 39,Sociedad del Sol,Piura,71.53,87022,9116,Generica
2023-2024,11/10/2025,8:28,Formulario Registro Inspeccion Uva,Piura,Lincoln Fernandez,False,Perú,Piura,EEUU,,First Inspection,1102546:51:00,MERLOT,11,,Pass_Pasar,200,8,364,Yes / Si,359.00,0,0,,117,116,928,5,16.8,15,15.6,15.1,15.1,5,0.4,0.38,0.37,0.34,0.37,2541,,,,,,,,,,,9/10/2025,Piura,Lote 9,Sol del Sur,Piura,27.41,86992,9116,Generica
2023-2024,11/10/2025,8:00,Formulario Registro Inspeccion Uva,Piura,Lincoln Fernandez,True,Perú,Piura,EEUU,,First Inspection,1102553:12:00,AIREN,10,,Pass_Pasar,100,4,361,Yes / Si,360.50,4,0,,214,214,856,2,14.1,14.3,,,,2,0.31,0.4,,,,2541,,,,,,,,,,,9/10/2025,Piura,Lote 39,Sociedad del Sol,Piura,71.53,87022,9108,Generica
2023-2024,11/10/2025,7:48,Formulario Registro Inspeccion Uva,Piura,Lincoln Fernandez,True,Perú,Piura,ASIA NORTE,,First Inspection,1102546:54:00,MERLOT,11,,Pass_Pasar,150,6,146,Yes / Si,143.00,6,0,,36,35,210,2,13.8,14,,,,2,0.56,0.51,,,,2541,,,,,,,,,,,9/10/2025,Piura,Lote 9,Sol del Sur,Piura,27.41,86992,9103,Generica
2023-2024,14/10/2025,23:21,Formulario Registro Inspeccion Uva,Piura,Lincoln Fernandez,False,Perú,Piura,EEUU,,First Inspection,1102642:19:00,MERLOT,11,,Pass_Pasar,200,8,381,Yes / Si,364.75,0,0,,93,91.5,732,5,16.4,15.4,15.7,14.3,15.7,5,0.35,0.29,0.34,0.28,0.34,2542,,,,,,,,,,,13/10/2025,Piura,Lote 8,Sol del Sur,Piura,68.65,86991,9116,Generica
2023-2024,14/10/2025,23:08,Formulario Registro Inspeccion Uva,Piura,Lincoln Fernandez,True,Perú,Piura,EEUU,,First Inspection,1102642:22:00,MERLOT,11,,Pass_Pasar,50,2,343,Yes / Si,342.00,2,0,,163,162,324,2,13.4,12.7,,,,2,0.54,0.63,,,,2542,,,,,,,,,,,13/10/2025,Piura,Lote 8,Sol del Sur,Piura,68.65,86991,9108,Generica
2023-2024,14/10/2025,22:48,Formulario Registro Inspeccion Uva,Piura,Lincoln Fernandez,False,Perú,Piura,ASIA NORTE,,First Inspection,1102642:21:00,MERLOT,11,,Pass_Pasar,250,10,164,Yes / Si,149.10,10,0,,36,35.5,355,2,14.5,13.9,,,,2,0.54,0.51,,,,2542,,,,,,,,,,,13/10/2025,Piura,Lote 8,Sol del Sur,Piura,68.65,86991,9103,Generica
2023-2024,14/10/2025,22:42,Formulario Registro Inspeccion Uva,Piura,Lincoln Fernandez,False,Perú,Piura,ASIA NORTE,,First Inspection,1102642:41:00,MERLOT,11,,Pass_Pasar,17,2,338,Yes / Si,337.00,0,0,,57,56.5,113,2,14.8,13.6,,,,2,0.44,0.33,,,,2542,,,,,,,,,,,13/10/2025,Piura,Lote 8,Sol del Sur,Piura,68.65,86991,9105,Generica
2023-2024,14/10/2025,22:36,Formulario Registro Inspeccion Uva,Piura,Lincoln Fernandez,False,Perú,Piura,EEUU,,First Inspection,1102672:04:00,MERLOT,11,,Pass_Pasar,200,8,359.9,Yes / Si,353.65,0,2,,99,97,776,5,14.5,13.4,15.3,13.2,12.9,5,0.35,0.35,0.29,0.31,0.27,2542,,,,,,,,,,,14/10/2025,Piura,Lote 1,Santa Bernardina Uva,Piura,80.51,86984,9116,Generica
2023-2024,14/10/2025,22:25,Formulario Registro Inspeccion Uva,Piura,Lincoln Fernandez,False,Perú,Piura,EEUU,,First Inspection,1102672:56:00,MERLOT,14,,Pass_Pasar,100,4,369.7,Yes / Si,360.72,0,4,,110,109,436,5,12.3,13.2,13,13,13.9,5,0.29,0.38,0.35,0.29,0.31,2542,,,,,,,,,,,14/10/2025,Piura,Lote 2,Santa Bernardina Uva,Piura,66.97,86985,9116,Generica
2023-2024,14/10/2025,21:15,Formulario Registro Inspeccion Uva,Pisco,Guadalupe,False,Perú,Pisco,EEUU,,First Inspection,1102672:46:00,MERLOT,11,,Pass_Pasar,110,4,581,Yes / Si,575.25,0,0,,158,158,632,5,15.1,13.8,14,13.6,16.1,5,0.45,0.6,0.69,0.38,0.54,2542,,,,,,,,,,,14/10/2025,Pisco,Lote 3,Santa Bernardina Uva,Pisco,313.27,86986,9118,Generica
2023-2024,14/10/2025,21:12,Formulario Registro Inspeccion Uva,Ica,Juan M.,True,Perú,Ica,EUROPA,No,First Inspection,1102647:48:00,AIREN,10,,Pass_Pasar,210,10,336,Yes / Si,332.10,0,0,,118,116.5,1165,5,15.8,15.5,14.4,15.3,13.3,5,0.16,0.2,0.33,0.37,0.39,2542,,,,,,,,,,,13/10/2025,Ica,Lote 13,Agricultores Unidos,Ica,50.93,86996,9097,Generica
2023-2024,14/10/2025,21:11,Formulario Registro Inspeccion Uva,Pisco,Guadalupe,False,Perú,Pisco,EEUU,,First Inspection,1102672:01:00,MERLOT,11,,Pass_Pasar,110,4,587,Yes / Si,579.25,0,0,,189,189,756,5,13.2,13.3,14,16,15,5,0.43,0.53,0.35,0.4,0.53,2542,,,,,,,,,,,14/10/2025,Pisco,Lote 3,Santa Bernardina Uva,Pisco,313.27,86986,9118,Generica
2023-2024,14/10/2025,21:04,Formulario Registro Inspeccion Uva,Pisco,Guadalupe,True,Perú,Pisco,EEUU,,First Inspection,1102671:25:00,AIREN,11,,Pass_Pasar,110,4,582,Yes / Si,576.25,0,0,,161,159,636,5,15.2,16,15.2,15,13.8,5,0.33,0.38,0.29,0.5,0.54,2542,,,,,,,,,,,14/10/2025,Pisco,Lote 3,Santa Bernardina Uva,Pisco,313.27,86986,9118,Generica
2023-2024,14/10/2025,20:55,Formulario Registro Inspeccion Uva,Ica,Juan M.,True,Perú,Pisco,EEUU,,First Inspection,1102646:37:00,AIREN,10,,Pass_Pasar,276,10,358,Yes / Si,354.60,0,0,,113,112,1120,5,14.9,12.3,14.1,15.4,13.5,5,0.47,0.39,0.25,0.66,0.53,2542,,,,,,,,,,,13/10/2025,Pisco,Lote 20,Agricultores Unidos,Pisco,344.98,87003,9116,Generica
2023-2024,14/10/2025,20:45,Formulario Registro Inspeccion Uva,Ica,Juan M.,True,Perú,Pisco,EUROPA,No,First Inspection,1102647:20:00,AIREN,10,,Pass_Pasar,390,16,148,Yes / Si,144.62,16,0,,69,66.5,1064,2,14.4,14,,,,2,0.44,0.41,,,,2542,,,,,,,,,,,13/10/2025,Pisco,Lote 20,Agricultores Unidos,Pisco,344.98,87003,9092,Generica
2023-2024,14/10/2025,20:40,Formulario Registro Inspeccion Uva,Ica,Juan M.,True,Perú,Pisco,EEUU,,First Inspection,1102648:24:00,VERDEJO,7,,Pass_Pasar,210,10,338,Yes / Si,331.30,10,0,,87,86,860,2,11.8,12.8,,,,2,0.59,0.44,,,,2542,,,,,,,,,,,13/10/2025,Pisco,Lote 20,Agricultores Unidos,Pisco,344.98,87003,9108,Generica
2023-2024,14/10/2025,20:31,Formulario Registro Inspeccion Uva,Ica,Juan M.,True,Perú,Ica,EEUU,,First Inspection,1102641:28:00,MERLOT,10,,Pass_Pasar,210,10,334,Yes / Si,332.20,10,0,,99,96,960,2,13.8,15,,,,2,0.69,0.64,,,,2542,,,,,,,,,,,13/10/2025,Ica,Lote 38,Tierra Linda,Ica,35.08,87021,9108,Generica
2023-2024,14/10/2025,20:29,Formulario Registro Inspeccion Uva,Ica,Juan M.,True,Perú,Ica,EEUU,,First Inspection,1102640:57:00,MERLOT,10,,Pass_Pasar,276,10,357,Yes / Si,354.90,0,0,,96,95,950,5,17,13.4,14.5,14.5,15.9,5,0.69,0.52,0.43,0.4,0.4,2542,,,,,,,,,,,13/10/2025,Ica,Lote 38,Tierra Linda,Ica,35.08,87021,9116,Generica
2023-2024,15/10/2025,23:11,Formulario Registro Inspeccion Uva,Pisco,Guadalupe,False,Perú,Pisco,EEUU,,First Inspection,1102697:45:00,MERLOT,7,,Pass_Pasar,76,3,,No,,,,,230,220.5,661.5,2,13.5,11.8,,,,2,0.7,0.67,,,,2542,,,,,,,,,,,15/10/2025,Pisco,Lote 5,Santa Bernardina Uva,Pisco,72.27,86988,9111,Generica
2023-2024,15/10/2025,23:08,Formulario Registro Inspeccion Uva,Pisco,Guadalupe,True,Perú,Pisco,EEUU,,First Inspection,1102697:26:00,MERLOT,7,,Pass_Pasar,74,4,,No,,,,,98,93,372,2,13,13.8,,,,2,0.62,0.54,,,,2542,,,,,,,,,,,15/10/2025,Pisco,Lote 5,Santa Bernardina Uva,Pisco,72.27,86988,9108,Generica
2023-2024,15/10/2025,22:58,Formulario Registro Inspeccion Uva,Pisco,Guadalupe,False,Perú,Pisco,EEUU,,First Inspection,1102672:29:00,TINTORERA,9,,Pass_Pasar,107,4,,No,,,,,296,296,1184,2,14.8,12.5,,,,2,0.38,0.7,,,,2542,,,,,,,,,,,14/10/2025,Pisco,Lote 4,Santa Bernardina Uva,Pisco,47.28,86987,9111,Generica
2023-2024,15/10/2025,22:53,Formulario Registro Inspeccion Uva,Pisco,Guadalupe,True,Perú,Pisco,EEUU,,First Inspection,1102695:23:00,AIREN,9,,Pass_Pasar,85,4,589.5,Yes / Si,589.12,0,0,,164,164,656,5,13.9,12.7,12.7,14.2,13.7,5,0.35,0.39,0.32,0.42,0.28,2542,,,,,,,,,,,15/10/2025,Pisco,Lote 10,Eden del Norte,Pisco,76.26,86993,9118,Generica
2023-2024,15/10/2025,22:49,Formulario Registro Inspeccion Uva,Pisco,Guadalupe,True,Perú,Pisco,EEUU,,First Inspection,1102695:02:00,AIREN,9,,Pass_Pasar,24,3,590,Yes / Si,589.66,0,0,,170,170,510,6,14.1,14,13.2,15.4,13.1,6,0.32,0.47,0.52,0.3,0.83,2542,14.5,,0.32,,,,,,,,15/10/2025,Pisco,Lote 10,Eden del Norte,Pisco,76.26,86993,9118,Generica
2023-2024,15/10/2025,22:48,Formulario Registro Inspeccion Uva,Piura,Lincoln Fernandez,False,Perú,Piura,EEUU,,First Inspection,1102670:37:00,MERLOT,10,,Pass_Pasar,200,8,356,Yes / Si,352.87,0,1,,116,112,896,5,15.4,15.7,14.8,14.1,14.9,5,0.33,0.37,0.29,0.36,0.42,2542,,,,,,,,,,,14/10/2025,Piura,Lote 39,Sociedad del Sol,Piura,71.53,87022,9116,Generica
2023-2024,15/10/2025,22:46,Formulario Registro Inspeccion Uva,Piura,Lincoln Fernandez,False,Perú,Piura,EEUU,,First Inspection,1102672:22:00,MERLOT,10,,Pass_Pasar,100,4,355,Yes / Si,354.00,0,0,,121,118,472,5,15.4,15.7,14.8,14.1,14.9,5,0.33,0.37,0.29,0.36,0.42,2542,,,,,,,,,,,14/10/2025,Piura,Lote 39,Sociedad del Sol,Piura,71.53,87022,9116,Generica
2023-2024,15/10/2025,22:44,Formulario Registro Inspeccion Uva,Pisco,Guadalupe,True,Perú,Pisco,EEUU,,First Inspection,1102694:32:00,AIREN,9,,Pass_Pasar,24,3,589.5,Yes / Si,589.00,0,0,,173,173,519,5,14,13.1,13.9,13.9,13.9,5,0.53,0.53,0.42,0.41,0.49,2542,,,,,,,,,,,15/10/2025,Pisco,Lote 10,Eden del Norte,Pisco,76.26,86993,9118,Generica
2023-2024,15/10/2025,22:41,Formulario Registro Inspeccion Uva,Pisco,Guadalupe,False,Perú,Pisco,EEUU,,First Inspection,1102692:45:00,MERLOT,7,,Pass_Pasar,15,2,,No,,,,,211,211,422,2,12.7,12.9,,,,2,0.8,0.76,,,,2542,,,,,,,,,,,15/10/2025,Pisco,Lote 5,Santa Bernardina Uva,Pisco,72.27,86988,9111,Generica
2023-2024,15/10/2025,22:37,Formulario Registro Inspeccion Uva,Pisco,Guadalupe,False,Perú,Pisco,EEUU,,Second Inspection,1102692:31:00,TINTORERA,12,,Pass_Pasar,70,2,,No,,,,,270,270,540,2,14.4,14.9,,,,2,0.55,0.26,,,,2542,,,,,,,,,,,15/10/2025,Pisco,Lote 4,Santa Bernardina Uva,Pisco,47.28,86987,9111,Generica
2023-2024,15/10/2025,22:30,Formulario Registro Inspeccion Uva,Pisco,Guadalupe,False,Perú,Pisco,EEUU,,First Inspection,1102691:31:00,TINTORERA,12,,Pass_Pasar,70,4,,No,,,,,259,259,1036,2,15.2,14.2,,,,2,0.3,0.49,,,,2542,,,,,,,,,,,15/10/2025,Pisco,Lote 4,Santa Bernardina Uva,Pisco,47.28,86987,9111,Generica
2023-2024,15/10/2025,20:16,Formulario Registro Inspeccion Uva,Ica,Juan M.,True,Perú,Ica,ASIA NORTE,,First Inspection,1102695:18:00,PINOT,7,,Pass_Pasar,390,16,145,Yes / Si,142.15,16,0,,68,66.5,1064,2,15.4,13.2,,,,2,0.43,0.66,,,,2542,,,,,,,,,,,15/10/2025,Ica,Lote 34,Agricultores del Sol,Ica,249.17,87017,9102,Generica
2023-2024,15/10/2025,20:15,Formulario Registro Inspeccion Uva,Ica,Juan M.,True,Perú,Ica,EEUU,,First Inspection,1102670:49:00,TINTORERA,7,,Pass_Pasar,110,4,589,Yes / Si,588.37,4,0,,272,267,1068,2,13.2,13.3,,,,2,0.44,0.47,,,,2542,,,,,,,,,,,14/10/2025,Ica,Lote 34,Agricultores del Sol,Ica,249.17,87017,9111,Generica
2023-2024,15/10/2025,13:29,Formulario Registro Inspeccion Uva,Ica,Juan M.,False,Perú,Ica,EEUU,,First Inspection,1102667:04:00,MERLOT,11,,Pass_Pasar,276,10,358,Yes / Si,354.80,0,0,,92,90.5,905,5,15.9,15.2,15.9,14.1,12.6,5,0.6,0.51,0.82,0.6,0.59,2542,,,,,,,,,,,14/10/2025,Ica,Lote 24,Andenes de Andrea,Ica,151.43,87007,9116,Generica
2023-2024,15/10/2025,13:26,Formulario Registro Inspeccion Uva,Ica,Juan M.,False,Perú,Ica,EEUU,,First Inspection,1102666:11:00,MERLOT,11,,Pass_Pasar,276,10,360,Yes / Si,354.50,0,0,,84,83.5,835,5,14.9,14.1,13.6,13.9,14.9,5,0.43,0.43,0.42,0.65,0.35,2542,,,,,,,,,,,14/10/2025,Ica,Lote 24,Andenes de Andrea,Ica,151.43,87007,9116,Generica
2023-2024,15/10/2025,13:24,Formulario Registro Inspeccion Uva,Ica,Juan M.,True,Perú,Ica,ASIA NORTE,,First Inspection,1102666:44:00,MERLOT,11,,Pass_Pasar,390,12,153,Yes / Si,148.75,12,0,,54,50.5,606,2,11.5,14.4,,,,2,0.86,0.98,,,,2542,,,,,,,,,,,14/10/2025,Ica,Lote 24,Andenes de Andrea,Ica,151.43,87007,9102,Generica
2023-2024,16/10/2025,23:48,Formulario Registro Inspeccion Uva,Piura,Lincoln Fernandez,True,Perú,Piura,EEUU,,First Inspection,1102721:45:00,AIREN,12,,Pass_Pasar,200,8,361.2,Yes / Si,357.73,0,0,,117,116.5,932,5,16.4,15.7,14.4,14.3,14.8,5,0.37,0.25,0.25,0.38,0.27,2542,,,,,,,,,,,16/10/2025,Piura,Lote 1,Santa Bernardina Uva,Piura,80.51,86984,9116,Generica
2023-2024,16/10/2025,23:44,Formulario Registro Inspeccion Uva,Piura,Lincoln Fernandez,False,Perú,Piura,EEUU,,First Inspection,1102720:59:00,AIREN,12,,Pass_Pasar,200,8,366.8,Yes / Si,359.83,0,0,,121,115.5,924,5,16.4,15.7,14.4,14.3,14.8,5,0.37,0.25,0.25,0.38,0.27,2542,,,,,,,,,,,16/10/2025,Piura,Lote 1,Santa Bernardina Uva,Piura,80.51,86984,9116,Generica
2023-2024,16/10/2025,23:40,Formulario Registro Inspeccion Uva,Piura,Lincoln Fernandez,False,Perú,Piura,EEUU,,First Inspection,1102695:46:00,MERLOT,8,,Pass_Pasar,100,4,355,Yes / Si,353.75,0,0,,118,116.5,466,5,12.7,14.4,13.1,15.1,13.7,5,0.29,0.35,0.3,0.37,0.35,2542,,,,,,,,,,,15/10/2025,Piura,Lote 39,Sociedad del Sol,Piura,71.53,87022,9116,Generica
2023-2024,16/10/2025,23:36,Formulario Registro Inspeccion Uva,Piura,Lincoln Fernandez,False,Perú,Piura,EEUU,,First Inspection,1102695:16:00,MERLOT,8,,Pass_Pasar,200,8,355,Yes / Si,354.12,0,0,,110,109.5,876,5,12.7,14.4,13.1,15.1,13.7,5,0.29,0.35,0.3,0.37,0.37,2542,,,,,,,,,,,15/10/2025,Piura,Lote 39,Sociedad del Sol,Piura,71.53,87022,9116,Generica
2023-2024,16/10/2025,23:32,Formulario Registro Inspeccion Uva,Piura,Lincoln Fernandez,False,Perú,Piura,EEUU,,First Inspection,1102718:52:00,MERLOT,10,,Pass_Pasar,100,4,353,Yes / Si,352.75,0,0,,109,109,436,5,16.8,14.6,15.3,16.5,14.2,5,0.48,0.6,0.44,0.36,0.37,2542,,,,,,,,,,,16/10/2025,Piura,Lote 41,Campos Gloriosos,Piura,61.84,87024,9116,Generica
2023-2024,16/10/2025,23:28,Formulario Registro Inspeccion Uva,Piura,Lincoln Fernandez,False,Perú,Piura,EEUU,,First Inspection,1102718:16:00,MERLOT,10,,Pass_Pasar,200,8,356,Yes / Si,353.87,0,0,,108,106.5,852,5,16.8,14.6,15.3,16.5,14.2,5,0.48,0.6,0.44,0.36,0.37,2542,,,,,,,,,,,16/10/2025,Piura,Lote 41,Campos Gloriosos,Piura,61.84,87024,9116,Generica
2023-2024,16/10/2025,20:43,Formulario Registro Inspeccion Uva,Piura,Guadalupe,True,Perú,Pisco,EEUU,,First Inspection,1102720:48:00,AIREN,11,,Pass_Pasar,110,4,589,Yes / Si,582.25,0,0,,178,178,712,6,14.1,14.6,13.4,15.3,15.1,6,0.54,0.42,0.68,0.31,0.41,2542,13.5,,0.44,,,,,,,,16/10/2025,Pisco,Lote 3,Santa Bernardina Uva,Pisco,313.27,86986,9118,Generica
2023-2024,16/10/2025,20:39,Formulario Registro Inspeccion Uva,Pisco,Guadalupe,False,Perú,Pisco,EEUU,,First Inspection,1102720:18:00,MERLOT,7,,Pass_Pasar,110,4,585,Yes / Si,577.25,0,0,,166,166,664,6,15.5,13.9,13.6,12.8,15,6,0.52,0.55,0.66,0.44,0.68,2542,13.5,,0.57,,,,,,,,16/10/2025,Pisco,Lote 3,Santa Bernardina Uva,Pisco,313.27,86986,9118,Generica
2023-2024,16/10/2025,20:34,Formulario Registro Inspeccion Uva,Pisco,Guadalupe,True,Perú,Pisco,EEUU,,First Inspection,1102716:35:00,TINTORERA,11,,Pass_Pasar,90,4,,No,,,,,271,271,1084,2,15.1,15,,,,2,0.3,0.28,,,,2542,,,,,,,,,,,16/10/2025,Pisco,Lote 4,Santa Bernardina Uva,Pisco,47.28,86987,9111,Generica
2023-2024,16/10/2025,20:31,Formulario Registro Inspeccion Uva,Pisco,Guadalupe,True,Perú,Pisco,EEUU,,First Inspection,1102714:45:00,MERLOT,7,,Pass_Pasar,15,4,,No,,,,,91,88,352,2,13.6,14.2,,,,2,0.89,0.51,,,,2542,,,,,,,,,,,16/10/2025,Pisco,Lote 5,Santa Bernardina Uva,Pisco,72.27,86988,9108,Generica
2023-2024,16/10/2025,20:29,Formulario Registro Inspeccion Uva,Pisco,Guadalupe,False,Perú,Pisco,EEUU,,First Inspection,1102714:00:00,AIREN,10,,Pass_Pasar,10,4,,No,,,,,119,117,468,6,14.3,14.9,14.9,16.2,13.6,6,0.4,0.37,0.69,0.42,0.69,2542,13,,0.54,,,,,,,,16/10/2025,Pisco,Lote 5,Santa Bernardina Uva,Pisco,72.27,86988,9116,Generica
2023-2024,16/10/2025,20:13,Formulario Registro Inspeccion Uva,Ica,Juan M.,False,Perú,Ica,EEUU,,First Inspection,1102690:02:00,AIREN,11,,Pass_Pasar,276,10,361,Yes / Si,356.20,0,0,,127,125.5,1255,5,13.3,13.2,13.5,13.1,13,5,0.4,0.87,0.33,0.44,0.42,2542,,,,,,,,,,,15/10/2025,Ica,Lote 26,Andenes de Andrea,Ica,84.47,87009,9116,Generica
2023-2024,16/10/2025,20:10,Formulario Registro Inspeccion Uva,Ica,Juan M.,False,Perú,Ica,EEUU,,First Inspection,1102691:21:00,MERLOT,11,,Pass_Pasar,276,10,366,Yes / Si,357.70,0,0,,89,87,870,5,13.7,14.9,14.9,13.5,17,5,0.53,0.39,0.79,0.43,0.31,2542,,,,,,,,,,,15/10/2025,Ica,Lote 24,Andenes de Andrea,Ica,151.43,87007,9116,Generica
2023-2024,16/10/2025,20:07,Formulario Registro Inspeccion Uva,Ica,Juan M.,True,Perú,Ica,ASIA NORTE,,First Inspection,1102690:55:00,AIREN,11,,Pass_Pasar,390,16,154,Yes / Si,147.62,16,0,,71,66,1056,2,13.4,13.1,,,,2,0.88,0.42,,,,2542,,,,,,,,,,,15/10/2025,Ica,Lote 26,Andenes de Andrea,Ica,84.47,87009,9102,Generica
2023-2024,16/10/2025,17:27,Formulario Registro Inspeccion Uva,Ica,Juan M.,True,Perú,Ica,EEUU,,First Inspection,1102695:05:00,TINTORERA,7,,Pass_Pasar,210,10,346,Yes / Si,341.30,0,0,,160,158,1580,2,13,13.3,,,,2,0.96,0.71,,,,2542,,,,,,,,,,,15/10/2025,Ica,Lote 7,Uvas del Sabor,Ica,110.1,86990,9110,Organica
2023-2024,16/10/2025,17:21,Formulario Registro Inspeccion Uva,Ica,Juan M.,True,Perú,Ica,EEUU,,First Inspection,1102695:39:00,AIREN,8,,Pass_Pasar,300,12,200,Yes / Si,194.66,0,0,,80,77.5,930,2,14.4,15.6,,,,2,0.74,0.61,,,,2542,,,,,,,,,,,15/10/2025,Ica,Lote 7,Uvas del Sabor,Ica,110.1,86990,9107,Organica
2023-2024,16/10/2025,17:12,Formulario Registro Inspeccion Uva,Ica,Juan M.,True,Perú,Ica,EEUU,,First Inspection,1102670:31:00,MERLOT,11,,Pass_Pasar,276,10,358,Yes / Si,351.20,0,0,,95,92.5,925,5,12.6,16,14.1,14.2,16.1,5,0.73,0.56,0.54,0.71,0.28,2542,,,,,,,,,,,14/10/2025,Ica,Lote 7,Uvas del Sabor,Ica,110.1,86990,9117,Organica
2023-2024,17/10/2025,23:27,Formulario Registro Inspeccion Uva,Piura,Lincoln Fernandez,False,Perú,Piura,EEUU,,First Inspection,1102744:55:00,VERDEJO,11,,Pass_Pasar,200,8,354,Yes / Si,352.62,0,0,,112,111,888,5,12.8,13.4,13.7,14.5,14.7,5,0.41,0.42,0.38,0.23,0.4,2542,,,,,,,,,,,17/10/2025,Piura,Lote 41,Campos Gloriosos,Piura,61.84,87024,9116,Generica
2023-2024,17/10/2025,23:11,Formulario Registro Inspeccion Uva,Piura,Lincoln Fernandez,False,Perú,Piura,EEUU,,First Inspection,1102744:03:00,MERLOT,10,,Pass_Pasar,150,6,354,Yes / Si,352.16,0,0,,112,110.5,663,5,14,13.3,13.9,14.2,14.5,5,0.26,0.29,0.35,0.35,0.34,2542,,,,,,,,,,,17/10/2025,Piura,Lote 40,Campos Gloriosos,Piura,5.57,87023,9116,Generica
2023-2024,17/10/2025,22:50,Formulario Registro Inspeccion Uva,Piura,Lincoln Fernandez,False,Perú,Piura,EEUU,,First Inspection,1102718:37:00,AIREN,10,,Pass_Pasar,150,6,354,Yes / Si,352.66,0,0,,131,129,774,5,13.8,13.3,14.3,14.8,14.2,5,0.41,0.43,0.25,0.25,0.26,2542,,,,,,,,,,,16/10/2025,Piura,Lote 39,Sociedad del Sol,Piura,71.53,87022,9116,Generica
2023-2024,17/10/2025,22:45,Formulario Registro Inspeccion Uva,Piura,Lincoln Fernandez,False,Perú,Piura,EEUU,,First Inspection,1102718:03:00,AIREN,10,,Pass_Pasar,200,8,354,Yes / Si,352.75,0,0,,131,127.5,1020,5,13.8,13.3,14.3,14.8,14.2,5,0.41,0.43,0.25,0.25,0.26,2542,,,,,,,,,,,16/10/2025,Piura,Lote 39,Sociedad del Sol,Piura,71.53,87022,9116,Generica
2023-2024,17/10/2025,22:01,Formulario Registro Inspeccion Uva,Piura,Lincoln Fernandez,True,Perú,Piura,EEUU,,First Inspection,1102719:20:00,AIREN,10,,Pass_Pasar,150,6,363,Yes / Si,362.00,6,0,,230,220.5,1323,2,14.2,13.2,,,,2,0.25,0.35,,,,2542,,,,,,,,,,,16/10/2025,Piura,Lote 39,Sociedad del Sol,Piura,71.53,87022,9108,Generica
2023-2024,17/10/2025,15:19,Formulario Registro Inspeccion Uva,Ica,Juan M.,True,Perú,Ica,EEUU,,First Inspection,1102714:06:00,PINOT,8,,Pass_Pasar,110,4,582,Yes / Si,580.50,4,0,,328,324,1296,2,14.8,14.9,,,,2,0.9,0.83,,,,2542,,,,,,,,,,,16/10/2025,Ica,Lote 13,Agricultores Unidos,Ica,50.93,86996,9111,Generica
2023-2024,17/10/2025,15:19,Formulario Registro Inspeccion Uva,Ica,Juan M.,True,Perú,Ica,EUROPA,No,First Inspection,1102712:50:00,TINTORERA,7,,Pass_Pasar,210,10,335,Yes / Si,331.10,0,0,,196,193.5,1935,2,13,12.9,,,,2,0.63,0.51,,,,2542,,,,,,,,,,,16/10/2025,Ica,Lote 15,Agricultores Unidos,Ica,62.09,86998,9098,Generica
2023-2024,17/10/2025,15:18,Formulario Registro Inspeccion Uva,Ica,Juan M.,True,Perú,Ica,ASIA CENTRO,Yes / Si,First Inspection,1102713:27:00,PINOT,8,Singapur,Pass_Pasar,390,16,152,Yes / Si,145.25,16,0,,45,44.5,712,2,15.3,15.9,,,,2,0.62,0.66,,,,2542,,,,,,,,,,,16/10/2025,Ica,Lote 13,Agricultores Unidos,Ica,50.93,86996,9100,Generica
2023-2024,18/10/2025,17:33,Formulario Registro Inspeccion Uva,Ica,Juan M.,True,Perú,Pisco,ASIA NORTE,,First Inspection,1102738:00:00,VERDEJO,7,,Pass_Pasar,390,16,150,Yes / Si,143.50,16,0,,33,31.5,504,2,11.7,12.7,,,,2,0.88,0.71,,,,2542,,,,,,,,,,,17/10/2025,Pisco,Lote 20,Agricultores Unidos,Pisco,344.98,87003,9103,Generica
2023-2024,18/10/2025,17:31,Formulario Registro Inspeccion Uva,Ica,Juan M.,True,Perú,Pisco,EEUU,,First Inspection,1102738:30:00,VERDEJO,7,,Pass_Pasar,210,10,339,Yes / Si,332.00,10,0,,102,101,1010,2,12.8,11.3,,,,2,0.66,0.81,,,,2542,,,,,,,,,,,17/10/2025,Pisco,Lote 20,Agricultores Unidos,Pisco,344.98,87003,9108,Generica
2023-2024,18/10/2025,17:28,Formulario Registro Inspeccion Uva,Ica,Juan M.,False,Perú,Ica,ASIA CENTRO,Yes / Si,First Inspection,1102739:00:00,TINTORERA,7,Malasia,Pass_Pasar,39,16,150,Yes / Si,144.87,16,0,,72,71,1136,2,13.8,14,,,,2,0.92,0.73,,,,2542,,,,,,,,,,,17/10/2025,Ica,Lote 12,Agricultores Unidos,Ica,152.84,86995,9099,Generica
2023-2024,18/10/2025,17:26,Formulario Registro Inspeccion Uva,Ica,Juan M.,True,Perú,Pisco,EUROPA,Yes / Si,First Inspection,1102739:42:00,AIREN,10,Arabia Saudita,Pass_Pasar,390,12,149,Yes / Si,144.50,12,0,,66,65.5,786,2,15.1,14.8,,,,2,0.33,0.48,,,,2542,,,,,,,,,,,17/10/2025,Pisco,Lote 20,Agricultores Unidos,Pisco,344.98,87003,9092,Generica
2023-2024,18/10/2025,17:23,Formulario Registro Inspeccion Uva,Ica,Juan M.,True,Perú,Ica,EEUU,,First Inspection,1102737:30:00,MERLOT,10,,Pass_Pasar,276,10,367,Yes / Si,356.60,0,0,,98,96.5,965,5,16.4,15.1,14.6,15.8,13.9,5,0.51,0.58,0.56,0.85,0.36,2542,,,,,,,,,,,17/10/2025,Ica,Lote 37,Tierra Linda,Ica,31.63,87020,9116,Generica
2023-2024,18/10/2025,0:36,Formulario Registro Inspeccion Uva,Pisco,Guadalupe,True,Perú,Pisco,EEUU,,First Inspection,1102743:37:00,AIREN,9,,Pass_Pasar,85,3,583,Yes / Si,582.83,0,0,,207,207,621,6,13.7,13,14.1,14.2,12.7,6,0.38,0.51,0.66,0.67,0.36,2542,12.9,,0.67,,,,,,,,17/10/2025,Pisco,Lote 10,Eden del Norte,Pisco,76.26,86993,9118,Generica
2023-2024,18/10/2025,0:30,Formulario Registro Inspeccion Uva,Pisco,Guadalupe,True,Perú,Pisco,EEUU,,First Inspection,1102743:12:00,AIREN,9,,Pass_Pasar,85,3,584,Yes / Si,583.33,0,0,,202,202,606,6,12.4,12.8,13.4,13,13.8,6,0.72,0.47,0.38,0.48,0.27,2542,13,,0.43,,,,,,,,17/10/2025,Pisco,Lote 10,Eden del Norte,Pisco,76.26,86993,9118,Generica
2023-2024,18/10/2025,0:12,Formulario Registro Inspeccion Uva,Pisco,Guadalupe,True,Perú,Pisco,EEUU,,First Inspection,1102742:43:00,AIREN,9,,Pass_Pasar,85,3,587.5,Yes / Si,587.33,3,0,,357,357,1071,2,12.9,13,,,,2,0.3,0.49,,,,2542,,,,,,,,,,,17/10/2025,Pisco,Lote 10,Eden del Norte,Pisco,76.26,86993,9111,Generica
2023-2024,21/10/2025,21:08,Formulario Registro Inspeccion Uva,Piura,Lincoln Fernandez,False,Perú,Piura,EEUU,,First Inspection,1102816:29:00,VERDEJO,10,,Pass_Pasar,200,8,355,Yes / Si,353.25,0,0,,123,118,944,5,14.4,13.8,13.5,14.9,14.3,5,0.44,0.59,0.5,0.33,0.46,2543,,,,,,,,,,,20/10/2025,Piura,Lote 39,Sociedad del Sol,Piura,71.53,87022,9116,Generica
2023-2024,21/10/2025,21:03,Formulario Registro Inspeccion Uva,Ica,Gloria A.,True,Perú,Pisco,EUROPA,No,First Inspection,1102814:08:00,VERDEJO,7,,Pass_Pasar,196,4,573,Yes / Si,570.00,4,0,,175,171,684,2,11.9,12.4,,,,2,1.1,0.53,,,,2543,,,,,,,,,,,20/10/2025,Pisco,Lote 20,Agricultores Unidos,Pisco,344.98,87003,9095,Generica
2023-2024,21/10/2025,21:02,Formulario Registro Inspeccion Uva,Ica,Gloria A.,False,Perú,Ica,EUROPA,No,First Inspection,1102812:43:00,AIREN,10,,Pass_Pasar,196,8,335,Yes / Si,331.87,0,0,,127,123.5,988,5,13.4,15.4,13.2,13.8,13,5,0.57,0.42,0.6,0.28,0.73,2543,,,,,,,,,,,20/10/2025,Ica,Lote 17,Agricultores Unidos,Ica,54.61,87000,9097,Generica
2023-2024,21/10/2025,20:51,Formulario Registro Inspeccion Uva,Piura,Lincoln Fernandez,True,Perú,Piura,EEUU,,First Inspection,1102815:52:00,AIREN,10,,Pass_Pasar,100,4,354,Yes / Si,353.75,0,0,,131,131,524,5,14.6,13.7,15.3,14.6,12.7,5,0.22,0.27,0.32,0.28,0.23,2543,,,,,,,,,,,20/10/2025,Piura,Lote 39,Sociedad del Sol,Piura,71.53,87022,9116,Generica
2023-2024,21/10/2025,20:49,Formulario Registro Inspeccion Uva,Piura,Lincoln Fernandez,False,Perú,Piura,EEUU,,First Inspection,1102815:14:00,AIREN,10,,Pass_Pasar,200,8,356,Yes / Si,353.87,0,0,,137,133.5,1068,5,14.6,13.7,15.3,14,12.7,5,0.22,0.27,0.32,0.28,0.23,2543,,,,,,,,,,,20/10/2025,Piura,Lote 39,Sociedad del Sol,Piura,71.53,87022,9116,Generica
2023-2024,21/10/2025,20:05,Formulario Registro Inspeccion Uva,Piura,Lincoln Fernandez,False,Perú,Piura,EEUU,,First Inspection,1102838:40:00,MERLOT,11,,Pass_Pasar,200,8,355,Yes / Si,353.00,0,0,,123,116.5,932,5,13.7,13.7,13.7,12.4,13.3,5,0.39,0.36,0.38,0.34,0.44,2543,,,,,,,,,,,21/10/2025,Piura,Lote 41,Campos Gloriosos,Piura,61.84,87024,9116,Generica
2023-2024,21/10/2025,20:02,Formulario Registro Inspeccion Uva,Piura,Lincoln Fernandez,False,Perú,Piura,EEUU,,First Inspection,1102837:57:00,MERLOT,11,,Pass_Pasar,200,8,354,Yes / Si,353.00,0,0,,130,121,968,5,13.7,13.7,13.7,12.4,13.3,5,0.39,0.36,0.38,0.34,0.44,2543,,,,,,,,,,,21/10/2025,Piura,Lote 41,Campos Gloriosos,Piura,61.84,87024,9116,Generica
2023-2024,21/10/2025,19:54,Formulario Registro Inspeccion Uva,Ica,Juan M.,True,Perú,Pisco,EEUU,,First Inspection,1102814:09:00,AIREN,8,,Pass_Pasar,110,4,572,Yes / Si,571.50,3,0,,238,236.5,946,2,14.8,13.7,,,,2,0.78,0.5,,,,2543,,,,,,,,,,,20/10/2025,Pisco,Lote 20,Agricultores Unidos,Pisco,344.98,87003,9111,Generica
2023-2024,21/10/2025,19:50,Formulario Registro Inspeccion Uva,Ica,Juan M.,True,Perú,Pisco,EEUU,,First Inspection,1102814:56:00,AIREN,7,,Pass_Pasar,210,10,336,Yes / Si,332.80,10,0,,146,141,1410,2,13.9,13.9,,,,2,0.4,0.6,,,,2543,,,,,,,,,,,20/10/2025,Pisco,Lote 20,Agricultores Unidos,Pisco,344.98,87003,9108,Generica
2023-2024,21/10/2025,19:48,Formulario Registro Inspeccion Uva,Ica,Juan M.,True,Perú,Ica,EUROPA,No,First Inspection,1102815:26:00,VERDEJO,8,,Pass_Pasar,390,16,147,Yes / Si,144.06,16,0,,39,39,624,2,13.2,13.5,,,,2,0.69,0.76,,,,2543,,,,,,,,,,,20/10/2025,Ica,Lote 15,Agricultores Unidos,Ica,62.09,86998,9092,Generica
2023-2024,21/10/2025,12:46,Formulario Registro Inspeccion Uva,Ica,Juan M.,True,Perú,Ica,EEUU,,First Inspection,1102809:23:00,MERLOT,10,,Pass_Pasar,276,10,386,Yes / Si,360.40,0,0,,107,106.5,1065,5,15.7,16.1,16.8,14.6,16.2,5,0.47,0.65,0.66,0.54,0.45,2543,,,,,,,,,,,20/10/2025,Ica,Lote 26,Andenes de Andrea,Ica,84.47,87009,9116,Generica
2023-2024,21/10/2025,12:43,Formulario Registro Inspeccion Uva,Ica,Juan M.,True,Perú,Ica,ASIA NORTE,,First Inspection,1102809:57:00,MERLOT,10,,Pass_Pasar,390,12,159,Yes / Si,146.16,11,0,,69,65,780,2,13.3,13.8,,,,2,0.46,0.73,,,,2543,,,,,,,,,,,20/10/2025,Ica,Lote 26,Andenes de Andrea,Ica,84.47,87009,9102,Generica
2023-2024,22/10/2025,22:11,Formulario Registro Inspeccion Uva,Piura,Lincoln Fernandez,False,Perú,Piura,EEUU,,First Inspection,1102839:44:00,MERLOT,14,,Pass_Pasar,100,4,371,Yes / Si,363.75,0,0,,107,105,420,5,13,12.2,13.8,15.5,12.4,5,0.44,0.41,0.54,0.39,0.34,2543,,,,,,,,,,,21/10/2025,Piura,Lote 1,Santa Bernardina Uva,Piura,80.51,86984,9116,Generica
2023-2024,22/10/2025,21:54,Formulario Registro Inspeccion Uva,Piura,Lincoln Fernandez,False,Perú,Piura,EEUU,,First Inspection,1102838:53:00,MERLOT,14,,Pass_Pasar,200,8,366.8,Yes / Si,359.40,0,0,,99,104.5,836,5,12.9,13.9,13.1,12.5,14.5,5,0.27,0.38,0.4,0.31,0.41,2543,,,,,,,,,,,21/10/2025,Piura,Lote 2,Santa Bernardina Uva,Piura,66.97,86985,9119,Generica
2023-2024,22/10/2025,19:30,Formulario Registro Inspeccion Uva,Piura,Lincoln Fernandez,False,Perú,Piura,EEUU,,First Inspection,1102835:12:00,MERLOT,11,,Pass_Pasar,200,8,362,Yes / Si,355.87,0,0,,102,101,808,5,13.9,13,14.9,13.1,12.2,5,0.47,0.35,0.34,0.39,0.4,2543,,,,,,,,,,,21/10/2025,Piura,Lote 8,Sol del Sur,Piura,68.65,86991,9116,Generica
2023-2024,22/10/2025,18:50,Formulario Registro Inspeccion Uva,Piura,Lincoln Fernandez,True,Perú,Piura,EEUU,,First Inspection,1102835:49:00,MERLOT,11,,Pass_Pasar,100,4,345,Yes / Si,344.25,4,0,,118,118,472,2,12.5,12.5,,,,2,0.62,0.61,,,,2543,,,,,,,,,,,21/10/2025,Piura,Lote 8,Sol del Sur,Piura,68.65,86991,9108,Generica
2023-2024,22/10/2025,17:37,Formulario Registro Inspeccion Uva,Ica,Juan M.,True,Perú,Ica,ASIA NORTE,,First Inspection,1102864:00:00,PINOT,7,,Pass_Pasar,390,16,142.5,Yes / Si,142.09,16,0,,71,70.5,1128,2,17.5,16.4,,,,2,1.19,0.99,,,,2543,,,,,,,,,,,22/10/2025,Ica,Lote 35,Agricultores del Sol,Ica,129.08,87018,9102,Generica
2023-2024,22/10/2025,17:35,Formulario Registro Inspeccion Uva,Ica,Juan M.,True,Perú,Ica,EEUU,,First Inspection,1102864:40:00,TINTORERA,7,,Pass_Pasar,110,4,588,Yes / Si,587.25,4,0,,369,363.5,1454,2,14.4,12.7,,,,2,0.82,0.39,,,,2543,,,,,,,,,,,22/10/2025,Ica,Lote 34,Agricultores del Sol,Ica,249.17,87017,9111,Generica
2023-2024,22/10/2025,14:56,Formulario Registro Inspeccion Uva,Ica,Juan M.,True,Perú,Ica,EEUU,,First Inspection,1102833:41:00,MERLOT,11,,Pass_Pasar,276,10,359,Yes / Si,354.30,0,0,,92,98.5,985,5,14.9,14.1,15.1,15.2,15.1,5,0.61,0.46,0.49,0.52,0.44,2543,,,,,,,,,,,21/10/2025,Ica,Lote 37,Tierra Linda,Ica,31.63,87020,9116,Generica
2023-2024,22/10/2025,14:52,Formulario Registro Inspeccion Uva,Ica,Juan M.,True,Perú,Ica,EEUU,,First Inspection,1102834:19:00,MERLOT,11,,Pass_Pasar,210,10,344,Yes / Si,334.70,10,0,,130,117.5,1175,2,14.3,15.9,,,,2,0.99,0.79,,,,2543,,,,,,,,,,,21/10/2025,Ica,Lote 37,Tierra Linda,Ica,31.63,87020,9108,Generica
2023-2024,22/10/2025,1:26,Formulario Registro Inspeccion Uva,Pisco,Guadalupe,False,Perú,Pisco,EEUU,,First Inspection,1102840:40:00,AIREN,10,,Pass_Pasar,110,4,597,Yes / Si,582.75,0,0,,167,167,668,4,14.9,14.5,14.6,14.9,,4,0.29,0.45,0.31,0.38,,2543,,,,,,,,,,,21/10/2025,Pisco,Lote 3,Santa Bernardina Uva,Pisco,313.27,86986,9118,Generica
2023-2024,22/10/2025,1:17,Formulario Registro Inspeccion Uva,Pisco,Guadalupe,False,Perú,Pisco,EEUU,,First Inspection,1102840:09:00,MERLOT,8,,Pass_Pasar,110,4,582,Yes / Si,580.00,0,0,,177,177,708,6,13,12.7,18.2,15.2,14,6,0.7,0.63,0.65,0.59,0.51,2543,13,,0.58,,,,,,,,21/10/2025,Pisco,Lote 3,Santa Bernardina Uva,Pisco,313.27,86986,9118,Generica
2023-2024,22/10/2025,1:09,Formulario Registro Inspeccion Uva,Pisco,Guadalupe,False,Perú,Pisco,EEUU,,First Inspection,1102839:30:00,MERLOT,8,,Pass_Pasar,110,4,587,Yes / Si,581.25,0,0,,169,169,676,5,13.4,13.8,14.6,15.3,14.8,5,0.43,0.4,0.43,0.53,0.28,2543,,,,,,,,,,,21/10/2025,Pisco,Lote 3,Santa Bernardina Uva,Pisco,313.27,86986,9118,Generica
2023-2024,23/10/2025,23:51,Formulario Registro Inspeccion Uva,Piura,Lincoln Fernandez,False,Perú,Piura,EEUU,,First Inspection,1102889:35:00,VERDEJO,11,,Pass_Pasar,100,4,351,Yes / Si,350.25,0,0,,105,103.5,414,5,13.4,14.3,13.1,13.1,14.2,5,0.29,0.27,0.43,0.39,0.31,2543,,,,,,,,,,,23/10/2025,Piura,Lote 41,Campos Gloriosos,Piura,61.84,87024,9116,Generica
2023-2024,23/10/2025,23:47,Formulario Registro Inspeccion Uva,Piura,Lincoln Fernandez,False,Perú,Piura,EEUU,,First Inspection,1102889:34:00,VERDEJO,11,,Pass_Pasar,200,8,353,Yes / Si,351.62,0,0,,109,105.5,844,5,13.4,14.3,13.1,13.1,14.2,5,0.29,0.27,0.43,0.39,0.31,2543,,,,,,,,,,,23/10/2025,Piura,Lote 41,Campos Gloriosos,Piura,61.84,87024,9116,Generica
2023-2024,23/10/2025,23:41,Formulario Registro Inspeccion Uva,Piura,Lincoln Fernandez,False,Perú,Piura,EEUU,,First Inspection,1102864:23:00,MERLOT,9,,Pass_Pasar,200,8,357,Yes / Si,354.00,0,0,,127,125,1000,5,15.5,16.5,16.4,16.6,15.4,5,0.6,0.38,0.55,0.54,0.35,2543,,,,,,,,,,,22/10/2025,Piura,Lote 39,Sociedad del Sol,Piura,71.53,87022,9116,Generica
2023-2024,23/10/2025,23:37,Formulario Registro Inspeccion Uva,Piura,Lincoln Fernandez,False,Perú,Piura,EEUU,,First Inspection,1102863:06:00,MERLOT,9,,Pass_Pasar,200,8,356,Yes / Si,353.50,0,0,,120,118,944,5,15.5,16.5,16.4,16.6,15.4,5,0.6,0.38,0.55,0.54,0.32,2543,,,,,,,,,,,22/10/2025,Piura,Lote 39,Sociedad del Sol,Piura,71.53,87022,9116,Generica
2023-2024,23/10/2025,19:41,Formulario Registro Inspeccion Uva,Ica,Juan M.,True,Perú,Ica,EEUU,,First Inspection,1102883:58:00,AIREN,9,,Pass_Pasar,110,4,589,Yes / Si,587.00,0,0,,210,208,832,5,15.2,14.3,14,15,14.5,5,0.78,0.49,0.5,0.5,0.6,2543,,,,,,,,,,,23/10/2025,Ica,Lote 35,Agricultores del Sol,Ica,129.08,87018,9118,Generica
2023-2024,23/10/2025,19:39,Formulario Registro Inspeccion Uva,Ica,Juan M.,True,Perú,Ica,EEUU,,First Inspection,1102884:27:00,AIREN,9,,Pass_Pasar,110,4,586,Yes / Si,582.75,0,0,,201,198.5,794,5,15.7,15.5,13.1,16.5,14,5,0.62,0.55,0.77,0.44,0.35,2543,,,,,,,,,,,23/10/2025,Ica,Lote 34,Agricultores del Sol,Ica,249.17,87017,9117,Organica
2023-2024,23/10/2025,19:34,Formulario Registro Inspeccion Uva,Ica,Juan M.,True,Perú,Ica,EEUU,,First Inspection,1102857:46:00,MERLOT,10,,Pass_Pasar,276,10,360,Yes / Si,355.80,0,0,,106,103,1030,5,16.4,13.6,13.3,13.8,13.1,5,0.6,0.33,0.34,0.58,0.3,2543,,,,,,,,,,,22/10/2025,Ica,Lote 38,Tierra Linda,Ica,35.08,87021,9116,Generica
2023-2024,23/10/2025,19:25,Formulario Registro Inspeccion Uva,Ica,Juan M.,True,Perú,Ica,EEUU,,First Inspection,1102858:18:00,MERLOT,10,,Pass_Pasar,210,10,350,Yes / Si,345.70,10,0,,146,140.5,1405,2,15.3,15.7,,,,2,0.72,0.54,,,,2543,,,,,,,,,,,22/10/2025,Ica,Lote 38,Tierra Linda,Ica,35.08,87021,9108,Generica
2023-2024,23/10/2025,11:14,Formulario Registro Inspeccion Uva,Ica,Gloria A.,True,Perú,Ica,EEUU,,First Inspection,1102858:08:00,MERLOT,8,,Pass_Pasar,204,5,357,Yes / Si,349.60,0,0,,94,93.5,467.5,5,14.7,16,17.7,16.2,18,5,0.39,0.73,0.48,0.88,0.77,2543,,,,,,,,,,,22/10/2025,Ica,Lote 7,Uvas del Sabor,Ica,110.1,86990,9117,Organica
2023-2024,23/10/2025,11:11,Formulario Registro Inspeccion Uva,Ica,Gloria A.,True,Perú,Ica,EEUU,,First Inspection,1102737:43:00,TINTORERA,7,,Pass_Pasar,204,5,348,Yes / Si,345.20,0,0,,166,165.5,827.5,2,13.7,12.8,,,,2,0.59,0.48,,,,2543,,,,,,,,,,,17/10/2025,Ica,Lote 7,Uvas del Sabor,Ica,110.1,86990,9110,Organica
2023-2024,23/10/2025,0:15,Formulario Registro Inspeccion Uva,Pisco,Guadalupe,False,Perú,Pisco,EEUU,,First Inspection,1102863:10:00,AIREN,10,,Pass_Pasar,20,5,,No,,,,,104,104,520,7,16,15.1,14.2,13.1,14,7,0.41,0.35,0.51,1.05,0.46,2543,14.4,14,0.84,0.53,,,,,,,22/10/2025,Pisco,Lote 5,Santa Bernardina Uva,Pisco,72.27,86988,9116,Generica
2023-2024,23/10/2025,0:10,Formulario Registro Inspeccion Uva,Pisco,Guadalupe,True,Perú,Pisco,EEUU,,First Inspection,1102863:07:00,AIREN,10,,Pass_Pasar,50,5,,No,,,,,116,108.5,542.5,5,14.8,15,14.8,14.3,14,5,0.5,0.4,0.35,0.39,0.35,2543,,,,,,,,,,,22/10/2025,Pisco,Lote 5,Santa Bernardina Uva,Pisco,72.27,86988,9116,Generica
2023-2024,23/10/2025,0:03,Formulario Registro Inspeccion Uva,Pisco,Guadalupe,True,Perú,Pisco,EEUU,,First Inspection,1102861:34:00,AIREN,9,,Pass_Pasar,85,4,584,Yes / Si,583.37,0,0,,189,189,756,6,14,14,13.3,13.2,13.8,6,0.38,0.41,0.6,0.43,0.51,2543,13.9,,0.61,,,,,,,,22/10/2025,Pisco,Lote 10,Eden del Norte,Pisco,76.26,86993,9118,Generica
2023-2024,24/10/2025,23:48,Formulario Registro Inspeccion Uva,Pisco,Guadalupe,False,Perú,Pisco,EEUU,,First Inspection,1102912:36:00,TINTORERA,8,,Pass_Pasar,54,4,,No,,,,,306,271,1084,2,12.9,13,,,,2,0.54,0.64,,,,2543,,,,,,,,,,,24/10/2025,Pisco,Lote 4,Santa Bernardina Uva,Pisco,47.28,86987,9108,Generica
2023-2024,24/10/2025,23:15,Formulario Registro Inspeccion Uva,Piura,Lincoln Fernandez,False,Perú,Piura,EEUU,,First Inspection,1102913:06:00,MERLOT,11,,Pass_Pasar,200,8,363.8,Yes / Si,360.38,0,0,,96,103.5,828,5,12.9,13.7,14.5,14.3,14.4,5,0.44,0.43,0.45,0.43,0.41,2543,,,,,,,,,,,24/10/2025,Piura,Lote 1,Santa Bernardina Uva,Piura,80.51,86984,9119,Generica
2023-2024,24/10/2025,23:10,Formulario Registro Inspeccion Uva,Piura,Lincoln Fernandez,True,Perú,Piura,EEUU,,First Inspection,1102912:24:00,MERLOT,11,,Pass_Pasar,200,8,370.9,Yes / Si,363.16,0,0,,90,88.5,708,5,12.9,13.9,14.9,13.6,14.7,5,0.53,0.44,0.34,0.34,0.43,2543,,,,,,,,,,,24/10/2025,Piura,Lote 1,Santa Bernardina Uva,Piura,80.51,86984,9116,Generica
2023-2024,24/10/2025,23:01,Formulario Registro Inspeccion Uva,Piura,Lincoln Fernandez,False,Perú,Piura,EEUU,,First Inspection,1102911:16:00,MERLOT,11,,Pass_Pasar,200,8,367.3,Yes / Si,362.51,0,0,,94,94,752,5,12.9,13.9,14.9,13.6,14.7,5,0.53,0.44,0.34,0.34,0.43,2543,,,,,,,,,,,24/10/2025,Piura,Lote 1,Santa Bernardina Uva,Piura,80.51,86984,9116,Generica
2023-2024,24/10/2025,18:14,Formulario Registro Inspeccion Uva,Ica,Gloria A.,False,Perú,Ica,ASIA NORTE,,First Inspection,1102883:36:00,VERDEJO,7,,Pass_Pasar,390,8,152,Yes / Si,144.62,8,0,,33,32.5,260,2,11.3,11.8,,,,2,0.67,0.65,,,,2543,,,,,,,,,,,23/10/2025,Ica,Lote 15,Agricultores Unidos,Ica,62.09,86998,9103,Generica
2023-2024,24/10/2025,18:11,Formulario Registro Inspeccion Uva,Ica,Gloria A.,True,Perú,Ica,EUROPA,No,First Inspection,1102884:05:00,AIREN,10,,Pass_Pasar,100,5,344,Yes / Si,340.00,5,0,,150,147.5,737.5,2,12.3,13.2,,,,2,0.57,0.59,,,,2543,,,,,,,,,,,23/10/2025,Ica,Lote 38,Tierra Linda,Ica,35.08,87021,9093,Generica
2023-2024,24/10/2025,17:26,Formulario Registro Inspeccion Uva,Ica,Juan M.,True,Perú,Ica,EEUU,,First Inspection,1102882:01:00,PINOT,7,,Pass_Pasar,210,10,336,Yes / Si,333.60,10,0,,166,162,1620,2,14.9,15.3,,,,2,0.66,0.68,,,,2543,,,,,,,,,,,23/10/2025,Ica,Lote 13,Agricultores Unidos,Ica,50.93,86996,9108,Generica
2023-2024,24/10/2025,17:23,Formulario Registro Inspeccion Uva,Ica,Juan M.,True,Perú,Ica,EEUU,,First Inspection,1102882:28:00,PINOT,7,,Pass_Pasar,110,4,581,Yes / Si,580.25,4,0,,256,252,1008,2,16.2,16.7,,,,2,0.63,0.73,,,,2543,,,,,,,,,,,23/10/2025,Ica,Lote 13,Agricultores Unidos,Ica,50.93,86996,9111,Generica
2023-2024,24/10/2025,17:20,Formulario Registro Inspeccion Uva,Ica,Juan M.,True,Perú,Ica,EUROPA,No,First Inspection,1102882:53:00,AIREN,8,,Pass_Pasar,210,10,333,Yes / Si,329.70,0,0,,109,109,1090,5,13.5,13.2,13.6,13.4,13.1,5,0.58,0.58,0.35,0.42,0.4,2543,,,,,,,,,,,23/10/2025,Ica,Lote 19,Agricultores Unidos,Ica,79.51,87002,9097,Generica
2023-2024,24/10/2025,17:17,Formulario Registro Inspeccion Uva,Ica,Juan M.,True,Perú,Ica,EEUU,,First Inspection,1102881:29:00,MERLOT,12,,Pass_Pasar,276,10,358,Yes / Si,353.60,0,0,,98,95,950,5,15.9,14.8,16.3,15.9,15.7,5,0.41,0.59,0.36,0.53,0.43,2543,,,,,,,,,,,23/10/2025,Ica,Lote 38,Tierra Linda,Ica,35.08,87021,9116,Generica
2023-2024,25/10/2025,15:10,Formulario Registro Inspeccion Uva,Ica,Juan M.,True,Perú,Ica,ASIA NORTE,,First Inspection,1102906:47:00,VERDEJO,7,,Pass_Pasar,390,16,146,Yes / Si,143.68,16,0,,43,40.5,648,2,13,12.3,,,,2,0.74,0.79,,,,2543,,,,,,,,,,,24/10/2025,Ica,Lote 15,Agricultores Unidos,Ica,62.09,86998,9103,Generica
2023-2024,25/10/2025,15:08,Formulario Registro Inspeccion Uva,Ica,Juan M.,True,Perú,Pisco,EUROPA,No,First Inspection,1102905:46:00,AIREN,8,,Pass_Pasar,210,5,331,Yes / Si,329.40,0,0,,146,144.5,722.5,2,14.1,13.4,,,,2,0.34,0.21,,,,2543,,,,,,,,,,,24/10/2025,Pisco,Lote 20,Agricultores Unidos,Pisco,344.98,87003,9098,Generica
2023-2024,25/10/2025,15:04,Formulario Registro Inspeccion Uva,Ica,Juan M.,True,Perú,Ica,ASIA CENTRO,Yes / Si,First Inspection,1102906:09:00,PINOT,7,Malasia,Pass_Pasar,390,16,148,Yes / Si,144.75,16,0,,48,47.5,760,2,16.4,18,,,,2,0.63,0.64,,,,2543,,,,,,,,,,,24/10/2025,Ica,Lote 12,Agricultores Unidos,Ica,152.84,86995,9099,Generica
2023-2024,25/10/2025,0:26,Formulario Registro Inspeccion Uva,Pisco,Guadalupe,False,Perú,Pisco,EEUU,,First Inspection,1102914:09:00,AIREN,9,,Pass_Pasar,100,5,359.5,Yes / Si,358.30,0,0,,120,115,575,7,14.9,13.6,13.8,12.6,13.4,7,0.43,0.64,0.66,0.33,0.45,2543,13.5,13.6,0.5,0.3,,,,,,,24/10/2025,Pisco,Lote 10,Eden del Norte,Pisco,76.26,86993,9116,Generica
2023-2024,25/10/2025,0:20,Formulario Registro Inspeccion Uva,Pisco,Guadalupe,True,Perú,Pisco,EEUU,,First Inspection,1102913:32:00,AIREN,9,,Pass_Pasar,228,8,359,Yes / Si,357.93,0,0,,121,115.5,924,5,13.6,13.9,14,14.5,14.2,5,0.22,0.28,0.27,0.2,0.24,2543,,,,,,,,,,,24/10/2025,Pisco,Lote 10,Eden del Norte,Pisco,76.26,86993,9116,Generica
2023-2024,25/10/2025,0:16,Formulario Registro Inspeccion Uva,Pisco,Guadalupe,True,Perú,Pisco,EEUU,,First Inspection,1102911:32:00,MERLOT,7,,Pass_Pasar,19,4,,No,,,,,96,91,364,6,13.2,14.1,13.9,14.5,12.4,6,0.57,0.67,0.52,0.49,0.64,2543,14.5,,0.39,,,,,,,,24/10/2025,Pisco,Lote 5,Santa Bernardina Uva,Pisco,72.27,86988,9116,Generica
2023-2024,25/10/2025,0:09,Formulario Registro Inspeccion Uva,Pisco,Guadalupe,True,Perú,Pisco,EEUU,,First Inspection,1102911:09:00,PINOT,8,,Pass_Pasar,7,1,,No,,,,,301,301,301,2,14.9,14,,,,2,0.6,0.69,,,,2543,,,,,,,,,,,24/10/2025,Pisco,Lote 4,Santa Bernardina Uva,Pisco,47.28,86987,9111,Generica
2023-2024,28/10/2025,23:04,Formulario Registro Inspeccion Uva,Piura,Lincoln Fernandez,False,Perú,Piura,EEUU,,First Inspection,1103010:22:00,MERLOT,11,,Pass_Pasar,100,4,351,Yes / Si,350.25,0,0,,120,113.5,454,5,12.6,12.1,12.6,12.3,13.2,5,0.33,0.27,0.3,0.28,0.33,2544,,,,,,,,,,,28/10/2025,Piura,Lote 41,Campos Gloriosos,Piura,61.84,87024,9119,Generica
2023-2024,28/10/2025,22:58,Formulario Registro Inspeccion Uva,Piura,Lincoln Fernandez,False,Perú,Piura,EEUU,,First Inspection,1103009:15:00,MERLOT,11,,Pass_Pasar,200,8,354,Yes / Si,351.62,0,0,,130,129,1032,5,12.6,12.1,12.6,12.3,13.2,5,0.33,0.27,0.3,0.28,0.33,2544,,,,,,,,,,,28/10/2025,Piura,Lote 41,Campos Gloriosos,Piura,61.84,87024,9119,Generica
2023-2024,28/10/2025,22:47,Formulario Registro Inspeccion Uva,Piura,Lincoln Fernandez,True,Perú,Piura,EEUU,,First Inspection,1102984:33:00,AIREN,9,,Pass_Pasar,50,2,364,Yes / Si,363.00,2,0,,207,207,414,2,15.2,15.5,,,,2,0.26,0.33,,,,2544,,,,,,,,,,,27/10/2025,Piura,Lote 39,Sociedad del Sol,Piura,71.53,87022,9108,Generica
2023-2024,28/10/2025,22:44,Formulario Registro Inspeccion Uva,Piura,Lincoln Fernandez,True,Perú,Piura,EEUU,,First Inspection,1102983:43:00,AIREN,9,,Pass_Pasar,100,4,367,Yes / Si,363.25,4,0,,246,239,956,2,15.2,15.5,,,,2,0.26,0.33,,,,2544,,,,,,,,,,,27/10/2025,Piura,Lote 39,Sociedad del Sol,Piura,71.53,87022,9108,Generica
2023-2024,28/10/2025,22:29,Formulario Registro Inspeccion Uva,Pisco,Guadalupe,True,Perú,Pisco,EEUU,,First Inspection,1103008:10:00,AIREN,10,,Pass_Pasar,110,4,584,Yes / Si,576.50,0,0,,183,183,732,5,14.3,13.5,14.6,13.4,15.5,5,0.35,0.61,0.4,0.48,0.32,2544,,,,,,,,,,,28/10/2025,Pisco,Lote 3,Santa Bernardina Uva,Pisco,313.27,86986,9118,Generica
2023-2024,28/10/2025,22:22,Formulario Registro Inspeccion Uva,Pisco,Guadalupe,True,Perú,Pisco,EEUU,,First Inspection,1103007:33:00,AIREN,10,,Pass_Pasar,110,4,587,Yes / Si,581.00,0,0,,168,168,672,5,14.8,13.3,13.9,14.8,14.3,5,0.47,0.25,0.24,0.41,0.33,2544,,,,,,,,,,,28/10/2025,Pisco,Lote 3,Santa Bernardina Uva,Pisco,313.27,86986,9118,Generica
2023-2024,28/10/2025,22:14,Formulario Registro Inspeccion Uva,Pisco,Guadalupe,True,Perú,Pisco,EEUU,,First Inspection,1103008:36:00,AIREN,10,,Pass_Pasar,100,4,344,Yes / Si,342.75,4,0,,130,127,508,2,12.5,12.4,,,,2,1.32,1.29,,,,2544,,,,,,,,,,,28/10/2025,Pisco,Lote 3,Santa Bernardina Uva,Pisco,313.27,86986,9108,Generica
2023-2024,28/10/2025,21:54,Formulario Registro Inspeccion Uva,Ica,Gloria A.,False,Perú,Ica,ASIA NORTE,,First Inspection,1102934:17:00,VERDEJO,7,,Pass_Pasar,390,16,156,Yes / Si,149.31,15,0,,35,34.5,552,2,11.5,11.6,,,,2,0.89,0.76,,,,2544,,,,,,,,,,,25/10/2025,Ica,Lote 26,Andenes de Andrea,Ica,84.47,87009,9103,Generica
2023-2024,28/10/2025,21:50,Formulario Registro Inspeccion Uva,Ica,Gloria A.,False,Perú,Ica,ASIA NORTE,,First Inspection,1102934:58:00,VERDEJO,7,,Pass_Pasar,390,16,154,Yes / Si,147.12,16,0,,52,51.5,824,2,10.9,11.1,,,,2,1.02,1.04,,,,2544,,,,,,,,,,,25/10/2025,Ica,Lote 26,Andenes de Andrea,Ica,84.47,87009,9102,Generica
2023-2024,28/10/2025,21:39,Formulario Registro Inspeccion Uva,Ica,Gloria A.,False,Perú,Ica,EEUU,,First Inspection,1102984:29:00,MERLOT,9,,Pass_Pasar,204,10,367,Yes / Si,360.80,0,0,,92,97,970,5,12.4,13.7,13.9,16,12.8,5,0.65,0.59,0.55,0.48,0.53,2544,,,,,,,,,,,27/10/2025,Ica,Lote 24,Andenes de Andrea,Ica,151.43,87007,9116,Generica
2023-2024,28/10/2025,20:38,Formulario Registro Inspeccion Uva,Pisco,Guadalupe,False,Perú,Pisco,EEUU,,First Inspection,1103006:47:00,MERLOT,10,,Pass_Pasar,53,3,584,Yes / Si,581.33,0,0,,150,150,450,5,15.6,15.6,14.2,15.5,14.5,5,0.51,0.31,0.44,0.4,0.37,2544,,,,,,,,,,,28/10/2025,Pisco,Lote 3,Santa Bernardina Uva,Pisco,313.27,86986,9118,Generica
2023-2024,28/10/2025,20:25,Formulario Registro Inspeccion Uva,Ica,Juan M.,False,Perú,Pisco,EEUU,,First Inspection,1102982:15:00,AIREN,9,,Pass_Pasar,276,10,358,Yes / Si,355.10,0,0,,116,111,1110,5,14.7,12.9,16.1,13.5,14.7,5,0.57,0.28,0.38,0.29,0.37,2544,,,,,,,,,,,27/10/2025,Pisco,Lote 20,Agricultores Unidos,Pisco,344.98,87003,9116,Generica
2023-2024,28/10/2025,20:19,Formulario Registro Inspeccion Uva,Ica,Juan M.,True,Perú,Pisco,EUROPA,No,First Inspection,1102983:16:00,AIREN,9,,Pass_Pasar,390,16,150,Yes / Si,144.43,15,0,,57,56.5,904,2,13.9,14,,,,2,0.4,0.62,,,,2544,,,,,,,,,,,27/10/2025,Pisco,Lote 20,Agricultores Unidos,Pisco,344.98,87003,9092,Generica
2023-2024,28/10/2025,20:17,Formulario Registro Inspeccion Uva,Ica,Juan M.,True,Perú,Ica,EEUU,,First Inspection,1102983:43:00,AIREN,8,,Pass_Pasar,276,10,358,Yes / Si,355.30,0,0,,124,122,1220,5,14.4,14.3,14.3,15.5,14.3,5,0.72,0.5,0.58,0.49,0.36,2544,,,,,,,,,,,27/10/2025,Ica,Lote 17,Agricultores Unidos,Ica,54.61,87000,9116,Generica
2023-2024,28/10/2025,11:30,Formulario Registro Inspeccion Uva,Ica,Juan M.,True,Perú,Ica,EUROPA,No,First Inspection,1102977:50:00,AIREN,11,,Pass_Pasar,210,10,338,Yes / Si,336.60,6,0,,111,108.5,1085,2,12.6,11.5,,,,2,0.54,0.58,,,,2544,,,,,,,,,,,27/10/2025,Ica,Lote 37,Tierra Linda,Ica,31.63,87020,9093,Generica
2023-2024,29/10/2025,20:39,Formulario Registro Inspeccion Uva,Ica,Juan M.,True,Perú,Pisco,EEUU,,First Inspection,1103003:22:00,AIREN,8,,Pass_Pasar,276,10,359,Yes / Si,353.90,0,0,,115,111.5,1115,5,13.4,15.7,13,14.5,14.9,5,0.26,0.41,0.44,0.33,0.28,2544,,,,,,,,,,,28/10/2025,Pisco,Lote 20,Agricultores Unidos,Pisco,344.98,87003,9116,Generica
2023-2024,29/10/2025,20:30,Formulario Registro Inspeccion Uva,Ica,Juan M.,True,Perú,Pisco,EEUU,,First Inspection,1103005:51:00,AIREN,8,,Pass_Pasar,276,10,359,Yes / Si,355.70,0,0,,115,114,1140,5,13.4,13.8,14.3,14.3,14.9,5,0.42,0.48,0.3,0.49,0.22,2544,,,,,,,,,,,28/10/2025,Pisco,Lote 20,Agricultores Unidos,Pisco,344.98,87003,9116,Generica
2023-2024,29/10/2025,20:23,Formulario Registro Inspeccion Uva,Ica,Juan M.,False,Perú,Ica,EEUU,,First Inspection,1103032:01:00,MERLOT,12,,Pass_Pasar,110,4,588,Yes / Si,587.50,4,0,,165,161.5,646,2,14.6,15.2,,,,2,0.35,0.55,,,,2544,,,,,,,,,,,29/10/2025,Ica,Lote 34,Agricultores del Sol,Ica,249.17,87017,9111,Generica
2023-2024,29/10/2025,20:23,Formulario Registro Inspeccion Uva,Pisco,Guadalupe,True,Perú,Pisco,EEUU,,First Inspection,1103031:23:00,AIREN,9,,Pass_Pasar,110,4,584,Yes / Si,583.12,0,0,,194,194,776,6,13.4,14,15.3,14.7,13.6,6,0.47,0.24,0.28,0.24,0.69,2544,14.1,,0.31,,,,,,,,29/10/2025,Pisco,Lote 10,Eden del Norte,Pisco,76.26,86993,9118,Generica
2023-2024,29/10/2025,20:18,Formulario Registro Inspeccion Uva,Pisco,Guadalupe,True,Perú,Pisco,EEUU,,First Inspection,1103030:49:00,AIREN,9,,Pass_Pasar,110,4,583.5,Yes / Si,583.00,0,0,,196,195,780,5,15.6,14.6,14.2,13.4,14.1,5,0.28,0.3,0.5,0.55,0.52,2544,,,,,,,,,,,29/10/2025,Pisco,Lote 10,Eden del Norte,Pisco,76.26,86993,9118,Generica
2023-2024,29/10/2025,20:14,Formulario Registro Inspeccion Uva,Pisco,Guadalupe,True,Perú,Pisco,EEUU,,First Inspection,1103028:08:00,AIREN,11,,Pass_Pasar,50,4,,No,,,,,130,123.5,494,5,14,13.9,12.9,13,14.1,5,0.69,0.29,0.43,0.45,0.35,2544,,,,,,,,,,,29/10/2025,Pisco,Lote 4,Santa Bernardina Uva,Pisco,47.28,86987,9116,Generica
2023-2024,29/10/2025,20:08,Formulario Registro Inspeccion Uva,Pisco,Guadalupe,False,Perú,Pisco,EEUU,,First Inspection,1103027:27:00,TINTORERA,7,,Pass_Pasar,50,4,,No,,,,,228,212,848,2,14.6,13.6,,,,2,0.8,0.79,,,,2544,,,,,,,,,,,29/10/2025,Pisco,Lote 4,Santa Bernardina Uva,Pisco,47.28,86987,9108,Generica
2023-2024,29/10/2025,20:06,Formulario Registro Inspeccion Uva,Pisco,Guadalupe,True,Perú,Pisco,EEUU,,First Inspection,1103026:57:00,MERLOT,8,,Pass_Pasar,10,2,,No,,,,,166,166,332,2,12.2,12,,,,2,0.75,0.63,,,,2544,,,,,,,,,,,29/10/2025,Pisco,Lote 5,Santa Bernardina Uva,Pisco,72.27,86988,9111,Generica
2023-2024,29/10/2025,20:04,Formulario Registro Inspeccion Uva,Pisco,Guadalupe,True,Perú,Pisco,EEUU,,First Inspection,1103026:28:00,MERLOT,8,,Pass_Pasar,50,4,,No,,,,,86,99,396,5,14.6,14.4,13.7,12.8,14.3,5,0.63,0.54,0.35,0.39,0.63,2544,,,,,,,,,,,29/10/2025,Pisco,Lote 5,Santa Bernardina Uva,Pisco,72.27,86988,9116,Generica
2023-2024,30/10/2025,23:54,Formulario Registro Inspeccion Uva,Ica,Gloria A.,True,Perú,Ica,EEUU,,First Inspection,1103006:29:00,MERLOT,8,,Pass_Pasar,204,5,362,Yes / Si,354.80,0,0,,98,100.5,502.5,7,15.4,15.9,15.9,17.5,16.4,7,0.64,1.05,0.77,0.7,1.23,2544,14.5,14.9,0.5,0.44,,,,,,,28/10/2025,Ica,Lote 7,Uvas del Sabor,Ica,110.1,86990,9116,Generica
2023-2024,30/10/2025,23:49,Formulario Registro Inspeccion Uva,Ica,Gloria A.,True,Perú,Ica,EEUU,,First Inspection,1102982:51:00,TINTORERA,6,,Pass_Pasar,276,8,198,Yes / Si,194.62,8,0,,105,105,840,2,15.5,13.4,,,,2,0.65,0.83,,,,2544,,,,,,,,,,,27/10/2025,Ica,Lote 7,Uvas del Sabor,Ica,110.1,86990,9106,Generica
2023-2024,30/10/2025,23:47,Formulario Registro Inspeccion Uva,Pisco,Guadalupe,True,Perú,Pisco,EEUU,,First Inspection,1103056:27:00,AIREN,9,,Pass_Pasar,110,4,586,Yes / Si,581.50,0,0,,153,153,612,5,14.2,13.7,14.6,14.3,14.5,5,0.28,0.34,0.35,0.29,0.29,2544,,,,,,,,,,,30/10/2025,Pisco,Lote 3,Santa Bernardina Uva,Pisco,313.27,86986,9118,Generica
2023-2024,30/10/2025,23:44,Formulario Registro Inspeccion Uva,Ica,Gloria A.,True,Perú,Ica,EEUU,,First Inspection,1103031:14:00,AIREN,7,,Pass_Pasar,110,2,592,Yes / Si,588.00,2,0,,255,255,510,2,12.6,15.6,,,,2,0.49,0.85,,,,2544,,,,,,,,,,,29/10/2025,Ica,Lote 7,Uvas del Sabor,Ica,110.1,86990,9111,Generica
2023-2024,30/10/2025,23:39,Formulario Registro Inspeccion Uva,Pisco,Guadalupe,True,Perú,Pisco,EEUU,,First Inspection,1103056:01:00,AIREN,9,,Pass_Pasar,110,4,579,Yes / Si,576.75,0,0,,146,146,584,5,14.2,13.1,15.1,14,14,5,0.49,0.43,0.41,0.45,0.43,2544,,,,,,,,,,,30/10/2025,Pisco,Lote 3,Santa Bernardina Uva,Pisco,313.27,86986,9118,Generica
2023-2024,30/10/2025,23:35,Formulario Registro Inspeccion Uva,Pisco,Guadalupe,True,Perú,Pisco,EEUU,,First Inspection,1103056:57:00,AIREN,9,,Pass_Pasar,204,8,346,Yes / Si,342.25,8,0,,110,109,872,2,12.3,11.4,,,,2,1.39,0.83,,,,2544,,,,,,,,,,,30/10/2025,Pisco,Lote 3,Santa Bernardina Uva,Pisco,313.27,86986,9108,Generica
2023-2024,30/10/2025,23:33,Formulario Registro Inspeccion Uva,Pisco,Guadalupe,True,Perú,Pisco,EEUU,,First Inspection,1103028:27:00,VERDEJO,9,,Pass_Pasar,94,4,,No,,,,,177,177,708,2,11.1,11.2,,,,2,0.51,0.79,,,,2544,,,,,,,,,,,29/10/2025,Pisco,Lote 5,Santa Bernardina Uva,Pisco,72.27,86988,9111,Generica
2023-2024,30/10/2025,23:27,Formulario Registro Inspeccion Uva,Pisco,Guadalupe,False,Perú,Pisco,EEUU,,First Inspection,1103028:02:00,AIREN,11,,Pass_Pasar,276,11,351,Yes / Si,348.27,0,0,,104,104,1144,5,14.3,13.9,13.6,14.2,13.9,5,0.22,0.24,0.47,0.23,0.44,2544,,,,,,,,,,,29/10/2025,Pisco,Lote 4,Santa Bernardina Uva,Pisco,47.28,86987,9116,Generica
2023-2024,30/10/2025,23:23,Formulario Registro Inspeccion Uva,Pisco,Guadalupe,False,Perú,Pisco,EEUU,,First Inspection,1103026:49:00,TINTORERA,7,,Pass_Pasar,148,6,351,Yes / Si,348.66,6,0,,210,208.5,1251,2,14.1,15.2,,,,2,0.44,0.39,,,,2544,,,,,,,,,,,29/10/2025,Pisco,Lote 4,Santa Bernardina Uva,Pisco,47.28,86987,9108,Generica
2023-2024,30/10/2025,21:29,Formulario Registro Inspeccion Uva,Ica,Juan M.,True,Perú,Ica,EEUU,,First Inspection,1103056:03:00,TINTORERA,7,,Pass_Pasar,210,10,348,Yes / Si,347.50,10,0,,227,221.5,2215,2,13.7,14.3,,,,2,0.68,0.66,,,,2544,,,,,,,,,,,30/10/2025,Ica,Lote 34,Agricultores del Sol,Ica,249.17,87017,9108,Generica
2023-2024,30/10/2025,21:27,Formulario Registro Inspeccion Uva,Ica,Juan M.,True,Perú,Ica,ASIA NORTE,,First Inspection,1103054:33:00,VERDEJO,7,,Pass_Pasar,390,16,143,Yes / Si,142.50,16,0,,44,37,592,2,14,13.4,,,,2,0.52,0.9,,,,2544,,,,,,,,,,,30/10/2025,Ica,Lote 35,Agricultores del Sol,Ica,129.08,87018,9103,Generica
2023-2024,30/10/2025,21:26,Formulario Registro Inspeccion Uva,Ica,Juan M.,True,Perú,Ica,EUROPA,No,First Inspection,1103025:53:00,AIREN,7,,Pass_Pasar,210,10,349,Yes / Si,340.70,10,0,,127,122,1220,2,12.5,11.3,,,,2,0.9,0.86,,,,2544,,,,,,,,,,,29/10/2025,Ica,Lote 38,Tierra Linda,Ica,35.08,87021,9093,Generica
2023-2024,30/10/2025,1:02,Formulario Registro Inspeccion Uva,Piura,Lincoln Fernandez,False,Perú,Piura,EEUU,,First Inspection,1103033:44:00,MERLOT,11,,Pass_Pasar,150,6,361.1,Yes / Si,359.48,0,0,,99,98.5,591,5,14.7,16.3,15.6,14.4,17,5,0.55,0.46,0.42,0.4,0.48,2544,,,,,,,,,,,29/10/2025,Piura,Lote 1,Santa Bernardina Uva,Piura,80.51,86984,9116,Generica
2023-2024,30/10/2025,0:43,Formulario Registro Inspeccion Uva,Piura,Lincoln Fernandez,False,Perú,Piura,EEUU,,First Inspection,1103007:39:00,MERLOT,11,,Pass_Pasar,200,8,355,Yes / Si,353.37,0,0,,116,114.5,916,5,14.9,17.4,16.8,14.9,16.4,5,0.42,0.3,0.34,0.32,0.29,2544,,,,,,,,,,,28/10/2025,Piura,Lote 39,Sociedad del Sol,Piura,71.53,87022,9116,Generica
2023-2024,30/10/2025,0:40,Formulario Registro Inspeccion Uva,Piura,Lincoln Fernandez,False,Perú,Piura,EEUU,,First Inspection,1103006:56:00,VERDEJO,10,,Pass_Pasar,200,8,355,Yes / Si,353.75,0,0,,121,120.5,964,5,13.4,13.4,14.5,14.5,15,5,0.5,0.39,0.3,0.3,0.38,2544,,,,,,,,,,,28/10/2025,Piura,Lote 39,Sociedad del Sol,Piura,71.53,87022,9116,Generica
2023-2024,31/10/2025,22:59,Formulario Registro Inspeccion Uva,Pisco,Guadalupe,True,Perú,Pisco,EEUU,,First Inspection,1103080:06:00,AIREN,9,,Pass_Pasar,85,4,583,Yes / Si,581.75,0,0,,191,191,764,5,14.9,13.5,13.7,13.1,14.5,5,0.59,0.42,0.28,0.25,0.54,2544,,,,,,,,,,,31/10/2025,Pisco,Lote 10,Eden del Norte,Pisco,76.26,86993,9118,Generica
2023-2024,31/10/2025,22:52,Formulario Registro Inspeccion Uva,Pisco,Guadalupe,True,Perú,Pisco,EEUU,,First Inspection,1103079:23:00,AIREN,9,,Pass_Pasar,85,4,583.5,Yes / Si,582.75,0,0,,206,206,824,5,13.1,12.3,14.9,13.7,12.1,5,0.73,0.53,0.4,0.36,0.46,2544,,,,,,,,,,,31/10/2025,Pisco,Lote 10,Eden del Norte,Pisco,76.26,86993,9118,Generica
2023-2024,31/10/2025,22:48,Formulario Registro Inspeccion Uva,Pisco,Guadalupe,True,Perú,Pisco,EEUU,,First Inspection,1103078:49:00,AIREN,9,,Pass_Pasar,80,4,586,Yes / Si,584.00,0,0,,176,176,704,6,15.2,12.9,14.1,13.9,12.5,6,0.32,0.4,0.78,0.48,0.46,2544,14.1,,0.37,,,,,,,,31/10/2025,Pisco,Lote 10,Eden del Norte,Pisco,76.26,86993,9118,Generica
2023-2024,31/10/2025,22:27,Formulario Registro Inspeccion Uva,Ica,Gloria A.,True,Perú,Ica,EEUU,,First Inspection,1103062:26:00,MERLOT,10,,Pass_Pasar,204,10,349,Yes / Si,333.20,10,0,,118,113,1130,2,15.9,12.2,,,,2,0.5,1.04,,,,2544,,,,,,,,,,,30/10/2025,Ica,Lote 38,Tierra Linda,Ica,35.08,87021,9108,Generica
2023-2024,31/10/2025,22:25,Formulario Registro Inspeccion Uva,Ica,Gloria A.,True,Perú,Ica,EEUU,,First Inspection,1103050:33:00,MERLOT,10,,Pass_Pasar,204,10,358,Yes / Si,355.60,0,0,,94,92.5,925,5,13.8,14.3,15.4,14.9,14.6,5,0.89,0.45,0.54,0.8,0.75,2544,,,,,,,,,,,30/10/2025,Ica,Lote 38,Tierra Linda,Ica,35.08,87021,9116,Generica
2023-2024,31/10/2025,20:30,Formulario Registro Inspeccion Uva,Ica,Juan M.,True,Perú,Ica,EEUU,,First Inspection,1103078:24:00,AIREN,8,,Pass_Pasar,110,4,589,Yes / Si,588.50,0,0,,238,228.5,914,5,14.4,14.7,15.9,15.3,15.3,5,0.64,0.6,0.47,0.37,0.45,2544,,,,,,,,,,,31/10/2025,Ica,Lote 35,Agricultores del Sol,Ica,129.08,87018,9118,Generica
2023-2024,31/10/2025,20:27,Formulario Registro Inspeccion Uva,Ica,Juan M.,True,Perú,Pisco,EEUU,,First Inspection,1103050:08:00,VERDEJO,7,,Pass_Pasar,210,10,337,Yes / Si,333.00,10,0,,90,87.5,875,2,13.5,12.2,,,,2,0.79,0.64,,,,2544,,,,,,,,,,,30/10/2025,Pisco,Lote 20,Agricultores Unidos,Pisco,344.98,87003,9108,Generica
2023-2024,31/10/2025,19:37,Formulario Registro Inspeccion Uva,Ica,Juan M.,True,Perú,Ica,ASIA CENTRO,Yes / Si,First Inspection,1103049:26:00,TINTORERA,7,Malasia,Pass_Pasar,390,16,150,Yes / Si,144.32,16,0,,77,77,1232,2,12.7,14.3,,,,2,0.45,0.45,,,,2544,,,,,,,,,,,30/10/2025,Ica,Lote 15,Agricultores Unidos,Ica,62.09,86998,9099,Generica
2023-2024,31/10/2025,3:22,Formulario Registro Inspeccion Uva,Piura,Lincoln Fernandez,False,Perú,Piura,EEUU,,First Inspection,1103056:13:00,MERLOT,10,,Pass_Pasar,200,8,368.9,Yes / Si,360.06,0,0,,98,94,752,5,15.3,16.2,15,16.3,14.1,5,0.31,0.43,0.5,0.39,0.39,2544,,,,,,,,,,,30/10/2025,Piura,Lote 1,Santa Bernardina Uva,Piura,80.51,86984,9116,Generica
2023-2024,31/10/2025,3:19,Formulario Registro Inspeccion Uva,Piura,Lincoln Fernandez,False,Perú,Piura,EEUU,,First Inspection,1103055:13:00,MERLOT,10,,Pass_Pasar,200,8,361.4,Yes / Si,356.06,0,0,,96,101.5,812,5,14.1,14.3,14.9,15.5,15.3,5,0.35,0.35,0.37,0.34,0.51,2544,,,,,,,,,,,30/10/2025,Piura,Lote 1,Santa Bernardina Uva,Piura,80.51,86984,9119,Generica
2023-2024,1/11/2025,9:01,Formulario Registro Inspeccion Uva,Piura,Lincoln Fernandez,False,Perú,Piura,EEUU,,First Inspection,1103082:00:00,AIREN,11,,Pass_Pasar,50,2,361,Yes / Si,361.00,2,0,,237,237,474,2,12.5,13.6,,,,2,0.32,0.37,,,,2544,,,,,,,,,,,31/10/2025,Piura,Lote 41,Campos Gloriosos,Piura,61.84,87024,9108,Generica
2023-2024,1/11/2025,8:57,Formulario Registro Inspeccion Uva,Piura,Lincoln Fernandez,False,Perú,Piura,EEUU,,First Inspection,1103081:07:00,AIREN,11,,Pass_Pasar,100,4,361,Yes / Si,352.50,0,0,,117,113.5,454,5,15.9,13.6,13,13,13.1,5,0.15,0.19,0.19,0.28,0.35,2544,,,,,,,,,,,31/10/2025,Piura,Lote 41,Campos Gloriosos,Piura,61.84,87024,9116,Generica
2023-2024,1/11/2025,8:42,Formulario Registro Inspeccion Uva,Piura,Lincoln Fernandez,False,Perú,Piura,EEUU,,First Inspection,1103057:00:00,MERLOT,8,,Pass_Pasar,200,8,355,Yes / Si,353.62,0,0,,133,131,1048,5,18,16.6,18.8,16.2,17.1,5,0.37,0.36,0.37,0.4,0.36,2544,,,,,,,,,,,30/10/2025,Piura,Lote 39,Sociedad del Sol,Piura,71.53,87022,9116,Generica
2023-2024,1/11/2025,8:21,Formulario Registro Inspeccion Uva,Piura,Lincoln Fernandez,False,Perú,Piura,EEUU,,First Inspection,1103056:05:00,AIREN,8,,Pass_Pasar,150,6,354,Yes / Si,352.33,0,0,,139,131,786,5,14.4,13.4,14.5,15.8,14.5,5,0.21,0.24,0.15,0.16,0.24,2544,,,,,,,,,,,30/10/2025,Piura,Lote 39,Sociedad del Sol,Piura,71.53,87022,9116,Generica
2023-2024,1/11/2025,8:02,Formulario Registro Inspeccion Uva,Piura,Lincoln Fernandez,False,Perú,Piura,EEUU,,First Inspection,1103051:48:00,MERLOT,10,,Pass_Pasar,100,6,372,Yes / Si,361.16,0,0,,97,100.5,603,5,15.1,13.4,14.7,12.9,15.3,5,0.27,0.29,0.26,0.26,0.24,2544,,,,,,,,,,,30/10/2025,Piura,Lote 8,Sol del Sur,Piura,68.65,86991,9116,Generica
2023-2024,1/11/2025,7:53,Formulario Registro Inspeccion Uva,Piura,Lincoln Fernandez,False,Perú,Piura,ASIA NORTE,,First Inspection,1103050:57:00,MERLOT,10,,Pass_Pasar,150,6,343,Yes / Si,341.00,0,0,,54,53.5,321,2,13.9,14.1,,,,2,0.21,0.29,,,,2544,,,,,,,,,,,30/10/2025,Piura,Lote 8,Sol del Sur,Piura,68.65,86991,9105,Generica
2023-2024,1/11/2025,7:50,Formulario Registro Inspeccion Uva,Piura,Lincoln Fernandez,False,Perú,Piura,ASIA NORTE,,First Inspection,1103050:59:00,MERLOT,10,,Pass_Pasar,250,10,153,Yes / Si,145.20,9,1,,43,42.5,425,2,13,14,,,,2,0.47,0.49,,,,2544,,,,,,,,,,,30/10/2025,Piura,Lote 8,Sol del Sur,Piura,68.65,86991,9103,Generica
2023-2024,4/11/2025,22:22,Formulario Registro Inspeccion Uva,Piura,Lincoln Fernandez,False,Perú,Piura,EEUU,,First Inspection,1103160:00:00,VERDEJO,11,,Pass_Pasar,180,7,351,Yes / Si,349.00,0,1,,96,98,686,5,12.2,12.3,12.9,12.8,12.1,5,0.45,0.57,0.46,0.6,0.47,2545,,,,,,,,,,,4/11/2025,Piura,Lote 41,Campos Gloriosos,Piura,61.84,87024,9119,Generica
2023-2024,4/11/2025,22:19,Formulario Registro Inspeccion Uva,Piura,Lincoln Fernandez,False,Perú,Piura,EEUU,,First Inspection,1103160:00:00,VERDEJO,11,,Pass_Pasar,130,5,353,Yes / Si,351.40,0,0,,121,115,575,5,12.2,12.3,12.9,12.8,12.1,5,0.45,0.57,0.46,0.6,0.47,2545,,,,,,,,,,,4/11/2025,Piura,Lote 41,Campos Gloriosos,Piura,61.84,87024,9119,Generica
2023-2024,4/11/2025,22:00,Formulario Registro Inspeccion Uva,Piura,Lincoln Fernandez,False,Perú,Piura,EEUU,,First Inspection,1103136:00:00,MERLOT,11,,Pass_Pasar,200,8,358.6,Yes / Si,355.96,0,0,,130,128.5,1028,5,16.1,17,17.6,17.5,16.9,5,0.55,0.42,0.42,0.35,0.36,2545,,,,,,,,,,,3/11/2025,Piura,Lote 39,Sociedad del Sol,Piura,71.53,87022,9116,Generica
2023-2024,4/11/2025,21:39,Formulario Registro Inspeccion Uva,Piura,Lincoln Fernandez,False,Perú,Piura,EEUU,,First Inspection,1103136:00:00,AIREN,9,,Pass_Pasar,200,8,361.3,Yes / Si,358.18,0,0,,136,131.5,1052,5,14.9,15.4,16.2,14.1,14.5,5,0.23,0.21,0.17,0.31,0.14,2545,,,,,,,,,,,3/11/2025,Piura,Lote 39,Sociedad del Sol,Piura,71.53,87022,9116,Generica
2023-2024,5/11/2025,18:40,Formulario Registro Inspeccion Uva,Ica,Juan M.,True,Perú,Ica,EEUU,,First Inspection,1103160:00:00,TINTORERA,10,,Pass_Pasar,210,10,337,Yes / Si,331.60,10,0,,219,214.5,2145,2,14.7,14.6,,,,2,0.71,0.72,,,,2545,,,,,,,,,,,4/11/2025,Ica,Lote 12,Agricultores Unidos,Ica,152.84,86995,9108,Generica
2023-2024,5/11/2025,18:38,Formulario Registro Inspeccion Uva,Ica,Juan M.,True,Perú,Ica,EUROPA,No,First Inspection,1103160:00:00,MERLOT,12,,Pass_Pasar,204,10,341,Yes / Si,337.50,7,0,,95,98.5,985,2,13.7,15.4,,,,2,0.7,0.46,,,,2545,,,,,,,,,,,4/11/2025,Ica,Lote 38,Tierra Linda,Ica,35.08,87021,9093,Generica
2023-2024,5/11/2025,18:37,Formulario Registro Inspeccion Uva,Piura,Lincoln Fernandez,False,Perú,Piura,EEUU,,First Inspection,1103160:00:00,MERLOT,12,,Pass_Pasar,80,4,369.3,Yes / Si,362.47,0,0,,97,108.5,434,5,13.5,13.7,12.9,13.4,12.1,5,0.3,0.42,0.44,0.45,0.43,2545,,,,,,,,,,,4/11/2025,Piura,Lote 2,Santa Bernardina Uva,Piura,66.97,86985,9116,Generica
2023-2024,5/11/2025,18:37,Formulario Registro Inspeccion Uva,Ica,Juan M.,True,Perú,Ica,EEUU,,First Inspection,1103160:00:00,MERLOT,12,,Pass_Pasar,276,10,360,Yes / Si,355.10,0,0,,95,95,950,5,13.9,15.3,14.1,15.1,14.4,5,0.46,0.54,0.52,0.58,0.41,2545,,,,,,,,,,,4/11/2025,Ica,Lote 38,Tierra Linda,Ica,35.08,87021,9116,Generica
2023-2024,5/11/2025,18:00,Formulario Registro Inspeccion Uva,Ica,Gloria A.,True,Perú,Ica,EEUU,,First Inspection,1103160:00:00,TINTORERA,10,,Pass_Pasar,304,6,335,Yes / Si,332.66,6,0,,278,278,1668,2,15.2,14.1,,,,2,0.51,0.63,,,,2545,,,,,,,,,,,4/11/2025,Ica,Lote 12,Agricultores Unidos,Ica,152.84,86995,9108,Generica
2023-2024,6/11/2025,2:35,Formulario Registro Inspeccion Uva,Pisco,Guadalupe,True,Perú,Pisco,EEUU,,First Inspection,1103184:00:00,AIREN,11,,Pass_Pasar,150,6,352,Yes / Si,348.00,6,0,,122,116.5,699,2,13.3,13.8,,,,2,0.49,0.12,,,,2545,,,,,,,,,,,5/11/2025,Pisco,Lote 3,Santa Bernardina Uva,Pisco,313.27,86986,9108,Generica
2023-2024,6/11/2025,2:28,Formulario Registro Inspeccion Uva,Pisco,Guadalupe,False,Perú,Pisco,EEUU,,First Inspection,1103184:00:00,MERLOT,9,,Pass_Pasar,110,4,582,Yes / Si,575.75,0,0,,157,157,628,5,15.5,13,13.3,14.3,12.8,5,0.38,0.41,0.31,0.36,0.56,2545,,,,,,,,,,,5/11/2025,Pisco,Lote 3,Santa Bernardina Uva,Pisco,313.27,86986,9118,Generica
2023-2024,6/11/2025,2:23,Formulario Registro Inspeccion Uva,Pisco,Guadalupe,True,Perú,Pisco,EEUU,,First Inspection,1103184:00:00,AIREN,11,,Pass_Pasar,110,4,584,Yes / Si,579.00,0,0,,179,179,716,5,14,14.2,14.3,13.7,13,5,0.32,0.66,0.25,0.21,0.26,2545,,,,,,,,,,,5/11/2025,Pisco,Lote 3,Santa Bernardina Uva,Pisco,313.27,86986,9118,Generica
2023-2024,6/11/2025,2:18,Formulario Registro Inspeccion Uva,Pisco,Guadalupe,True,Perú,Pisco,EEUU,,First Inspection,1103184:00:00,AIREN,11,,Pass_Pasar,85,3,583.5,Yes / Si,583.16,0,0,,210,199.5,598.5,5,12.5,12.7,14.5,14.6,13.6,5,0.45,0.4,0.21,0.26,0.16,2545,,,,,,,,,,,5/11/2025,Pisco,Lote 10,Eden del Norte,Pisco,76.26,86993,9118,Generica
2023-2024,6/11/2025,2:15,Formulario Registro Inspeccion Uva,Pisco,Guadalupe,True,Perú,Pisco,EEUU,,First Inspection,1103184:00:00,AIREN,11,,Pass_Pasar,85,3,582.5,Yes / Si,582.33,0,0,,203,195.5,586.5,6,13.1,12.9,15,14.2,13.7,6,0.29,0.26,0.33,0.33,0.34,2545,14.4,,0.36,,,,,,,,5/11/2025,Pisco,Lote 10,Eden del Norte,Pisco,76.26,86993,9118,Generica
2023-2024,6/11/2025,2:11,Formulario Registro Inspeccion Uva,Pisco,Guadalupe,True,Perú,Pisco,EEUU,,First Inspection,1103184:00:00,AIREN,11,,Pass_Pasar,85,3,583.5,Yes / Si,583.16,0,0,,196,195.5,586.5,8,14,12.5,12.1,10.8,13.2,8,0.42,1.02,0.71,0.33,0.48,2545,14.5,13.7,0.34,0.41,12.4,,,0.67,,,5/11/2025,Pisco,Lote 10,Eden del Norte,Pisco,76.26,86993,9118,Generica
2023-2024,6/11/2025,2:05,Formulario Registro Inspeccion Uva,Pisco,Guadalupe,False,Perú,Pisco,EEUU,,First Inspection,1103184:00:00,MERLOT,9,,Pass_Pasar,25,4,,No,,,,,256,256,1024,2,12.8,13.5,,,,2,0.62,0.63,,,,2545,,,,,,,,,,,5/11/2025,Pisco,Lote 5,Santa Bernardina Uva,Pisco,72.27,86988,9111,Generica
2023-2024,6/11/2025,2:02,Formulario Registro Inspeccion Uva,Pisco,Guadalupe,True,Perú,Pisco,EEUU,,First Inspection,1103184:00:00,MERLOT,9,,Pass_Pasar,30,6,,No,,,,,90,98.5,591,6,14.3,12.9,14.5,11.6,13.7,6,0.5,0.52,0.39,0.57,0.4,2545,14.7,,0.47,,,,,,,,5/11/2025,Pisco,Lote 5,Santa Bernardina Uva,Pisco,72.27,86988,9116,Generica
2023-2024,6/11/2025,1:56,Formulario Registro Inspeccion Uva,Pisco,Guadalupe,False,Perú,Pisco,EEUU,,First Inspection,1103184:00:00,TINTORERA,8,,Pass_Pasar,10,4,,No,,,,,206,161.5,646,2,14.1,14.8,,,,2,0.43,0.41,,,,2545,,,,,,,,,,,5/11/2025,Pisco,Lote 4,Santa Bernardina Uva,Pisco,47.28,86987,9108,Generica
2023-2024,6/11/2025,0:04,Formulario Registro Inspeccion Uva,Piura,Lincoln Fernandez,False,Perú,Piura,EEUU,,First Inspection,1103160:00:00,MERLOT,11,,Pass_Pasar,100,4,359.3,Yes / Si,354.52,0,0,,113,113,452,5,13,13.3,16.4,14.8,13.5,5,0.27,0.29,0.5,0.35,0.38,2545,,,,,,,,,,,4/11/2025,Piura,Lote 1,Santa Bernardina Uva,Piura,80.51,86984,9116,Generica
2023-2024,11/11/2025,23:33,Formulario Registro Inspeccion Uva,Piura,Lincoln Fernandez,False,Perú,Piura,EEUU,,First Inspection,1103328:00:00,MERLOT,11,,Pass_Pasar,200,8,373.6,Yes / Si,358.91,0,0,,128,124,992,5,17.7,15.8,17.7,17.1,18,5,0.45,0.45,0.49,0.54,0.47,2546,,,,,,,,,,,11/11/2025,Piura,Lote 1,Santa Bernardina Uva,Piura,80.51,86984,9116,Generica
2023-2024,11/11/2025,23:21,Formulario Registro Inspeccion Uva,Piura,Lincoln Fernandez,False,Perú,Piura,EUROPA,No,First Inspection,1103328:00:00,MERLOT,10,,Pass_Pasar,200,8,162.5,Yes / Si,145.38,8,0,,62,60,480,2,15.6,14.2,,,,2,0.5,0.58,,,,2546,,,,,,,,,,,11/11/2025,Piura,Lote 2,Santa Bernardina Uva,Piura,66.97,86985,9092,Generica
2023-2024,11/11/2025,23:21,Formulario Registro Inspeccion Uva,Pisco,Guadalupe,True,Perú,Pisco,EEUU,,First Inspection,1103328:00:00,AIREN,11,,Pass_Pasar,85,3,584,Yes / Si,583.33,0,0,,183,183,549,5,13,13.8,12.5,12.1,13.6,5,0.21,0.26,0.56,0.43,0.32,2546,,,,,,,,,,,11/11/2025,Pisco,Lote 10,Eden del Norte,Pisco,76.26,86993,9118,Generica
2023-2024,11/11/2025,23:09,Formulario Registro Inspeccion Uva,Piura,Lincoln Fernandez,True,Perú,Piura,EEUU,,First Inspection,1103232:00:00,MERLOT,13,,Pass_Pasar,100,4,362,Yes / Si,354.25,0,0,,95,95,380,5,14,14,13.5,13.4,14,5,0.22,0.41,0.34,0.52,0.34,2546,,,,,,,,,,,7/11/2025,Piura,Lote 8,Sol del Sur,Piura,68.65,86991,9116,Generica
2023-2024,11/11/2025,22:59,Formulario Registro Inspeccion Uva,Pisco,Guadalupe,True,Perú,Pisco,EEUU,,First Inspection,1103328:00:00,AIREN,11,,Pass_Pasar,85,3,584,Yes / Si,583.16,0,0,,188,188,564,6,13.1,12.5,12.3,14.4,13.9,6,0.33,0.62,0.33,0.15,0.33,2546,13.3,,0.37,,,,,,,,11/11/2025,Pisco,Lote 10,Eden del Norte,Pisco,76.26,86993,9118,Generica
2023-2024,11/11/2025,22:58,Formulario Registro Inspeccion Uva,Piura,Lincoln Fernandez,False,Perú,Piura,EEUU,,First Inspection,1103304:00:00,MERLOT,12,,Pass_Pasar,180,6,361,Yes / Si,357.16,0,0,,116,110.5,663,5,13.7,15.2,14,14.1,15.4,5,0.36,0.57,0.47,0.36,0.4,2546,,,,,,,,,,,10/11/2025,Piura,Lote 9,Sol del Sur,Piura,27.41,86992,9116,Generica
2023-2024,11/11/2025,22:54,Formulario Registro Inspeccion Uva,Pisco,Guadalupe,True,Perú,Pisco,EEUU,,First Inspection,1103328:00:00,AIREN,11,,Pass_Pasar,85,3,584,Yes / Si,583.50,0,0,,195,195,585,7,13.5,11.8,12.6,12,13,7,0.53,0.39,0.47,0.64,0.4,2546,12.3,13.1,0.62,0.54,,,,,,,11/11/2025,Pisco,Lote 10,Eden del Norte,Pisco,76.26,86993,9118,Generica
2023-2024,11/11/2025,22:47,Formulario Registro Inspeccion Uva,Piura,Lincoln Fernandez,True,Perú,Piura,EEUU,,First Inspection,1103304:00:00,MERLOT,12,,Pass_Pasar,100,4,358,Yes / Si,352.25,4,0,,177,175.5,702,2,14,14.2,,,,2,0.71,0.67,,,,2546,,,,,,,,,,,10/11/2025,Piura,Lote 9,Sol del Sur,Piura,27.41,86992,9108,Generica
2023-2024,11/11/2025,22:43,Formulario Registro Inspeccion Uva,Pisco,Guadalupe,True,Perú,Pisco,EEUU,,First Inspection,1103304:00:00,AIREN,9,,Pass_Pasar,109,8,,No,,,,,121,115,920,5,14.6,13.7,14.9,12.4,13.3,5,0.31,0.37,0.41,0.42,0.3,2546,,,,,,,,,,,10/11/2025,Pisco,Lote 4,Santa Bernardina Uva,Pisco,47.28,86987,9116,Generica
2023-2024,11/11/2025,22:37,Formulario Registro Inspeccion Uva,Pisco,Guadalupe,False,Perú,Pisco,EEUU,,First Inspection,1103304:00:00,TINTORERA,7,,Pass_Pasar,122,6,,No,,,,,233,226.5,1359,2,14.1,12.7,,,,2,0.51,0.54,,,,2546,,,,,,,,,,,10/11/2025,Pisco,Lote 4,Santa Bernardina Uva,Pisco,47.28,86987,9108,Generica
2023-2024,11/11/2025,22:34,Formulario Registro Inspeccion Uva,Pisco,Guadalupe,True,Perú,Pisco,EEUU,,First Inspection,1103304:00:00,MERLOT,7,,Pass_Pasar,56,3,,No,,,,,200,187,561,2,11.9,10.9,,,,2,0.41,0.35,,,,2546,,,,,,,,,,,10/11/2025,Pisco,Lote 5,Santa Bernardina Uva,Pisco,72.27,86988,9111,Generica
2023-2024,11/11/2025,21:33,Formulario Registro Inspeccion Uva,Ica,Gloria A.,True,Perú,Pisco,EUROPA,No,First Inspection,1103304:00:00,AIREN,10,,Pass_Pasar,110,4,569,Yes / Si,567.25,4,0,,270,267.5,1070,2,11.3,14,,,,2,0.32,0.19,,,,2546,,,,,,,,,,,10/11/2025,Pisco,Lote 20,Agricultores Unidos,Pisco,344.98,87003,9095,Generica
2023-2024,11/11/2025,21:31,Formulario Registro Inspeccion Uva,Ica,Gloria A.,True,Perú,Ica,EUROPA,No,First Inspection,1103304:00:00,AIREN,12,,Pass_Pasar,204,10,345,Yes / Si,337.80,7,0,,111,109.5,1095,2,12.1,12.4,,,,2,0.27,0.56,,,,2546,,,,,,,,,,,10/11/2025,Ica,Lote 38,Tierra Linda,Ica,35.08,87021,9093,Generica
2023-2024,11/11/2025,20:40,Formulario Registro Inspeccion Uva,Ica,Juan M.,True,Perú,Pisco,EUROPA,No,First Inspection,1103304:00:00,AIREN,10,,Pass_Pasar,390,16,149,Yes / Si,144.18,15,0,,69,65,1040,2,15,13,,,,2,0.3,0.47,,,,2546,,,,,,,,,,,10/11/2025,Pisco,Lote 20,Agricultores Unidos,Pisco,344.98,87003,9092,Generica
2023-2024,11/11/2025,20:39,Formulario Registro Inspeccion Uva,Ica,Juan M.,True,Perú,Pisco,EEUU,,First Inspection,1103304:00:00,AIREN,10,,Pass_Pasar,276,10,359,Yes / Si,355.50,0,0,,112,108,1080,5,13.8,13.4,12.4,14.8,12.2,5,0.67,0.26,0.99,0.43,0.35,2546,,,,,,,,,,,10/11/2025,Pisco,Lote 20,Agricultores Unidos,Pisco,344.98,87003,9116,Generica
2023-2024,11/11/2025,20:33,Formulario Registro Inspeccion Uva,Ica,Juan M.,True,Perú,Ica,EUROPA,No,First Inspection,1103304:00:00,TINTORERA,9,,Pass_Pasar,276,10,333,Yes / Si,331.10,0,0,,193,185.5,1855,2,13,14.7,,,,2,0.38,0.38,,,,2546,,,,,,,,,,,10/11/2025,Ica,Lote 15,Agricultores Unidos,Ica,62.09,86998,9098,Generica
2023-2024,11/11/2025,20:31,Formulario Registro Inspeccion Uva,Ica,Juan M.,True,Perú,Pisco,EEUU,,First Inspection,1103304:00:00,AIREN,10,,Pass_Pasar,276,10,357,Yes / Si,354.70,0,0,,121,119,1190,5,14.7,11.5,12.4,14.3,13.6,5,0.44,0.38,0.65,0.71,0.47,2546,,,,,,,,,,,10/11/2025,Pisco,Lote 20,Agricultores Unidos,Pisco,344.98,87003,9116,Generica
2023-2024,12/11/2025,23:59,Formulario Registro Inspeccion Uva,Pisco,Guadalupe,False,Perú,Pisco,EEUU,,First Inspection,1103352:00:00,MERLOT,8,,Pass_Pasar,276,11,364,Yes / Si,354.36,0,1,,90,97,1067,5,13,13.9,14.1,14.8,14.1,5,0.36,0.53,0.3,0.38,0.4,2546,,,,,,,,,,,12/11/2025,Pisco,Lote 3,Santa Bernardina Uva,Pisco,313.27,86986,9116,Generica
2023-2024,12/11/2025,23:54,Formulario Registro Inspeccion Uva,Pisco,Guadalupe,True,Perú,Pisco,EEUU,,First Inspection,1103352:00:00,AIREN,10,,Pass_Pasar,276,11,360,Yes / Si,354.18,0,0,,112,112,1232,6,12.2,12.5,12.1,12.2,11.6,6,0.56,0.42,0.49,0.39,0.39,2546,12,,0.58,,,,,,,,12/11/2025,Pisco,Lote 3,Santa Bernardina Uva,Pisco,313.27,86986,9116,Generica
2023-2024,12/11/2025,23:48,Formulario Registro Inspeccion Uva,Pisco,Guadalupe,False,Perú,Pisco,EEUU,,First Inspection,1103352:00:00,AIREN,10,,Pass_Pasar,276,11,355,Yes / Si,352.27,0,3,,98,103.5,1138.5,7,13,11.2,11.4,12.3,13.9,7,0.2,0.55,0.55,0.31,0.31,2546,12.2,12.8,0.37,0.36,,,,,,,12/11/2025,Pisco,Lote 3,Santa Bernardina Uva,Pisco,313.27,86986,9116,Generica
2023-2024,12/11/2025,23:42,Formulario Registro Inspeccion Uva,Pisco,Guadalupe,True,Perú,Pisco,EEUU,,First Inspection,1103352:00:00,MERLOT,7,,Pass_Pasar,25,3,,No,,,,,311,311,933,2,12.4,12.3,,,,2,1.21,0.92,,,,2546,,,,,,,,,,,12/11/2025,Pisco,Lote 5,Santa Bernardina Uva,Pisco,72.27,86988,9111,Generica
2023-2024,12/11/2025,23:25,Formulario Registro Inspeccion Uva,Piura,Lincoln Fernandez,True,Perú,Piura,EEUU,,First Inspection,1103352:00:00,MERLOT,11,,Pass_Pasar,50,4,361,Yes / Si,360.75,4,0,,139,136,544,2,13.5,13.5,,,,2,0.27,0.28,,,,2546,,,,,,,,,,,12/11/2025,Piura,Lote 41,Campos Gloriosos,Piura,61.84,87024,9108,Generica
2023-2024,12/11/2025,23:22,Formulario Registro Inspeccion Uva,Piura,Lincoln Fernandez,False,Perú,Piura,EEUU,,First Inspection,1103352:00:00,MERLOT,11,,Pass_Pasar,100,4,361,Yes / Si,361.00,4,0,,171,168,672,2,13.5,13.5,,,,2,0.27,0.28,,,,2546,,,,,,,,,,,12/11/2025,Piura,Lote 41,Campos Gloriosos,Piura,61.84,87024,9108,Generica
2023-2024,12/11/2025,23:18,Formulario Registro Inspeccion Uva,Piura,Lincoln Fernandez,True,Perú,Piura,EEUU,,First Inspection,1103328:00:00,AIREN,8,,Pass_Pasar,50,2,579,Yes / Si,579.00,2,0,,364,364,728,2,15,14.9,,,,2,0.26,0.23,,,,2546,,,,,,,,,,,11/11/2025,Piura,Lote 39,Sociedad del Sol,Piura,71.53,87022,9111,Generica
2023-2024,12/11/2025,20:31,Formulario Registro Inspeccion Uva,Ica,Juan M.,False,Perú,Ica,EEUU,,First Inspection,1103304:00:00,AIREN,10,,Pass_Pasar,276,10,361,Yes / Si,355.20,0,0,,111,105.5,1055,5,13.9,12.7,13.3,12.3,11.9,5,0.28,0.29,0.34,0.4,0.36,2546,,,,,,,,,,,10/11/2025,Ica,Lote 26,Andenes de Andrea,Ica,84.47,87009,9116,Generica
2023-2024,12/11/2025,20:28,Formulario Registro Inspeccion Uva,Ica,Juan M.,True,Perú,Ica,EEUU,,First Inspection,1103328:00:00,MERLOT,7,,Pass_Pasar,276,10,367,Yes / Si,355.50,0,0,,109,105,1050,5,14.8,14.8,15.1,14,14.7,5,0.46,0.56,0.47,0.43,0.48,2546,,,,,,,,,,,11/11/2025,Ica,Lote 24,Andenes de Andrea,Ica,151.43,87007,9116,Generica
2023-2024,12/11/2025,20:10,Formulario Registro Inspeccion Uva,Ica,Juan M.,True,Perú,Ica,ASIA NORTE,,First Inspection,1103328:00:00,MERLOT,7,,Pass_Pasar,390,16,154,Yes / Si,146.93,16,0,,54,53,848,2,12.4,13.5,,,,2,0.52,0.95,,,,2546,,,,,,,,,,,11/11/2025,Ica,Lote 24,Andenes de Andrea,Ica,151.43,87007,9102,Generica
2023-2024,12/11/2025,20:07,Formulario Registro Inspeccion Uva,Ica,Juan M.,True,Perú,Ica,EUROPA,No,First Inspection,1103328:00:00,AIREN,12,,Pass_Pasar,210,10,341,Yes / Si,336.40,4,0,,109,107.5,1075,2,11.9,12.3,,,,2,0.85,0.58,,,,2546,,,,,,,,,,,11/11/2025,Ica,Lote 37,Tierra Linda,Ica,31.63,87020,9093,Generica
2023-2024,12/11/2025,13:33,Formulario Registro Inspeccion Uva,Pisco,Guadalupe,True,Perú,Pisco,EEUU,,First Inspection,1103352:00:00,PINOT,9,,Pass_Pasar,10,3,,No,,,,,263,258.5,775.5,2,16.9,17.7,,,,2,0.49,0.56,,,,2546,,,,,,,,,,,12/11/2025,Pisco,Lote 4,Santa Bernardina Uva,Pisco,47.28,86987,9111,Generica
2023-2024,12/11/2025,13:31,Formulario Registro Inspeccion Uva,Pisco,Guadalupe,False,Perú,Pisco,EEUU,,First Inspection,1103352:00:00,TINTORERA,7,,Pass_Pasar,25,5,,No,,,,,217,216,1080,2,14.9,13.6,,,,2,0.26,0.41,,,,2546,,,,,,,,,,,12/11/2025,Pisco,Lote 4,Santa Bernardina Uva,Pisco,47.28,86987,9108,Generica
2023-2024,13/11/2025,23:08,Formulario Registro Inspeccion Uva,Ica,Gloria A.,True,Perú,Ica,ASIA CENTRO,No,First Inspection,1103352:00:00,MERLOT,8,,Pass_Pasar,204,5,355,Yes / Si,348.20,0,0,,112,112,560,5,16.5,14,14.7,14.1,15.9,5,0.87,0.62,0.64,0.63,0.57,2546,,,,,,,,,,,12/11/2025,Ica,Lote 7,Uvas del Sabor,Ica,110.1,86990,9116,Generica
2023-2024,13/11/2025,22:55,Formulario Registro Inspeccion Uva,Ica,Gloria A.,True,Perú,Ica,EEUU,,First Inspection,1103352:00:00,TINTORERA,5,,Pass_Pasar,204,5,344,Yes / Si,343.60,0,0,,139,139,695,2,12,11.7,,,,2,1.01,1.28,,,,2546,,,,,,,,,,,12/11/2025,Ica,Lote 7,Uvas del Sabor,Ica,110.1,86990,9110,Organica
2023-2024,13/11/2025,20:27,Formulario Registro Inspeccion Uva,Ica,Juan M.,True,Perú,Ica,EEUU,,First Inspection,1103376:00:00,TINTORERA,7,,Pass_Pasar,210,10,345,Yes / Si,343.90,10,0,,217,212,2120,2,13.4,13.1,,,,2,0.76,0.62,,,,2546,,,,,,,,,,,13/11/2025,Ica,Lote 34,Agricultores del Sol,Ica,249.17,87017,9108,Generica
2023-2024,13/11/2025,20:26,Formulario Registro Inspeccion Uva,Ica,Juan M.,True,Perú,Ica,EEUU,,First Inspection,1103376:00:00,PINOT,7,,Pass_Pasar,110,4,588,Yes / Si,587.00,4,0,,282,280,1120,2,15.9,15.5,,,,2,0.9,0.42,,,,2546,,,,,,,,,,,13/11/2025,Ica,Lote 34,Agricultores del Sol,Ica,249.17,87017,9111,Generica
2023-2024,13/11/2025,20:24,Formulario Registro Inspeccion Uva,Ica,Juan M.,True,Perú,Ica,ASIA NORTE,,First Inspection,1103376:00:00,VERDEJO,7,,Pass_Pasar,290,16,144,Yes / Si,142.53,16,0,,32,31,496,2,12.1,10.2,,,,2,0.92,0.82,,,,2546,,,,,,,,,,,13/11/2025,Ica,Lote 35,Agricultores del Sol,Ica,129.08,87018,9103,Generica
2023-2024,13/11/2025,6:15,Formulario Registro Inspeccion Uva,Piura,Lincoln Fernandez,False,Perú,Piura,EEUU,,First Inspection,1103328:00:00,MERLOT,8,,Pass_Pasar,100,4,353,Yes / Si,352.50,0,0,,138,136,544,5,16,14.8,15.6,15.5,16,5,0.48,0.38,0.35,0.27,0.32,2546,,,,,,,,,,,11/11/2025,Piura,Lote 39,Sociedad del Sol,Piura,71.53,87022,9116,Generica
2023-2024,13/11/2025,6:05,Formulario Registro Inspeccion Uva,Piura,Lincoln Fernandez,False,Perú,Piura,EEUU,,First Inspection,1103328:00:00,AIREN,8,,Pass_Pasar,200,8,355,Yes / Si,353.25,0,0,,144,140,1120,5,14.1,14.8,14.9,16.5,13,5,0.32,0.31,0.32,0.23,0.27,2546,,,,,,,,,,,11/11/2025,Piura,Lote 39,Sociedad del Sol,Piura,71.53,87022,9116,Generica
2023-2024,13/11/2025,5:56,Formulario Registro Inspeccion Uva,Piura,Lincoln Fernandez,False,Perú,Piura,EEUU,,First Inspection,1103328:00:00,VERDEJO,8,,Pass_Pasar,200,8,355,Yes / Si,353.37,0,0,,128,125,1000,5,12.4,14.4,13.6,14.1,13.6,5,0.36,0.5,0.51,0.45,0.56,2546,,,,,,,,,,,11/11/2025,Piura,Lote 39,Sociedad del Sol,Piura,71.53,87022,9116,Generica
2023-2024,13/11/2025,0:08,Formulario Registro Inspeccion Uva,Pisco,Guadalupe,False,Perú,Pisco,EEUU,,First Inspection,1103352:00:00,MERLOT,7,,Pass_Pasar,25,3,,No,,,,,193,190,570,6,13.1,13.4,13,16.3,13.7,6,0.6,0.64,0.96,0.44,0.43,2546,13.6,,0.4,,,,,,,,12/11/2025,Pisco,Lote 5,Santa Bernardina Uva,Pisco,72.27,86988,9118,Generica
2023-2024,14/11/2025,0:59,Formulario Registro Inspeccion Uva,Pisco,Guadalupe,False,Perú,Pisco,EEUU,,First Inspection,1103376:00:00,MERLOT,7,,Pass_Pasar,276,11,359,Yes / Si,354.63,0,0,,95,97.5,1072.5,5,14,13.5,15.3,15.8,14.9,5,0.3,0.39,0.32,0.36,0.45,2546,,,,,,,,,,,13/11/2025,Pisco,Lote 3,Santa Bernardina Uva,Pisco,313.27,86986,9116,Generica
2023-2024,14/11/2025,0:55,Formulario Registro Inspeccion Uva,Pisco,Guadalupe,True,Perú,Pisco,EEUU,,First Inspection,1103376:00:00,MERLOT,7,,Pass_Pasar,276,11,364,Yes / Si,355.36,0,0,,94,99,1089,5,13.3,14.2,12.8,14.3,13.5,5,0.55,0.51,0.52,0.34,0.34,2546,,,,,,,,,,,13/11/2025,Pisco,Lote 3,Santa Bernardina Uva,Pisco,313.27,86986,9116,Generica
2023-2024,14/11/2025,0:51,Formulario Registro Inspeccion Uva,Pisco,Guadalupe,True,Perú,Pisco,EEUU,,First Inspection,1103376:00:00,AIREN,9,,Pass_Pasar,276,11,368,Yes / Si,358.09,0,0,,106,103.5,1138.5,7,11.9,11.8,12.4,12.5,12.5,7,0.28,0.47,0.42,0.35,0.27,2546,13.4,12.1,0.55,0.34,,,,,,,13/11/2025,Pisco,Lote 3,Santa Bernardina Uva,Pisco,313.27,86986,9116,Generica
2023-2024,14/11/2025,0:41,Formulario Registro Inspeccion Uva,Pisco,Guadalupe,True,Perú,Pisco,EEUU,,First Inspection,1103376:00:00,AIREN,7,,Pass_Pasar,25,3,,No,,,,,310,310,930,2,14.9,13.2,,,,2,0.8,0.8,,,,2546,,,,,,,,,,,13/11/2025,Pisco,Lote 5,Santa Bernardina Uva,Pisco,72.27,86988,9111,Generica
2023-2024,14/11/2025,0:38,Formulario Registro Inspeccion Uva,Pisco,Guadalupe,False,Perú,Pisco,EEUU,,First Inspection,1103376:00:00,AIREN,7,,Pass_Pasar,25,5,,No,,,,,112,108,540,7,13.9,12.8,14.5,15.8,14.7,7,0.91,0.8,0.72,0.58,0.48,2546,13.7,15.2,0.67,0.85,,,,,,,13/11/2025,Pisco,Lote 5,Santa Bernardina Uva,Pisco,72.27,86988,9116,Generica
2023-2024,14/11/2025,0:33,Formulario Registro Inspeccion Uva,Pisco,Guadalupe,False,Perú,Pisco,EEUU,,First Inspection,1103376:00:00,MERLOT,7,,Pass_Pasar,30,4,,No,,,,,184,184,736,6,13.9,14,14,12.5,10.6,6,0.42,0.33,0.52,0.47,1.02,2546,13.4,,0.42,,,,,,,,13/11/2025,Pisco,Lote 5,Santa Bernardina Uva,Pisco,72.27,86988,9118,Generica
2023-2024,14/11/2025,23:23,Formulario Registro Inspeccion Uva,Pisco,Guadalupe,True,Perú,Pisco,EEUU,,First Inspection,1103400:00:00,AIREN,7,,Pass_Pasar,85,3,583.5,Yes / Si,583.33,0,0,,175,175,525,7,11.7,12.1,13.5,12.6,12.6,7,0.6,0.69,0.5,0.63,0.58,2546,12.6,12.8,0.41,0.63,,,,,,,14/11/2025,Pisco,Lote 10,Eden del Norte,Pisco,76.26,86993,9116,Generica
2023-2024,14/11/2025,23:18,Formulario Registro Inspeccion Uva,Pisco,Guadalupe,True,Perú,Pisco,EEUU,,First Inspection,1103400:00:00,AIREN,7,,Pass_Pasar,85,3,583.5,Yes / Si,583.16,0,0,,183,183,549,7,13.3,13.5,12.8,13.9,14.3,7,0.33,0.54,0.62,0.6,0.47,2546,12.4,12,0.64,0.43,,,,,,,14/11/2025,Pisco,Lote 10,Eden del Norte,Pisco,76.26,86993,9118,Generica
2023-2024,14/11/2025,23:12,Formulario Registro Inspeccion Uva,Pisco,Guadalupe,False,Perú,Pisco,EEUU,,First Inspection,1103400:00:00,AIREN,7,,Pass_Pasar,85,3,583,Yes / Si,582.66,0,0,,177,171.5,514.5,8,13.3,13,11.1,12.4,12,8,0.7,0.78,0.74,0.61,0.47,2546,13.3,13.2,0.58,0.53,13.1,,,0.67,,,14/11/2025,Pisco,Lote 10,Eden del Norte,Pisco,76.26,86993,9118,Generica
2023-2024,14/11/2025,20:17,Formulario Registro Inspeccion Uva,Piura,Lincoln Fernandez,False,Perú,Piura,EEUU,,First Inspection,1103400:00:00,MERLOT,9,,Pass_Pasar,276,10,364.7,Yes / Si,359.44,0,0,,112,107.5,1075,5,17.6,18.2,16.3,15.5,15.9,5,0.47,0.49,0.37,0.47,0.43,2546,,,,,,,,,,,14/11/2025,Piura,Lote 1,Santa Bernardina Uva,Piura,80.51,86984,9116,Generica
2023-2024,14/11/2025,20:03,Formulario Registro Inspeccion Uva,Piura,Lincoln Fernandez,False,Perú,Piura,EEUU,,First Inspection,1103400:00:00,MERLOT,9,,Pass_Pasar,200,8,367.1,Yes / Si,358.78,0,0,,120,118,944,5,13.9,14.7,13.4,13.9,14.2,5,0.46,0.39,0.42,0.41,0.38,2546,,,,,,,,,,,14/11/2025,Piura,Lote 2,Santa Bernardina Uva,Piura,66.97,86985,9116,Generica
2023-2024,14/11/2025,19:39,Formulario Registro Inspeccion Uva,Piura,Lincoln Fernandez,True,Perú,Piura,EEUU,,First Inspection,1103400:00:00,AIREN,10,,Pass_Pasar,204,8,362,Yes / Si,360.37,8,0,,161,159.5,1276,2,14.8,15.9,,,,2,0.18,0.24,,,,2546,,,,,,,,,,,14/11/2025,Piura,Lote 41,Campos Gloriosos,Piura,61.84,87024,9108,Generica
2023-2024,14/11/2025,19:37,Formulario Registro Inspeccion Uva,Piura,Lincoln Fernandez,False,Perú,Piura,EEUU,,First Inspection,1103400:00:00,AIREN,10,,Pass_Pasar,204,8,363,Yes / Si,360.12,8,1,,138,132.5,1060,2,14.8,15.9,,,,2,0.18,0.24,,,,2546,,,,,,,,,,,14/11/2025,Piura,Lote 41,Campos Gloriosos,Piura,61.84,87024,9108,Generica
2023-2024,14/11/2025,17:33,Formulario Registro Inspeccion Uva,Ica,Gloria A.,True,Perú,Ica,EEUU,,First Inspection,1103376:00:00,MERLOT,10,,Pass_Pasar,106,4,594,Yes / Si,587.75,4,0,,215,215,860,2,14.1,12.8,,,,2,0.37,0.64,,,,2546,,,,,,,,,,,13/11/2025,Ica,Lote 37,Tierra Linda,Ica,31.63,87020,9111,Generica
2023-2024,14/11/2025,17:30,Formulario Registro Inspeccion Uva,Ica,Gloria A.,True,Perú,Ica,EEUU,,First Inspection,1103400:00:00,MERLOT,10,,Pass_Pasar,204,8,356,Yes / Si,354.75,0,0,,93,91.5,732,5,15.5,13.9,13.6,13.5,13.5,5,0.49,0.48,0.41,0.38,0.37,2546,,,,,,,,,,,14/11/2025,Ica,Lote 37,Tierra Linda,Ica,31.63,87020,9116,Generica
2023-2024,14/11/2025,16:27,Formulario Registro Inspeccion Uva,Ica,Juan M.,True,Perú,Pisco,ASIA NORTE,,First Inspection,1103376:00:00,MERLOT,9,,Pass_Pasar,390,16,147,Yes / Si,143.31,16,0,,50,49.5,792,2,15.1,15.5,,,,2,0.37,0.76,,,,2546,,,,,,,,,,,13/11/2025,Pisco,Lote 20,Agricultores Unidos,Pisco,344.98,87003,9102,Generica
2023-2024,14/11/2025,16:25,Formulario Registro Inspeccion Uva,Ica,Juan M.,True,Perú,Pisco,ASIA NORTE,,First Inspection,1103376:00:00,VERDEJO,6,,Pass_Pasar,390,16,149,Yes / Si,1019.25,16,0,,50,50,800,2,13.9,11.4,,,,2,0.64,0.88,,,,2546,,,,,,,,,,,13/11/2025,Pisco,Lote 20,Agricultores Unidos,Pisco,344.98,87003,9102,Generica
2023-2024,14/11/2025,16:24,Formulario Registro Inspeccion Uva,Ica,Juan M.,True,Perú,Pisco,ASIA NORTE,,First Inspection,1103376:00:00,VERDEJO,6,,Pass_Pasar,390,16,151,Yes / Si,145.31,16,0,,34,33.5,536,2,13.7,11.8,,,,2,0.7,0.72,,,,2546,,,,,,,,,,,13/11/2025,Pisco,Lote 20,Agricultores Unidos,Pisco,344.98,87003,9103,Generica
2023-2024,14/11/2025,16:21,Formulario Registro Inspeccion Uva,Ica,Juan M.,False,Perú,Ica,EUROPA,No,First Inspection,1103376:00:00,AIREN,9,,Pass_Pasar,210,10,334,Yes / Si,331.20,0,0,,112,109.5,1095,5,13.6,12.9,12.9,14,13.2,5,0.48,0.31,0.3,0.25,0.21,2546,,,,,,,,,,,13/11/2025,Ica,Lote 19,Agricultores Unidos,Ica,79.51,87002,9097,Generica
2023-2024,14/11/2025,0:59,Formulario Registro Inspeccion Uva,Pisco,Guadalupe,False,Perú,Pisco,EEUU,,First Inspection,1103376:00:00,MERLOT,7,,Pass_Pasar,276,11,359,Yes / Si,354.63,0,0,,95,97.5,1072.5,5,14,13.5,15.3,15.8,14.9,5,0.3,0.39,0.32,0.36,0.45,2546,,,,,,,,,,,13/11/2025,Pisco,Lote 3,Santa Bernardina Uva,Pisco,313.27,86986,9116,Generica
2023-2024,14/11/2025,0:55,Formulario Registro Inspeccion Uva,Pisco,Guadalupe,True,Perú,Pisco,EEUU,,First Inspection,1103376:00:00,MERLOT,7,,Pass_Pasar,276,11,364,Yes / Si,355.36,0,0,,94,99,1089,5,13.3,14.2,12.8,14.3,13.5,5,0.55,0.51,0.52,0.34,0.34,2546,,,,,,,,,,,13/11/2025,Pisco,Lote 3,Santa Bernardina Uva,Pisco,313.27,86986,9116,Generica
2023-2024,14/11/2025,0:51,Formulario Registro Inspeccion Uva,Pisco,Guadalupe,True,Perú,Pisco,EEUU,,First Inspection,1103376:00:00,AIREN,9,,Pass_Pasar,276,11,368,Yes / Si,358.09,0,0,,106,103.5,1138.5,7,11.9,11.8,12.4,12.5,12.5,7,0.28,0.47,0.42,0.35,0.27,2546,13.4,12.1,0.55,0.34,,,,,,,13/11/2025,Pisco,Lote 3,Santa Bernardina Uva,Pisco,313.27,86986,9116,Generica
2023-2024,14/11/2025,0:41,Formulario Registro Inspeccion Uva,Pisco,Guadalupe,True,Perú,Pisco,EEUU,,First Inspection,1103376:00:00,AIREN,7,,Pass_Pasar,25,3,,No,,,,,310,310,930,2,14.9,13.2,,,,2,0.8,0.8,,,,2546,,,,,,,,,,,13/11/2025,Pisco,Lote 5,Santa Bernardina Uva,Pisco,72.27,86988,9111,Generica
2023-2024,14/11/2025,0:38,Formulario Registro Inspeccion Uva,Pisco,Guadalupe,False,Perú,Pisco,EEUU,,First Inspection,1103376:00:00,AIREN,7,,Pass_Pasar,25,5,,No,,,,,112,108,540,7,13.9,12.8,14.5,15.8,14.7,7,0.91,0.8,0.72,0.58,0.48,2546,13.7,15.2,0.67,0.85,,,,,,,13/11/2025,Pisco,Lote 5,Santa Bernardina Uva,Pisco,72.27,86988,9116,Generica
2023-2024,14/11/2025,0:33,Formulario Registro Inspeccion Uva,Pisco,Guadalupe,False,Perú,Pisco,EEUU,,First Inspection,1103376:00:00,MERLOT,7,,Pass_Pasar,30,4,,No,,,,,184,184,736,6,13.9,14,14,12.5,10.6,6,0.42,0.33,0.52,0.47,1.02,2546,13.4,,0.42,,,,,,,,13/11/2025,Pisco,Lote 5,Santa Bernardina Uva,Pisco,72.27,86988,9118,Generica
2023-2024,15/11/2025,14:52,Formulario Registro Inspeccion Uva,Ica,Juan M.,True,Perú,Pisco,EUROPA,Yes / Si,First Inspection,1103400:00:00,VERDEJO,7,Arabia Saudita,Pass_Pasar,390,16,149,Yes / Si,144.50,16,0,,48,46.5,744,2,12.9,13,,,,2,0.58,0.59,,,,2546,,,,,,,,,,,14/11/2025,Pisco,Lote 20,Agricultores Unidos,Pisco,344.98,87003,9092,Generica
2023-2024,15/11/2025,14:50,Formulario Registro Inspeccion Uva,Ica,Juan M.,True,Perú,Pisco,ASIA CENTRO,Yes / Si,First Inspection,1103400:00:00,AIREN,8,Singapur,Pass_Pasar,390,16,147,Yes / Si,144.06,16,0,,51,50,800,2,13.4,13.9,,,,2,0.34,0.49,,,,2546,,,,,,,,,,,14/11/2025,Pisco,Lote 20,Agricultores Unidos,Pisco,344.98,87003,9102,Generica
2023-2024,15/11/2025,14:48,Formulario Registro Inspeccion Uva,Ica,Juan M.,True,Perú,Ica,EUROPA,No,First Inspection,1103400:00:00,TINTORERA,7,,Pass_Pasar,210,10,334,Yes / Si,331.30,0,0,,230,225,2250,2,15.4,13.9,,,,2,0.44,0.98,,,,2546,,,,,,,,,,,14/11/2025,Ica,Lote 14,Agricultores Unidos,Ica,40.26,86997,9098,Generica
2023-2024,18/11/2025,23:19,Formulario Registro Inspeccion Uva,Piura,Lincoln Fernandez,False,Perú,Piura,EEUU,,First Inspection,1103472:00:00,AIREN,7,,Pass_Pasar,200,8,355,Yes / Si,352.75,0,1,,141,138.5,1108,5,16.4,15.4,14,15.8,14.8,5,0.27,0.18,0.31,0.3,0.21,2547,,,,,,,,,,,17/11/2025,Piura,Lote 39,Sociedad del Sol,Piura,71.53,87022,9116,Generica
2023-2024,18/11/2025,23:08,Formulario Registro Inspeccion Uva,Piura,Lincoln Fernandez,True,Perú,Piura,EEUU,,First Inspection,1103496:00:00,AIREN,10,,Pass_Pasar,204,8,361,Yes / Si,360.00,8,0,,136,132.5,1060,2,14.6,12.4,,,,2,0.21,0.18,,,,2547,,,,,,,,,,,18/11/2025,Piura,Lote 41,Campos Gloriosos,Piura,61.84,87024,9108,Generica
2023-2024,18/11/2025,23:05,Formulario Registro Inspeccion Uva,Piura,Lincoln Fernandez,False,Perú,Piura,EEUU,,First Inspection,1103496:00:00,AIREN,7,,Pass_Pasar,50,2,581,Yes / Si,580.00,2,0,,403,403,806,2,14.2,14.4,,,,2,0.21,0.29,,,,2547,,,,,,,,,,,18/11/2025,Piura,Lote 39,Sociedad del Sol,Piura,71.53,87022,9111,Generica
2023-2024,18/11/2025,23:02,Formulario Registro Inspeccion Uva,Piura,Lincoln Fernandez,True,Perú,Piura,EEUU,,First Inspection,1103496:00:00,AIREN,10,,Pass_Pasar,100,4,362,Yes / Si,360.75,4,0,,143,137,548,2,14.6,12.4,,,,2,0.21,0.18,,,,2547,,,,,,,,,,,18/11/2025,Piura,Lote 41,Campos Gloriosos,Piura,61.84,87024,9108,Generica
2023-2024,18/11/2025,22:56,Formulario Registro Inspeccion Uva,Piura,Lincoln Fernandez,False,Perú,Piura,EEUU,,First Inspection,1103496:00:00,AIREN,12,,Pass_Pasar,140,6,349.9,Yes / Si,347.16,6,0,,183,179.5,1077,2,12.4,12.1,,,,2,0.62,0.49,,,,2547,,,,,,,,,,,18/11/2025,Piura,Lote 1,Santa Bernardina Uva,Piura,80.51,86984,9108,Generica
2023-2024,18/11/2025,19:50,Formulario Registro Inspeccion Uva,Ica,Juan M.,True,Perú,Pisco,ASIA NORTE,,First Inspection,1103472:00:00,AIREN,7,,Pass_Pasar,390,16,148,Yes / Si,143.12,16,0,,46,42.5,680,2,12.8,11.3,,,,2,0.26,0.47,,,,2547,,,,,,,,,,,17/11/2025,Pisco,Lote 20,Agricultores Unidos,Pisco,344.98,87003,9102,Generica
2023-2024,18/11/2025,19:48,Formulario Registro Inspeccion Uva,Ica,Juan M.,True,Perú,Ica,ASIA NORTE,,First Inspection,1103472:00:00,VERDEJO,8,,Pass_Pasar,390,16,157,Yes / Si,144.56,16,0,,36,34,544,2,13.4,12.9,,,,2,0.52,0.54,,,,2547,,,,,,,,,,,17/11/2025,Ica,Lote 15,Agricultores Unidos,Ica,62.09,86998,9103,Generica
2023-2024,18/11/2025,19:46,Formulario Registro Inspeccion Uva,Ica,Gloria A.,True,Perú,Ica,EUROPA,No,First Inspection,1103472:00:00,TINTORERA,8,,Pass_Pasar,192,8,341,Yes / Si,332.75,0,0,,211,210,1680,2,11.9,13.5,,,,2,0.66,0.61,,,,2547,,,,,,,,,,,17/11/2025,Ica,Lote 15,Agricultores Unidos,Ica,62.09,86998,9098,Generica
2023-2024,18/11/2025,19:45,Formulario Registro Inspeccion Uva,Ica,Juan M.,True,Perú,Ica,EUROPA,No,First Inspection,1103496:00:00,AIREN,10,,Pass_Pasar,110,4,568,Yes / Si,566.00,4,0,,186,183,732,2,11.2,11.8,,,,2,0.51,0.33,,,,2547,,,,,,,,,,,18/11/2025,Ica,Lote 37,Tierra Linda,Ica,31.63,87020,9095,Generica
2023-2024,18/11/2025,19:43,Formulario Registro Inspeccion Uva,Ica,Juan M.,False,Perú,Ica,EUROPA,No,First Inspection,1103472:00:00,MERLOT,10,,Pass_Pasar,110,4,566,Yes / Si,563.50,4,0,,151,148,592,2,15.5,12.8,,,,2,0.72,0.6,,,,2547,,,,,,,,,,,17/11/2025,Ica,Lote 38,Tierra Linda,Ica,35.08,87021,9095,Generica
2023-2024,18/11/2025,19:41,Formulario Registro Inspeccion Uva,Pisco,Gloria A.,True,Perú,Pisco,ASIA NORTE,,First Inspection,1103472:00:00,AIREN,7,,Pass_Pasar,390,16,147,Yes / Si,143.50,16,0,,50,49.5,792,2,13.4,14,,,,2,0.96,0.8,,,,2547,,,,,,,,,,,17/11/2025,Pisco,Lote 20,Agricultores Unidos,Pisco,344.98,87003,9102,Generica
2023-2024,19/11/2025,14:55,Formulario Registro Inspeccion Uva,Ica,Juan M.,True,Perú,Ica,EUROPA,No,First Inspection,1103496:00:00,MERLOT,10,,Pass_Pasar,110,4,566,Yes / Si,564.50,4,0,,160,158.5,634,2,15.4,13.7,,,,2,0.55,0.45,,,,2547,,,,,,,,,,,18/11/2025,Ica,Lote 38,Tierra Linda,Ica,35.08,87021,9095,Generica
2023-2024,19/11/2025,14:52,Formulario Registro Inspeccion Uva,Ica,Juan M.,True,Perú,Ica,EEUU,,First Inspection,1103520:00:00,MERLOT,10,,Pass_Pasar,276,10,356,Yes / Si,353.50,0,0,,95,94.5,945,5,14.1,13.5,14.8,13.5,12.9,5,0.44,0.32,0.41,0.69,0.4,2547,,,,,,,,,,,19/11/2025,Ica,Lote 38,Tierra Linda,Ica,35.08,87021,9116,Generica
2023-2024,19/11/2025,14:29,Formulario Registro Inspeccion Uva,Ica,Gloria A.,True,Perú,Ica,EEUU,,First Inspection,1103520:00:00,AIREN,8,,Pass_Pasar,204,5,358,Yes / Si,357.70,0,0,,115,112.5,562.5,7,13.5,13.5,13.4,15.4,15.8,7,0.38,1,0.58,0.79,0.44,2547,13.6,14.3,0.33,0.79,,,,,,,19/11/2025,Ica,Lote 35,Agricultores del Sol,Ica,129.08,87018,9116,Generica
2023-2024,19/11/2025,14:28,Formulario Registro Inspeccion Uva,Ica,Gloria A.,True,Perú,Ica,EEUU,,First Inspection,1103520:00:00,AIREN,8,,Pass_Pasar,204,10,368,Yes / Si,358.95,0,0,,112,109,1090,6,13.6,13.3,15,13.8,14.8,6,0.65,0.48,0.55,0.55,0.29,2547,14.6,,0.81,,,,,,,,19/11/2025,Ica,Lote 35,Agricultores del Sol,Ica,129.08,87018,9116,Generica
2023-2024,19/11/2025,6:47,Formulario Registro Inspeccion Uva,Pisco,Guadalupe,True,Perú,Pisco,EEUU,,First Inspection,1103496:00:00,AIREN,7,,Pass_Pasar,85,3,584,Yes / Si,583.50,0,0,,194,194,582,6,12.9,13.1,13.5,13.4,13.6,6,0.85,0.45,0.39,0.41,0.45,2547,13.7,,0.45,,,,,,,,18/11/2025,Pisco,Lote 10,Eden del Norte,Pisco,76.26,86993,9118,Generica
2023-2024,19/11/2025,6:42,Formulario Registro Inspeccion Uva,Pisco,Guadalupe,True,Perú,Pisco,EEUU,,First Inspection,1103496:00:00,AIREN,7,,Pass_Pasar,85,3,583.5,Yes / Si,583.16,0,0,,186,186,558,6,13.1,13.2,13.4,13.3,12.4,6,0.41,0.67,0.35,0.53,0.53,2547,12.5,,0.48,,,,,,,,18/11/2025,Pisco,Lote 10,Eden del Norte,Pisco,76.26,86993,9118,Generica
2023-2024,19/11/2025,6:37,Formulario Registro Inspeccion Uva,Pisco,Guadalupe,False,Perú,Pisco,EEUU,,First Inspection,1103496:00:00,AIREN,7,,Pass_Pasar,85,3,585,Yes / Si,584.00,0,0,,193,193,579,6,11.4,12.2,12,12.8,14.1,6,0.79,0.95,0.62,0.91,0.63,2547,12.4,,0.47,,,,,,,,18/11/2025,Pisco,Lote 10,Eden del Norte,Pisco,76.26,86993,9118,Generica
2023-2024,19/11/2025,0:35,Formulario Registro Inspeccion Uva,Pisco,Guadalupe,True,Perú,Pisco,EEUU,,First Inspection,1103496:00:00,AIREN,7,,Pass_Pasar,25,3,,No,,,,,182,182,546,6,13.4,14.5,13.6,14.3,13.1,6,0.6,0.61,0.63,0.52,0.55,2547,13.6,,0.4,,,,,,,,18/11/2025,Pisco,Lote 5,Santa Bernardina Uva,Pisco,72.27,86988,9118,Generica
2023-2024,19/11/2025,0:15,Formulario Registro Inspeccion Uva,Pisco,Guadalupe,False,Perú,Pisco,EEUU,,First Inspection,1103496:00:00,MERLOT,8,,Pass_Pasar,25,5,,No,,,,,110,105,525,6,12.3,14.5,14.4,11.8,12.3,6,0.45,0.44,0.36,0.47,0.7,2547,12.3,,0.53,,,,,,,,18/11/2025,Pisco,Lote 5,Santa Bernardina Uva,Pisco,72.27,86988,9116,Generica
2023-2024,19/11/2025,0:06,Formulario Registro Inspeccion Uva,Pisco,Guadalupe,True,Perú,Pisco,EEUU,,First Inspection,1103496:00:00,TINTORERA,7,,Pass_Pasar,10,3,,No,,,,,351,351,1053,2,14.7,12.8,,,,2,0.3,0.28,,,,2547,,,,,,,,,,,18/11/2025,Pisco,Lote 4,Santa Bernardina Uva,Pisco,47.28,86987,9111,Generica
2023-2024,19/11/2025,14:55,Formulario Registro Inspeccion Uva,Ica,Juan M.,True,Perú,Ica,EUROPA,No,First Inspection,1103496:00:00,MERLOT,10,,Pass_Pasar,110,4,566,Yes / Si,564.50,4,0,,160,158.5,634,2,15.4,13.7,,,,2,0.55,0.45,,,,2547,,,,,,,,,,,18/11/2025,Ica,Lote 38,Tierra Linda,Ica,35.08,87021,9095,Generica
2023-2024,19/11/2025,14:52,Formulario Registro Inspeccion Uva,Ica,Juan M.,True,Perú,Ica,EEUU,,First Inspection,1103520:00:00,MERLOT,10,,Pass_Pasar,276,10,356,Yes / Si,353.50,0,0,,95,94.5,945,5,14.1,13.5,14.8,13.5,12.9,5,0.44,0.32,0.41,0.69,0.4,2547,,,,,,,,,,,19/11/2025,Ica,Lote 38,Tierra Linda,Ica,35.08,87021,9116,Generica
2023-2024,19/11/2025,14:29,Formulario Registro Inspeccion Uva,Ica,Gloria A.,True,Perú,Ica,EEUU,,First Inspection,1103520:00:00,AIREN,8,,Pass_Pasar,204,5,358,Yes / Si,357.70,0,0,,115,112.5,562.5,7,13.5,13.5,13.4,15.4,15.8,7,0.38,1,0.58,0.79,0.44,2547,13.6,14.3,0.33,0.79,,,,,,,19/11/2025,Ica,Lote 35,Agricultores del Sol,Ica,129.08,87018,9116,Generica
2023-2024,19/11/2025,14:28,Formulario Registro Inspeccion Uva,Ica,Gloria A.,True,Perú,Ica,EEUU,,First Inspection,1103520:00:00,AIREN,8,,Pass_Pasar,204,10,368,Yes / Si,358.95,0,0,,112,109,1090,6,13.6,13.3,15,13.8,14.8,6,0.65,0.48,0.55,0.55,0.29,2547,14.6,,0.81,,,,,,,,19/11/2025,Ica,Lote 35,Agricultores del Sol,Ica,129.08,87018,9116,Generica
2023-2024,19/11/2025,6:47,Formulario Registro Inspeccion Uva,Pisco,Guadalupe,True,Perú,Pisco,EEUU,,First Inspection,1103496:00:00,AIREN,7,,Pass_Pasar,85,3,584,Yes / Si,583.50,0,0,,194,194,582,6,12.9,13.1,13.5,13.4,13.6,6,0.85,0.45,0.39,0.41,0.45,2547,13.7,,0.45,,,,,,,,18/11/2025,Pisco,Lote 10,Eden del Norte,Pisco,76.26,86993,9118,Generica
2023-2024,19/11/2025,6:42,Formulario Registro Inspeccion Uva,Pisco,Guadalupe,True,Perú,Pisco,EEUU,,First Inspection,1103496:00:00,AIREN,7,,Pass_Pasar,85,3,583.5,Yes / Si,583.16,0,0,,186,186,558,6,13.1,13.2,13.4,13.3,12.4,6,0.41,0.67,0.35,0.53,0.53,2547,12.5,,0.48,,,,,,,,18/11/2025,Pisco,Lote 10,Eden del Norte,Pisco,76.26,86993,9118,Generica
2023-2024,19/11/2025,6:37,Formulario Registro Inspeccion Uva,Pisco,Guadalupe,False,Perú,Pisco,EEUU,,First Inspection,1103496:00:00,AIREN,7,,Pass_Pasar,85,3,585,Yes / Si,584.00,0,0,,193,193,579,6,11.4,12.2,12,12.8,14.1,6,0.79,0.95,0.62,0.91,0.63,2547,12.4,,0.47,,,,,,,,18/11/2025,Pisco,Lote 10,Eden del Norte,Pisco,76.26,86993,9118,Generica
2023-2024,19/11/2025,0:35,Formulario Registro Inspeccion Uva,Pisco,Guadalupe,True,Perú,Pisco,EEUU,,First Inspection,1103496:00:00,AIREN,7,,Pass_Pasar,25,3,,No,,,,,182,182,546,6,13.4,14.5,13.6,14.3,13.1,6,0.6,0.61,0.63,0.52,0.55,2547,13.6,,0.4,,,,,,,,18/11/2025,Pisco,Lote 5,Santa Bernardina Uva,Pisco,72.27,86988,9118,Generica
2023-2024,19/11/2025,0:15,Formulario Registro Inspeccion Uva,Pisco,Guadalupe,False,Perú,Pisco,EEUU,,First Inspection,1103496:00:00,MERLOT,8,,Pass_Pasar,25,5,,No,,,,,110,105,525,6,12.3,14.5,14.4,11.8,12.3,6,0.45,0.44,0.36,0.47,0.7,2547,12.3,,0.53,,,,,,,,18/11/2025,Pisco,Lote 5,Santa Bernardina Uva,Pisco,72.27,86988,9116,Generica
2023-2024,19/11/2025,0:06,Formulario Registro Inspeccion Uva,Pisco,Guadalupe,True,Perú,Pisco,EEUU,,First Inspection,1103496:00:00,TINTORERA,7,,Pass_Pasar,10,3,,No,,,,,351,351,1053,2,14.7,12.8,,,,2,0.3,0.28,,,,2547,,,,,,,,,,,18/11/2025,Pisco,Lote 4,Santa Bernardina Uva,Pisco,47.28,86987,9111,Generica
2023-2024,20/11/2025,7:01,Formulario Registro Inspeccion Uva,Pisco,Guadalupe,False,Perú,Pisco,EEUU,,First Inspection,1103520:00:00,AIREN,9,,Pass_Pasar,276,11,359,Yes / Si,353.27,0,5,,92,92,1012,5,13.2,13.5,13.8,13.8,15.5,5,0.43,0.52,0.37,0.32,0.24,2547,,,,,,,,,,,19/11/2025,Pisco,Lote 3,Santa Bernardina Uva,Pisco,313.27,86986,9116,Generica
2023-2024,20/11/2025,6:55,Formulario Registro Inspeccion Uva,Pisco,Guadalupe,True,Perú,Pisco,EEUU,,First Inspection,1103520:00:00,AIREN,9,,Pass_Pasar,276,11,367,Yes / Si,357.36,0,0,,99,105.5,1160.5,5,12.2,13.2,13.3,12.4,13.4,5,0.22,0.51,0.24,0.38,0.49,2547,,,,,,,,,,,19/11/2025,Pisco,Lote 3,Santa Bernardina Uva,Pisco,313.27,86986,9116,Generica
2023-2024,20/11/2025,6:52,Formulario Registro Inspeccion Uva,Pisco,Guadalupe,True,Perú,Pisco,EEUU,,First Inspection,1103520:00:00,AIREN,9,,Pass_Pasar,110,4,585,Yes / Si,579.50,0,0,,180,180,720,6,13.2,14,13.9,14.1,13.7,6,0.65,0.3,0.35,0.4,0.45,2547,13.2,,0.33,,,,,,,,19/11/2025,Pisco,Lote 3,Santa Bernardina Uva,Pisco,313.27,86986,9118,Generica
2023-2024,20/11/2025,6:43,Formulario Registro Inspeccion Uva,Pisco,Guadalupe,True,Perú,Pisco,EEUU,,First Inspection,1103520:00:00,AIREN,7,,Pass_Pasar,82,3,583.5,Yes / Si,583.16,0,0,,188,188,564,6,12.3,12.7,12.6,13.2,11.7,6,0.52,0.47,0.46,0.52,0.31,2547,12,,0.33,,,,,,,,19/11/2025,Pisco,Lote 10,Eden del Norte,Pisco,76.26,86993,9118,Generica
2023-2024,20/11/2025,6:40,Formulario Registro Inspeccion Uva,Pisco,Guadalupe,False,Perú,Pisco,EEUU,,First Inspection,1103520:00:00,AIREN,7,,Pass_Pasar,85,3,583,Yes / Si,583.00,0,0,,178,178,534,6,13.2,12.8,12.5,11.8,12.4,6,0.33,0.43,0.49,0.31,0.54,2547,12.9,,0.46,,,,,,,,19/11/2025,Pisco,Lote 10,Eden del Norte,Pisco,76.26,86993,9118,Generica
2023-2024,20/11/2025,6:36,Formulario Registro Inspeccion Uva,Pisco,Guadalupe,True,Perú,Pisco,EEUU,,First Inspection,1103520:00:00,AIREN,7,,Pass_Pasar,85,3,583,Yes / Si,582.83,0,0,,111,111,333,5,12.6,14.1,12.1,13.3,12.4,5,0.53,0.38,0.42,0.25,0.49,2547,,,,,,,,,,,19/11/2025,Pisco,Lote 10,Eden del Norte,Pisco,76.26,86993,9118,Generica
2023-2024,20/11/2025,6:29,Formulario Registro Inspeccion Uva,Pisco,Guadalupe,False,Perú,Pisco,EEUU,,First Inspection,1103520:00:00,AIREN,7,,Pass_Pasar,25,3,,No,,,,,147,147,441,6,13.3,14,12.8,13.4,14.1,6,0.63,0.52,0.38,0.57,0.28,2547,15.8,,0.32,,,,,,,,19/11/2025,Pisco,Lote 5,Santa Bernardina Uva,Pisco,72.27,86988,9118,Generica
2023-2024,20/11/2025,6:25,Formulario Registro Inspeccion Uva,Pisco,Guadalupe,True,Perú,Pisco,EEUU,,First Inspection,1103520:00:00,MERLOT,7,,Pass_Pasar,25,5,,No,,,,,104,103,515,6,10.9,11,13.4,13.2,11.7,6,0.41,0.49,0.37,0.33,0.5,2547,12.1,,0.42,,,,,,,,19/11/2025,Pisco,Lote 5,Santa Bernardina Uva,Pisco,72.27,86988,9116,Generica
2023-2024,20/11/2025,6:17,Formulario Registro Inspeccion Uva,Pisco,Guadalupe,False,Perú,Pisco,EEUU,,First Inspection,1103520:00:00,AIREN,8,,Pass_Pasar,25,3,,No,,,,,108,108,324,6,14.8,14,13.9,14.8,14.1,6,0.48,0.58,0.73,0.34,0.74,2547,14.4,,0.66,,,,,,,,19/11/2025,Pisco,Lote 4,Santa Bernardina Uva,Pisco,47.28,86987,9118,Generica
2023-2024,20/11/2025,7:01,Formulario Registro Inspeccion Uva,Pisco,Guadalupe,False,Perú,Pisco,EEUU,,First Inspection,1103520:00:00,AIREN,9,,Pass_Pasar,276,11,359,Yes / Si,353.27,0,5,,92,92,1012,5,13.2,13.5,13.8,13.8,15.5,5,0.43,0.52,0.37,0.32,0.24,2547,,,,,,,,,,,19/11/2025,Pisco,Lote 3,Santa Bernardina Uva,Pisco,313.27,86986,9116,Generica
2023-2024,20/11/2025,6:55,Formulario Registro Inspeccion Uva,Pisco,Guadalupe,True,Perú,Pisco,EEUU,,First Inspection,1103520:00:00,AIREN,9,,Pass_Pasar,276,11,367,Yes / Si,357.36,0,0,,99,105.5,1160.5,5,12.2,13.2,13.3,12.4,13.4,5,0.22,0.51,0.24,0.38,0.49,2547,,,,,,,,,,,19/11/2025,Pisco,Lote 3,Santa Bernardina Uva,Pisco,313.27,86986,9116,Generica
2023-2024,20/11/2025,6:52,Formulario Registro Inspeccion Uva,Pisco,Guadalupe,True,Perú,Pisco,EEUU,,First Inspection,1103520:00:00,AIREN,9,,Pass_Pasar,110,4,585,Yes / Si,579.50,0,0,,180,180,720,6,13.2,14,13.9,14.1,13.7,6,0.65,0.3,0.35,0.4,0.45,2547,13.2,,0.33,,,,,,,,19/11/2025,Pisco,Lote 3,Santa Bernardina Uva,Pisco,313.27,86986,9118,Generica
2023-2024,20/11/2025,6:43,Formulario Registro Inspeccion Uva,Pisco,Guadalupe,True,Perú,Pisco,EEUU,,First Inspection,1103520:00:00,AIREN,7,,Pass_Pasar,82,3,583.5,Yes / Si,583.16,0,0,,188,188,564,6,12.3,12.7,12.6,13.2,11.7,6,0.52,0.47,0.46,0.52,0.31,2547,12,,0.33,,,,,,,,19/11/2025,Pisco,Lote 10,Eden del Norte,Pisco,76.26,86993,9118,Generica
2023-2024,20/11/2025,6:40,Formulario Registro Inspeccion Uva,Pisco,Guadalupe,False,Perú,Pisco,EEUU,,First Inspection,1103520:00:00,AIREN,7,,Pass_Pasar,85,3,583,Yes / Si,583.00,0,0,,178,178,534,6,13.2,12.8,12.5,11.8,12.4,6,0.33,0.43,0.49,0.31,0.54,2547,12.9,,0.46,,,,,,,,19/11/2025,Pisco,Lote 10,Eden del Norte,Pisco,76.26,86993,9118,Generica
2023-2024,20/11/2025,6:36,Formulario Registro Inspeccion Uva,Pisco,Guadalupe,True,Perú,Pisco,EEUU,,First Inspection,1103520:00:00,AIREN,7,,Pass_Pasar,85,3,583,Yes / Si,582.83,0,0,,111,111,333,5,12.6,14.1,12.1,13.3,12.4,5,0.53,0.38,0.42,0.25,0.49,2547,,,,,,,,,,,19/11/2025,Pisco,Lote 10,Eden del Norte,Pisco,76.26,86993,9118,Generica
2023-2024,20/11/2025,6:29,Formulario Registro Inspeccion Uva,Pisco,Guadalupe,False,Perú,Pisco,EEUU,,First Inspection,1103520:00:00,AIREN,7,,Pass_Pasar,25,3,,No,,,,,147,147,441,6,13.3,14,12.8,13.4,14.1,6,0.63,0.52,0.38,0.57,0.28,2547,15.8,,0.32,,,,,,,,19/11/2025,Pisco,Lote 5,Santa Bernardina Uva,Pisco,72.27,86988,9118,Generica
2023-2024,20/11/2025,6:25,Formulario Registro Inspeccion Uva,Pisco,Guadalupe,True,Perú,Pisco,EEUU,,First Inspection,1103520:00:00,MERLOT,7,,Pass_Pasar,25,5,,No,,,,,104,103,515,6,10.9,11,13.4,13.2,11.7,6,0.41,0.49,0.37,0.33,0.5,2547,12.1,,0.42,,,,,,,,19/11/2025,Pisco,Lote 5,Santa Bernardina Uva,Pisco,72.27,86988,9116,Generica
2023-2024,20/11/2025,6:17,Formulario Registro Inspeccion Uva,Pisco,Guadalupe,False,Perú,Pisco,EEUU,,First Inspection,1103520:00:00,AIREN,8,,Pass_Pasar,25,3,,No,,,,,108,108,324,6,14.8,14,13.9,14.8,14.1,6,0.48,0.58,0.73,0.34,0.74,2547,14.4,,0.66,,,,,,,,19/11/2025,Pisco,Lote 4,Santa Bernardina Uva,Pisco,47.28,86987,9118,Generica
2023-2024,21/11/2025,23:17,Formulario Registro Inspeccion Uva,Ica,Juan M.,True,Perú,Pisco,EEUU,,First Inspection,1103568:00:00,AIREN,7,,Pass_Pasar,276,10,358,Yes / Si,355.20,0,0,,111,110,1100,5,13.4,13.1,13.7,14.1,13.6,5,0.52,0.36,0.28,0.4,0.22,2547,,,,,,,,,,,21/11/2025,Pisco,Lote 20,Agricultores Unidos,Pisco,344.98,87003,9116,Generica
2023-2024,21/11/2025,23:15,Formulario Registro Inspeccion Uva,Ica,Juan M.,True,Perú,Pisco,EEUU,,First Inspection,1103544:00:00,AIREN,8,,Pass_Pasar,276,10,358,Yes / Si,355.10,0,0,,120,115.5,1155,5,13.8,14.6,14.7,14,14,5,0.6,0.41,0.45,0.4,0.26,2547,,,,,,,,,,,20/11/2025,Pisco,Lote 20,Agricultores Unidos,Pisco,344.98,87003,9116,Generica
2023-2024,21/11/2025,22:12,Formulario Registro Inspeccion Uva,Ica,Gloria A.,True,Perú,Pisco,ASIA NORTE,,First Inspection,1103544:00:00,VERDEJO,7,,Pass_Pasar,390,16,150,Yes / Si,143.68,16,0,,52,51.5,824,2,12.2,13.9,,,,2,0.53,0.56,,,,2547,,,,,,,,,,,20/11/2025,Pisco,Lote 20,Agricultores Unidos,Pisco,344.98,87003,9102,Generica
2023-2024,21/11/2025,21:56,Formulario Registro Inspeccion Uva,Ica,Gloria A.,True,Perú,Pisco,EEUU,,First Inspection,1103544:00:00,AIREN,8,,Pass_Pasar,204,8,357,Yes / Si,355.50,0,0,,125,122.5,980,5,12.5,13,13.7,13.1,14,5,0.63,0.56,0.44,0.45,0.45,2547,,,,,,,,,,,20/11/2025,Pisco,Lote 20,Agricultores Unidos,Pisco,344.98,87003,9116,Generica
2023-2024,21/11/2025,21:24,Formulario Registro Inspeccion Uva,Ica,Gloria A.,True,Perú,Pisco,EUROPA,No,First Inspection,1103544:00:00,AIREN,8,,Pass_Pasar,176,8,333,Yes / Si,330.75,0,0,,112,111,888,2,11.3,11.9,,,,2,0.53,0.62,,,,2547,,,,,,,,,,,20/11/2025,Pisco,Lote 20,Agricultores Unidos,Pisco,344.98,87003,9098,Generica
2023-2024,21/11/2025,14:09,Formulario Registro Inspeccion Uva,Ica,Juan M.,True,Perú,Ica,ASIA NORTE,,First Inspection,1103544:00:00,VERDEJO,8,,Pass_Pasar,390,12,149,Yes / Si,145.08,12,0,,35,34,408,2,10.6,11.2,,,,2,0.92,0.8,,,,2547,,,,,,,,,,,20/11/2025,Ica,Lote 26,Andenes de Andrea,Ica,84.47,87009,9103,Generica
2023-2024,21/11/2025,13:59,Formulario Registro Inspeccion Uva,Ica,Juan M.,False,Perú,Ica,ASIA NORTE,,First Inspection,1103544:00:00,VERDEJO,8,,Pass_Pasar,390,16,151,Yes / Si,145.12,16,0,,57,56.5,904,2,11.2,10.2,,,,2,0.8,0.97,,,,2547,,,,,,,,,,,20/11/2025,Ica,Lote 26,Andenes de Andrea,Ica,84.47,87009,9102,Generica
2023-2024,21/11/2025,13:56,Formulario Registro Inspeccion Uva,Ica,Juan M.,False,Perú,Ica,ASIA NORTE,,First Inspection,1103544:00:00,VERDEJO,8,,Pass_Pasar,390,16,148,Yes / Si,145.81,16,0,,35,34.5,552,2,10.6,9.9,,,,2,0.92,0.74,,,,2547,,,,,,,,,,,20/11/2025,Ica,Lote 26,Andenes de Andrea,Ica,84.47,87009,9103,Generica
2023-2024,21/11/2025,6:09,Formulario Registro Inspeccion Uva,Pisco,Guadalupe,False,Perú,Pisco,EEUU,,First Inspection,1103544:00:00,MERLOT,8,,Pass_Pasar,276,11,361,Yes / Si,355.36,0,1,,108,107.5,1182.5,5,13.3,12.8,14.5,13.5,14.1,5,0.32,0.25,0.34,0.31,0.37,2547,,,,,,,,,,,20/11/2025,Pisco,Lote 3,Santa Bernardina Uva,Pisco,313.27,86986,9116,Generica
2023-2024,21/11/2025,5:59,Formulario Registro Inspeccion Uva,Pisco,Guadalupe,False,Perú,Pisco,EEUU,,First Inspection,1103544:00:00,AIREN,9,,Pass_Pasar,276,11,371,Yes / Si,358.18,0,2,,112,107,1177,5,13.1,12.5,13.5,13.8,13.2,5,0.16,0.34,0.17,0.3,0.24,2547,,,,,,,,,,,20/11/2025,Pisco,Lote 3,Santa Bernardina Uva,Pisco,313.27,86986,9116,Generica
2023-2024,21/11/2025,5:51,Formulario Registro Inspeccion Uva,Pisco,Guadalupe,True,Perú,Pisco,EEUU,,First Inspection,1103544:00:00,AIREN,9,,Pass_Pasar,110,4,580,Yes / Si,576.75,0,0,,202,202,808,5,14.6,12.8,12.2,13.3,13.7,5,0.27,0.17,0.19,0.35,0.28,2547,,,,,,,,,,,20/11/2025,Pisco,Lote 3,Santa Bernardina Uva,Pisco,313.27,86986,9118,Generica
2023-2024,21/11/2025,5:46,Formulario Registro Inspeccion Uva,Pisco,Guadalupe,False,Perú,Pisco,EEUU,,First Inspection,1103520:00:00,MERLOT,7,,Pass_Pasar,34,5,,No,,,,,111,108.5,542.5,7,11,10.5,11.1,10.9,11.1,7,0.52,0.55,0.39,0.36,0.36,2547,9.5,11,0.61,0.49,,,,,,,19/11/2025,Pisco,Lote 5,Santa Bernardina Uva,Pisco,72.27,86988,9116,Generica
2023-2024,21/11/2025,5:40,Formulario Registro Inspeccion Uva,Pisco,Guadalupe,True,Perú,Pisco,EEUU,,First Inspection,1103520:00:00,AIREN,7,,Pass_Pasar,110,4,575,Yes / Si,573.87,0,0,,165,165,660,7,14.1,13.3,14.3,11.4,14.7,7,0.35,0.8,0.49,0.74,0.41,2547,13.5,13.8,0.47,0.37,,,,,,,19/11/2025,Pisco,Lote 5,Santa Bernardina Uva,Pisco,72.27,86988,9118,Generica
2023-2024,21/11/2025,5:25,Formulario Registro Inspeccion Uva,Pisco,Guadalupe,False,Perú,Pisco,EEUU,,First Inspection,1103520:00:00,TINTORERA,7,,Pass_Pasar,82,4,576,Yes / Si,574.50,4,0,,308,308,1232,2,12.2,12.1,,,,2,0.9,0.72,,,,2547,,,,,,,,,,,19/11/2025,Pisco,Lote 4,Santa Bernardina Uva,Pisco,47.28,86987,9111,Generica
2023-2024,21/11/2025,23:17,Formulario Registro Inspeccion Uva,Ica,Juan M.,True,Perú,Pisco,EEUU,,First Inspection,1103568:00:00,AIREN,7,,Pass_Pasar,276,10,358,Yes / Si,355.20,0,0,,111,110,1100,5,13.4,13.1,13.7,14.1,13.6,5,0.52,0.36,0.28,0.4,0.22,2547,,,,,,,,,,,21/11/2025,Pisco,Lote 20,Agricultores Unidos,Pisco,344.98,87003,9116,Generica
2023-2024,21/11/2025,23:15,Formulario Registro Inspeccion Uva,Ica,Juan M.,True,Perú,Pisco,EEUU,,First Inspection,1103544:00:00,AIREN,8,,Pass_Pasar,276,10,358,Yes / Si,355.10,0,0,,120,115.5,1155,5,13.8,14.6,14.7,14,14,5,0.6,0.41,0.45,0.4,0.26,2547,,,,,,,,,,,20/11/2025,Pisco,Lote 20,Agricultores Unidos,Pisco,344.98,87003,9116,Generica
2023-2024,21/11/2025,22:12,Formulario Registro Inspeccion Uva,Ica,Gloria A.,True,Perú,Pisco,ASIA NORTE,,First Inspection,1103544:00:00,VERDEJO,7,,Pass_Pasar,390,16,150,Yes / Si,143.68,16,0,,52,51.5,824,2,12.2,13.9,,,,2,0.53,0.56,,,,2547,,,,,,,,,,,20/11/2025,Pisco,Lote 20,Agricultores Unidos,Pisco,344.98,87003,9102,Generica
2023-2024,21/11/2025,21:56,Formulario Registro Inspeccion Uva,Ica,Gloria A.,True,Perú,Pisco,EEUU,,First Inspection,1103544:00:00,AIREN,8,,Pass_Pasar,204,8,357,Yes / Si,355.50,0,0,,125,122.5,980,5,12.5,13,13.7,13.1,14,5,0.63,0.56,0.44,0.45,0.45,2547,,,,,,,,,,,20/11/2025,Pisco,Lote 20,Agricultores Unidos,Pisco,344.98,87003,9116,Generica
2023-2024,21/11/2025,21:24,Formulario Registro Inspeccion Uva,Ica,Gloria A.,True,Perú,Pisco,EUROPA,No,First Inspection,1103544:00:00,AIREN,8,,Pass_Pasar,176,8,333,Yes / Si,330.75,0,0,,112,111,888,2,11.3,11.9,,,,2,0.53,0.62,,,,2547,,,,,,,,,,,20/11/2025,Pisco,Lote 20,Agricultores Unidos,Pisco,344.98,87003,9098,Generica
2023-2024,21/11/2025,14:09,Formulario Registro Inspeccion Uva,Ica,Juan M.,True,Perú,Ica,ASIA NORTE,,First Inspection,1103544:00:00,VERDEJO,8,,Pass_Pasar,390,12,149,Yes / Si,145.08,12,0,,35,34,408,2,10.6,11.2,,,,2,0.92,0.8,,,,2547,,,,,,,,,,,20/11/2025,Ica,Lote 26,Andenes de Andrea,Ica,84.47,87009,9103,Generica
2023-2024,21/11/2025,13:59,Formulario Registro Inspeccion Uva,Ica,Juan M.,False,Perú,Ica,ASIA NORTE,,First Inspection,1103544:00:00,VERDEJO,8,,Pass_Pasar,390,16,151,Yes / Si,145.12,16,0,,57,56.5,904,2,11.2,10.2,,,,2,0.8,0.97,,,,2547,,,,,,,,,,,20/11/2025,Ica,Lote 26,Andenes de Andrea,Ica,84.47,87009,9102,Generica
2023-2024,21/11/2025,13:56,Formulario Registro Inspeccion Uva,Ica,Juan M.,False,Perú,Ica,ASIA NORTE,,First Inspection,1103544:00:00,VERDEJO,8,,Pass_Pasar,390,16,148,Yes / Si,145.81,16,0,,35,34.5,552,2,10.6,9.9,,,,2,0.92,0.74,,,,2547,,,,,,,,,,,20/11/2025,Ica,Lote 26,Andenes de Andrea,Ica,84.47,87009,9103,Generica
2023-2024,21/11/2025,6:09,Formulario Registro Inspeccion Uva,Pisco,Guadalupe,False,Perú,Pisco,EEUU,,First Inspection,1103544:00:00,MERLOT,8,,Pass_Pasar,276,11,361,Yes / Si,355.36,0,1,,108,107.5,1182.5,5,13.3,12.8,14.5,13.5,14.1,5,0.32,0.25,0.34,0.31,0.37,2547,,,,,,,,,,,20/11/2025,Pisco,Lote 3,Santa Bernardina Uva,Pisco,313.27,86986,9116,Generica
2023-2024,21/11/2025,5:59,Formulario Registro Inspeccion Uva,Pisco,Guadalupe,False,Perú,Pisco,EEUU,,First Inspection,1103544:00:00,AIREN,9,,Pass_Pasar,276,11,371,Yes / Si,358.18,0,2,,112,107,1177,5,13.1,12.5,13.5,13.8,13.2,5,0.16,0.34,0.17,0.3,0.24,2547,,,,,,,,,,,20/11/2025,Pisco,Lote 3,Santa Bernardina Uva,Pisco,313.27,86986,9116,Generica
2023-2024,21/11/2025,5:51,Formulario Registro Inspeccion Uva,Pisco,Guadalupe,True,Perú,Pisco,EEUU,,First Inspection,1103544:00:00,AIREN,9,,Pass_Pasar,110,4,580,Yes / Si,576.75,0,0,,202,202,808,5,14.6,12.8,12.2,13.3,13.7,5,0.27,0.17,0.19,0.35,0.28,2547,,,,,,,,,,,20/11/2025,Pisco,Lote 3,Santa Bernardina Uva,Pisco,313.27,86986,9118,Generica
2023-2024,21/11/2025,5:46,Formulario Registro Inspeccion Uva,Pisco,Guadalupe,False,Perú,Pisco,EEUU,,First Inspection,1103520:00:00,MERLOT,7,,Pass_Pasar,34,5,,No,,,,,111,108.5,542.5,7,11,10.5,11.1,10.9,11.1,7,0.52,0.55,0.39,0.36,0.36,2547,9.5,11,0.61,0.49,,,,,,,19/11/2025,Pisco,Lote 5,Santa Bernardina Uva,Pisco,72.27,86988,9116,Generica
2023-2024,21/11/2025,5:40,Formulario Registro Inspeccion Uva,Pisco,Guadalupe,True,Perú,Pisco,EEUU,,First Inspection,1103520:00:00,AIREN,7,,Pass_Pasar,110,4,575,Yes / Si,573.87,0,0,,165,165,660,7,14.1,13.3,14.3,11.4,14.7,7,0.35,0.8,0.49,0.74,0.41,2547,13.5,13.8,0.47,0.37,,,,,,,19/11/2025,Pisco,Lote 5,Santa Bernardina Uva,Pisco,72.27,86988,9118,Generica
2023-2024,21/11/2025,5:25,Formulario Registro Inspeccion Uva,Pisco,Guadalupe,False,Perú,Pisco,EEUU,,First Inspection,1103520:00:00,TINTORERA,7,,Pass_Pasar,82,4,576,Yes / Si,574.50,4,0,,308,308,1232,2,12.2,12.1,,,,2,0.9,0.72,,,,2547,,,,,,,,,,,19/11/2025,Pisco,Lote 4,Santa Bernardina Uva,Pisco,47.28,86987,9111,Generica
2023-2024,22/11/2025,16:22,Formulario Registro Inspeccion Uva,Piura,Guadalupe,False,Perú,Pisco,EEUU,,First Inspection,1103568:00:00,AIREN,9,,Pass_Pasar,276,11,364,Yes / Si,352.00,0,3,,110,109.5,1204.5,7,11.9,12.1,11.6,11.9,13.2,7,0.24,0.42,0.13,0.22,0.35,2547,13,12.8,0.37,0.22,,,,,,,21/11/2025,Pisco,Lote 3,Santa Bernardina Uva,Pisco,313.27,86986,9116,Generica
2023-2024,22/11/2025,16:13,Formulario Registro Inspeccion Uva,Ica,Juan M.,False,Perú,Ica,EEUU,,First Inspection,1103568:00:00,AIREN,8,,Pass_Pasar,276,8,360,Yes / Si,355.12,0,0,,98,101.5,812,5,11.6,11.5,12.5,12,12.1,5,0.45,0.3,0.29,0.31,0.38,2547,,,,,,,,,,,21/11/2025,Ica,Lote 26,Andenes de Andrea,Ica,84.47,87009,9116,Generica
2023-2024,22/11/2025,16:11,Formulario Registro Inspeccion Uva,Ica,Juan M.,False,Perú,Ica,EEUU,,First Inspection,1103568:00:00,AIREN,8,,Pass_Pasar,276,10,360,Yes / Si,317.10,0,0,,98,97.5,975,5,11.8,12.4,13,12.7,12.4,5,0.29,0.25,0.52,0.44,0.26,2547,,,,,,,,,,,21/11/2025,Ica,Lote 26,Andenes de Andrea,Ica,84.47,87009,9116,Generica
2023-2024,22/11/2025,16:07,Formulario Registro Inspeccion Uva,Ica,Juan M.,True,Perú,Ica,ASIA CENTRO,Yes / Si,First Inspection,1103568:00:00,VERDEJO,7,Singapur,Pass_Pasar,390,16,151,Yes / Si,145.12,16,0,,51,48.5,776,2,11.3,11.6,,,,2,0.5,0.96,,,,2547,,,,,,,,,,,21/11/2025,Ica,Lote 17,Agricultores Unidos,Ica,54.61,87000,9099,Generica
2023-2024,22/11/2025,16:06,Formulario Registro Inspeccion Uva,Ica,Juan M.,True,Perú,Pisco,EEUU,,First Inspection,1103568:00:00,AIREN,7,,Pass_Pasar,276,10,654,Yes / Si,384.30,0,0,,109,106.5,1065,5,12.7,14.2,13.4,13,13.5,5,0.56,0.6,0.74,0.49,0.36,2547,,,,,,,,,,,21/11/2025,Pisco,Lote 20,Agricultores Unidos,Pisco,344.98,87003,9116,Generica
2023-2024,22/11/2025,10:58,Formulario Registro Inspeccion Uva,Pisco,Guadalupe,False,Perú,Pisco,EEUU,,First Inspection,1103568:00:00,MERLOT,8,,Pass_Pasar,276,11,360,Yes / Si,353.54,0,1,,99,99.5,1094.5,6,14.9,11.4,13.2,15.6,15,6,0.35,0.3,0.34,0.33,0.35,2547,12.2,,0.28,,,,,,,,21/11/2025,Pisco,Lote 3,Santa Bernardina Uva,Pisco,313.27,86986,9116,Generica
2023-2024,22/11/2025,10:48,Formulario Registro Inspeccion Uva,Pisco,Guadalupe,False,Perú,Pisco,EEUU,,First Inspection,1103568:00:00,AIREN,9,,Pass_Pasar,276,11,366,Yes / Si,356.00,0,0,,107,106,1166,5,12.2,12.3,11.9,13.1,12.4,5,0.29,0.23,0.17,0.37,0.49,2547,,,,,,,,,,,21/11/2025,Pisco,Lote 3,Santa Bernardina Uva,Pisco,313.27,86986,9116,Generica
2023-2024,22/11/2025,10:36,Formulario Registro Inspeccion Uva,Pisco,Guadalupe,False,Perú,Pisco,EEUU,,First Inspection,1103568:00:00,AIREN,9,,Pass_Pasar,276,11,358,Yes / Si,355.00,0,0,,106,105,1155,5,12.4,12.3,12.3,12.1,13.4,5,0.18,0.25,0.5,0.46,0.34,2547,,,,,,,,,,,21/11/2025,Pisco,Lote 3,Santa Bernardina Uva,Pisco,313.27,86986,9116,Generica
2023-2024,22/11/2025,10:06,Formulario Registro Inspeccion Uva,Pisco,Guadalupe,True,Perú,Pisco,EEUU,,First Inspection,1103568:00:00,AIREN,7,,Pass_Pasar,85,3,583,Yes / Si,582.66,0,0,,184,184,552,6,11.8,14.3,12.2,13.5,13.3,6,0.52,0.44,0.64,0.46,0.48,2547,13.6,,0.58,,,,,,,,21/11/2025,Pisco,Lote 10,Eden del Norte,Pisco,76.26,86993,9118,Generica
2023-2024,22/11/2025,9:59,Formulario Registro Inspeccion Uva,Pisco,Guadalupe,False,Perú,Pisco,EEUU,,First Inspection,1103568:00:00,AIREN,7,,Pass_Pasar,85,3,585,Yes / Si,584.16,0,0,,167,167,501,7,12.5,11.9,12.5,12.5,11.9,7,0.58,0.54,0.56,0.27,0.82,2547,12.9,13.2,0.42,0.45,,,,,,,21/11/2025,Pisco,Lote 10,Eden del Norte,Pisco,76.26,86993,9118,Generica
2023-2024,22/11/2025,9:48,Formulario Registro Inspeccion Uva,Pisco,Guadalupe,False,Perú,Pisco,EEUU,,First Inspection,1103568:00:00,AIREN,7,,Pass_Pasar,85,3,584,Yes / Si,583.66,0,0,,175,175,525,6,12.1,12.7,12.7,12.3,12.4,6,0.57,0.5,0.3,0.74,0.57,2547,14.5,,0.5,,,,,,,,21/11/2025,Pisco,Lote 10,Eden del Norte,Pisco,76.26,86993,9118,Generica
2023-2024,22/11/2025,0:49,Formulario Registro Inspeccion Uva,Piura,Lincoln Fernandez,False,Perú,Piura,EEUU,,First Inspection,1103544:00:00,MERLOT,9,,Pass_Pasar,200,8,361.5,Yes / Si,355.33,0,0,,99,101,808,5,14.6,15.7,13.8,16.4,15.2,5,0.37,0.31,0.38,0.29,0.31,2547,,,,,,,,,,,20/11/2025,Piura,Lote 8,Sol del Sur,Piura,68.65,86991,9119,Generica
2023-2024,22/11/2025,0:41,Formulario Registro Inspeccion Uva,Piura,Lincoln Fernandez,False,Perú,Piura,EEUU,,First Inspection,1103568:00:00,MERLOT,8,,Pass_Pasar,200,8,362.6,Yes / Si,357.00,0,0,,114,112,896,5,15,13.6,15.5,16.1,13.3,5,0.28,0.34,0.37,0.47,0.46,2547,,,,,,,,,,,21/11/2025,Piura,Lote 2,Santa Bernardina Uva,Piura,66.97,86985,9119,Generica
2023-2024,22/11/2025,0:34,Formulario Registro Inspeccion Uva,Piura,Lincoln Fernandez,True,Perú,Piura,EEUU,,First Inspection,1103568:00:00,VERDEJO,10,,Pass_Pasar,204,8,368,Yes / Si,361.50,8,0,,115,112,896,2,13.9,13.5,,,,2,0.44,0.4,,,,2547,,,,,,,,,,,21/11/2025,Piura,Lote 41,Campos Gloriosos,Piura,61.84,87024,9108,Generica
2023-2024,22/11/2025,0:33,Formulario Registro Inspeccion Uva,Piura,Lincoln Fernandez,True,Perú,Piura,EEUU,,First Inspection,1103568:00:00,VERDEJO,10,,Pass_Pasar,204,8,362,Yes / Si,361.25,8,0,,106,104.5,836,2,13.9,12.5,,,,2,0.44,0.4,,,,2547,,,,,,,,,,,21/11/2025,Piura,Lote 41,Campos Gloriosos,Piura,61.84,87024,9108,Generica
2023-2024,22/11/2025,16:22,Formulario Registro Inspeccion Uva,Piura,Guadalupe,False,Perú,Pisco,EEUU,,First Inspection,1103568:00:00,AIREN,9,,Pass_Pasar,276,11,364,Yes / Si,352.00,0,3,,110,109.5,1204.5,7,11.9,12.1,11.6,11.9,13.2,7,0.24,0.42,0.13,0.22,0.35,2547,13,12.8,0.37,0.22,,,,,,,21/11/2025,Pisco,Lote 3,Santa Bernardina Uva,Pisco,313.27,86986,9116,Generica
2023-2024,22/11/2025,16:13,Formulario Registro Inspeccion Uva,Ica,Juan M.,False,Perú,Ica,EEUU,,First Inspection,1103568:00:00,AIREN,8,,Pass_Pasar,276,8,360,Yes / Si,355.12,0,0,,98,101.5,812,5,11.6,11.5,12.5,12,12.1,5,0.45,0.3,0.29,0.31,0.38,2547,,,,,,,,,,,21/11/2025,Ica,Lote 26,Andenes de Andrea,Ica,84.47,87009,9116,Generica
2023-2024,22/11/2025,16:11,Formulario Registro Inspeccion Uva,Ica,Juan M.,False,Perú,Ica,EEUU,,First Inspection,1103568:00:00,AIREN,8,,Pass_Pasar,276,10,360,Yes / Si,317.10,0,0,,98,97.5,975,5,11.8,12.4,13,12.7,12.4,5,0.29,0.25,0.52,0.44,0.26,2547,,,,,,,,,,,21/11/2025,Ica,Lote 26,Andenes de Andrea,Ica,84.47,87009,9116,Generica
2023-2024,22/11/2025,16:07,Formulario Registro Inspeccion Uva,Ica,Juan M.,True,Perú,Ica,ASIA CENTRO,Yes / Si,First Inspection,1103568:00:00,VERDEJO,7,Singapur,Pass_Pasar,390,16,151,Yes / Si,145.12,16,0,,51,48.5,776,2,11.3,11.6,,,,2,0.5,0.96,,,,2547,,,,,,,,,,,21/11/2025,Ica,Lote 17,Agricultores Unidos,Ica,54.61,87000,9099,Generica
2023-2024,22/11/2025,16:06,Formulario Registro Inspeccion Uva,Ica,Juan M.,True,Perú,Pisco,EEUU,,First Inspection,1103568:00:00,AIREN,7,,Pass_Pasar,276,10,654,Yes / Si,384.30,0,0,,109,106.5,1065,5,12.7,14.2,13.4,13,13.5,5,0.56,0.6,0.74,0.49,0.36,2547,,,,,,,,,,,21/11/2025,Pisco,Lote 20,Agricultores Unidos,Pisco,344.98,87003,9116,Generica
2023-2024,22/11/2025,10:58,Formulario Registro Inspeccion Uva,Pisco,Guadalupe,False,Perú,Pisco,EEUU,,First Inspection,1103568:00:00,MERLOT,8,,Pass_Pasar,276,11,360,Yes / Si,353.54,0,1,,99,99.5,1094.5,6,14.9,11.4,13.2,15.6,15,6,0.35,0.3,0.34,0.33,0.35,2547,12.2,,0.28,,,,,,,,21/11/2025,Pisco,Lote 3,Santa Bernardina Uva,Pisco,313.27,86986,9116,Generica
2023-2024,22/11/2025,10:48,Formulario Registro Inspeccion Uva,Pisco,Guadalupe,False,Perú,Pisco,EEUU,,First Inspection,1103568:00:00,AIREN,9,,Pass_Pasar,276,11,366,Yes / Si,356.00,0,0,,107,106,1166,5,12.2,12.3,11.9,13.1,12.4,5,0.29,0.23,0.17,0.37,0.49,2547,,,,,,,,,,,21/11/2025,Pisco,Lote 3,Santa Bernardina Uva,Pisco,313.27,86986,9116,Generica
2023-2024,22/11/2025,10:36,Formulario Registro Inspeccion Uva,Pisco,Guadalupe,False,Perú,Pisco,EEUU,,First Inspection,1103568:00:00,AIREN,9,,Pass_Pasar,276,11,358,Yes / Si,355.00,0,0,,106,105,1155,5,12.4,12.3,12.3,12.1,13.4,5,0.18,0.25,0.5,0.46,0.34,2547,,,,,,,,,,,21/11/2025,Pisco,Lote 3,Santa Bernardina Uva,Pisco,313.27,86986,9116,Generica
2023-2024,22/11/2025,10:06,Formulario Registro Inspeccion Uva,Pisco,Guadalupe,True,Perú,Pisco,EEUU,,First Inspection,1103568:00:00,AIREN,7,,Pass_Pasar,85,3,583,Yes / Si,582.66,0,0,,184,184,552,6,11.8,14.3,12.2,13.5,13.3,6,0.52,0.44,0.64,0.46,0.48,2547,13.6,,0.58,,,,,,,,21/11/2025,Pisco,Lote 10,Eden del Norte,Pisco,76.26,86993,9118,Generica
2023-2024,22/11/2025,9:59,Formulario Registro Inspeccion Uva,Pisco,Guadalupe,False,Perú,Pisco,EEUU,,First Inspection,1103568:00:00,AIREN,7,,Pass_Pasar,85,3,585,Yes / Si,584.16,0,0,,167,167,501,7,12.5,11.9,12.5,12.5,11.9,7,0.58,0.54,0.56,0.27,0.82,2547,12.9,13.2,0.42,0.45,,,,,,,21/11/2025,Pisco,Lote 10,Eden del Norte,Pisco,76.26,86993,9118,Generica
2023-2024,22/11/2025,9:48,Formulario Registro Inspeccion Uva,Pisco,Guadalupe,False,Perú,Pisco,EEUU,,First Inspection,1103568:00:00,AIREN,7,,Pass_Pasar,85,3,584,Yes / Si,583.66,0,0,,175,175,525,6,12.1,12.7,12.7,12.3,12.4,6,0.57,0.5,0.3,0.74,0.57,2547,14.5,,0.5,,,,,,,,21/11/2025,Pisco,Lote 10,Eden del Norte,Pisco,76.26,86993,9118,Generica
2023-2024,22/11/2025,0:49,Formulario Registro Inspeccion Uva,Piura,Lincoln Fernandez,False,Perú,Piura,EEUU,,First Inspection,1103544:00:00,MERLOT,9,,Pass_Pasar,200,8,361.5,Yes / Si,355.33,0,0,,99,101,808,5,14.6,15.7,13.8,16.4,15.2,5,0.37,0.31,0.38,0.29,0.31,2547,,,,,,,,,,,20/11/2025,Piura,Lote 8,Sol del Sur,Piura,68.65,86991,9119,Generica
2023-2024,22/11/2025,0:41,Formulario Registro Inspeccion Uva,Piura,Lincoln Fernandez,False,Perú,Piura,EEUU,,First Inspection,1103568:00:00,MERLOT,8,,Pass_Pasar,200,8,362.6,Yes / Si,357.00,0,0,,114,112,896,5,15,13.6,15.5,16.1,13.3,5,0.28,0.34,0.37,0.47,0.46,2547,,,,,,,,,,,21/11/2025,Piura,Lote 2,Santa Bernardina Uva,Piura,66.97,86985,9119,Generica
2023-2024,22/11/2025,0:34,Formulario Registro Inspeccion Uva,Piura,Lincoln Fernandez,True,Perú,Piura,EEUU,,First Inspection,1103568:00:00,VERDEJO,10,,Pass_Pasar,204,8,368,Yes / Si,361.50,8,0,,115,112,896,2,13.9,13.5,,,,2,0.44,0.4,,,,2547,,,,,,,,,,,21/11/2025,Piura,Lote 41,Campos Gloriosos,Piura,61.84,87024,9108,Generica
2023-2024,22/11/2025,0:33,Formulario Registro Inspeccion Uva,Piura,Lincoln Fernandez,True,Perú,Piura,EEUU,,First Inspection,1103568:00:00,VERDEJO,10,,Pass_Pasar,204,8,362,Yes / Si,361.25,8,0,,106,104.5,836,2,13.9,12.5,,,,2,0.44,0.4,,,,2547,,,,,,,,,,,21/11/2025,Piura,Lote 41,Campos Gloriosos,Piura,61.84,87024,9108,Generica
2023-2024,25/11/2025,23:55,Formulario Registro Inspeccion Uva,Piura,Lincoln Fernandez,False,Perú,Piura,EEUU,,First Inspection,1103664:00:00,MERLOT,12,,Pass_Pasar,287,11,366.1,Yes / Si,359.35,0,0,,118,112.5,1237.5,5,15.3,19.3,17.1,16.9,19,5,0.44,0.54,0.39,0.45,0.44,2548,,,,,,,,,,,25/11/2025,Piura,Lote 1,Santa Bernardina Uva,Piura,80.51,86984,9116,Generica
2023-2024,25/11/2025,23:52,Formulario Registro Inspeccion Uva,Piura,Lincoln Fernandez,True,Perú,Piura,EEUU,,First Inspection,1103664:00:00,MERLOT,12,,Pass_Pasar,100,4,369.2,Yes / Si,362.25,0,0,,109,105.5,422,5,15.3,19.3,17.1,16.9,19,5,0.44,0.54,0.39,0.45,0.44,2548,,,,,,,,,,,25/11/2025,Piura,Lote 1,Santa Bernardina Uva,Piura,80.51,86984,9119,Generica
2023-2024,25/11/2025,23:39,Formulario Registro Inspeccion Uva,Piura,Lincoln Fernandez,False,Perú,Piura,EEUU,,First Inspection,1103664:00:00,MERLOT,10,,Pass_Pasar,200,8,361.1,Yes / Si,358.35,0,0,,113,111,888,5,13.2,12.9,13,12.7,12.8,5,0.41,0.51,0.56,0.53,0.54,2548,,,,,,,,,,,25/11/2025,Piura,Lote 2,Santa Bernardina Uva,Piura,66.97,86985,9116,Generica
2023-2024,25/11/2025,23:28,Formulario Registro Inspeccion Uva,Piura,Lincoln Fernandez,False,Perú,Piura,EEUU,,First Inspection,1103664:00:00,MERLOT,12,,Pass_Pasar,200,8,347.5,Yes / Si,345.37,8,0,,141,140,1120,2,15.9,16,,,,2,0.47,0.46,,,,2548,,,,,,,,,,,25/11/2025,Piura,Lote 1,Santa Bernardina Uva,Piura,80.51,86984,9108,Generica
2023-2024,25/11/2025,20:28,Formulario Registro Inspeccion Uva,Ica,Juan M.,False,Perú,Pisco,EEUU,,First Inspection,1103640:00:00,MERLOT,9,,Pass_Pasar,276,10,358,Yes / Si,354.40,0,0,,130,128.5,1285,5,13.3,13.8,14.2,11,14.3,5,0.81,0.62,0.39,0.33,0.38,2548,,,,,,,,,,,24/11/2025,Pisco,Lote 20,Agricultores Unidos,Pisco,344.98,87003,9116,Generica
2023-2024,25/11/2025,20:25,Formulario Registro Inspeccion Uva,Ica,Juan M.,False,Perú,Ica,ASIA NORTE,,First Inspection,1103640:00:00,VERDEJO,7,,Pass_Pasar,390,16,149,Yes / Si,144.87,16,0,,33,32.5,520,2,11.7,11.8,,,,2,0.75,0.78,,,,2548,,,,,,,,,,,24/11/2025,Ica,Lote 15,Agricultores Unidos,Ica,62.09,86998,9103,Generica
2023-2024,25/11/2025,20:23,Formulario Registro Inspeccion Uva,Ica,Juan M.,False,Perú,Ica,EUROPA,No,First Inspection,1103640:00:00,AIREN,8,,Pass_Pasar,210,10,335,Yes / Si,332.40,0,0,,145,142.5,1425,2,12.7,13.1,,,,2,0.34,0.51,,,,2548,,,,,,,,,,,24/11/2025,Ica,Lote 17,Agricultores Unidos,Ica,54.61,87000,9098,Generica
2023-2024,25/11/2025,20:21,Formulario Registro Inspeccion Uva,Ica,Juan M.,False,Perú,Pisco,EEUU,,First Inspection,1103664:00:00,AIREN,7,,Pass_Pasar,276,10,359,Yes / Si,355.10,0,0,,120,116,1160,5,13.8,12.9,13.3,14.7,14.1,5,0.48,0.62,0.59,0.4,0.67,2548,,,,,,,,,,,25/11/2025,Pisco,Lote 20,Agricultores Unidos,Pisco,344.98,87003,9116,Generica
2023-2024,25/11/2025,13:35,Formulario Registro Inspeccion Uva,Ica,Juan M.,False,Perú,Ica,EEUU,,First Inspection,1103640:00:00,MERLOT,10,,Pass_Pasar,276,10,359,Yes / Si,355.80,0,0,,93,97,970,5,14.7,15.8,13.5,13.8,15.2,5,0.5,0.57,0.44,0.47,0.32,2548,,,,,,,,,,,24/11/2025,Ica,Lote 37,Tierra Linda,Ica,31.63,87020,9116,Generica
2023-2024,25/11/2025,13:30,Formulario Registro Inspeccion Uva,Ica,Juan M.,False,Perú,Ica,EEUU,,First Inspection,1103664:00:00,MERLOT,10,,Pass_Pasar,276,10,356,Yes / Si,350.90,0,0,,96,94.5,945,5,14.4,14.3,14.3,14.9,15.5,5,0.46,0.49,0.46,0.32,0.29,2548,,,,,,,,,,,25/11/2025,Ica,Lote 37,Tierra Linda,Ica,31.63,87020,9116,Generica
2023-2024,26/11/2025,23:59,Formulario Registro Inspeccion Uva,Pisco,Guadalupe,True,Perú,Pisco,EEUU,,First Inspection,1103688:00:00,AIREN,9,,Pass_Pasar,48,6,353,Yes / Si,346.83,6,0,,124,119.5,717,2,13.5,12,,,,2,0.84,1,,,,2548,,,,,,,,,,,26/11/2025,Pisco,Lote 3,Santa Bernardina Uva,Pisco,313.27,86986,9108,Generica
2023-2024,26/11/2025,23:55,Formulario Registro Inspeccion Uva,Pisco,Guadalupe,True,Perú,Pisco,EEUU,,First Inspection,1103688:00:00,AIREN,9,,Pass_Pasar,276,11,357,Yes / Si,354.27,0,0,,99,97.5,1072.5,5,13.5,13.9,13.3,13.4,13.5,5,0.41,0.45,0.33,0.34,0.4,2548,,,,,,,,,,,26/11/2025,Pisco,Lote 3,Santa Bernardina Uva,Pisco,313.27,86986,9116,Generica
2023-2024,26/11/2025,23:49,Formulario Registro Inspeccion Uva,Pisco,Guadalupe,True,Perú,Pisco,EEUU,,First Inspection,1103688:00:00,AIREN,9,,Pass_Pasar,110,4,577,Yes / Si,575.25,0,0,,161,161,644,5,13.7,13.9,12.6,14.2,12.6,5,0.27,0.35,0.28,0.2,0.32,2548,,,,,,,,,,,26/11/2025,Pisco,Lote 3,Santa Bernardina Uva,Pisco,313.27,86986,9118,Generica
2023-2024,26/11/2025,23:33,Formulario Registro Inspeccion Uva,Pisco,Guadalupe,True,Perú,Pisco,EEUU,,First Inspection,1103688:00:00,AIREN,7,,Pass_Pasar,85,3,584,Yes / Si,583.83,0,0,,200,200,600,6,13.2,12.9,12.4,13.6,13.6,6,0.45,0.74,0.58,0.47,0.38,2548,13.8,,0.46,,,,,,,,26/11/2025,Pisco,Lote 10,Eden del Norte,Pisco,76.26,86993,9118,Generica
2023-2024,26/11/2025,23:23,Formulario Registro Inspeccion Uva,Pisco,Guadalupe,False,Perú,Pisco,EEUU,,First Inspection,1103688:00:00,AIREN,7,,Pass_Pasar,85,3,584.5,Yes / Si,583.83,0,0,,176,176,528,5,13.3,12.8,13.2,13.4,13.4,5,0.44,0.5,0.59,0.54,0.4,2548,,,,,,,,,,,26/11/2025,Pisco,Lote 10,Eden del Norte,Pisco,76.26,86993,9118,Generica
2023-2024,26/11/2025,23:18,Formulario Registro Inspeccion Uva,Pisco,Guadalupe,True,Perú,Pisco,EEUU,,First Inspection,1103688:00:00,AIREN,7,,Pass_Pasar,85,3,583.5,Yes / Si,583.16,0,0,,194,194,582,7,13,13,13.1,13.6,13,7,0.72,0.68,0.4,0.48,0.46,2548,13.6,12.6,0.55,0.43,,,,,,,26/11/2025,Pisco,Lote 10,Eden del Norte,Pisco,76.26,86993,9118,Generica
2023-2024,26/11/2025,12:34,Formulario Registro Inspeccion Uva,Ica,Juan M.,True,Perú,Ica,EEUU,,First Inspection,1103616:00:00,MERLOT,9,,Pass_Pasar,210,10,348,Yes / Si,338.00,10,0,,135,133.5,1335,2,12.9,11.4,,,,2,0.5,0.59,,,,2548,,,,,,,,,,,23/11/2025,Ica,Lote 24,Andenes de Andrea,Ica,151.43,87007,9108,Generica
2023-2024,26/11/2025,12:32,Formulario Registro Inspeccion Uva,Ica,Juan M.,False,Perú,Ica,ASIA NORTE,,First Inspection,1103616:00:00,MERLOT,9,,Pass_Pasar,390,16,150,Yes / Si,145.43,16,0,,48,47.5,760,2,15,12.7,,,,2,0.32,0.45,,,,2548,,,,,,,,,,,23/11/2025,Ica,Lote 24,Andenes de Andrea,Ica,151.43,87007,9102,Generica
2023-2024,26/11/2025,7:45,Formulario Registro Inspeccion Uva,Pisco,Guadalupe,False,Perú,Pisco,EEUU,,First Inspection,1103664:00:00,AIREN,7,,Pass_Pasar,85,3,583,Yes / Si,582.50,0,0,,183,177.5,532.5,5,12.3,13.2,12.8,13.5,13.6,5,0.56,0.44,0.53,0.48,0.6,2548,,,,,,,,,,,25/11/2025,Pisco,Lote 10,Eden del Norte,Pisco,76.26,86993,9118,Generica
2023-2024,26/11/2025,7:44,Formulario Registro Inspeccion Uva,Pisco,Guadalupe,False,Perú,Pisco,EEUU,,First Inspection,1103664:00:00,AIREN,7,,Pass_Pasar,85,3,583.5,Yes / Si,583.16,0,0,,204,204,612,7,11.8,13.4,12.9,13.3,11.8,7,0.52,0.36,0.53,0.53,0.51,2548,12.2,13.1,0.37,0.42,,,,,,,25/11/2025,Pisco,Lote 10,Eden del Norte,Pisco,76.26,86993,9118,Generica
2023-2024,26/11/2025,7:44,Formulario Registro Inspeccion Uva,Pisco,Guadalupe,False,Perú,Pisco,EEUU,,First Inspection,1103664:00:00,AIREN,9,,Pass_Pasar,276,11,369,Yes / Si,358.09,0,0,,108,106,1166,5,13.6,13.4,14,13.4,14.1,5,0.32,0.28,0.33,0.23,0.41,2548,,,,,,,,,,,25/11/2025,Pisco,Lote 3,Santa Bernardina Uva,Pisco,313.27,86986,9116,Generica
2023-2024,26/11/2025,7:39,Formulario Registro Inspeccion Uva,Pisco,Guadalupe,False,Perú,Pisco,EEUU,,First Inspection,1103664:00:00,AIREN,9,,Pass_Pasar,276,11,358,Yes / Si,355.00,0,0,,98,99.5,1094.5,5,14,14,15.1,14.7,12.8,5,0.31,0.21,0.23,0.25,0.32,2548,,,,,,,,,,,25/11/2025,Pisco,Lote 3,Santa Bernardina Uva,Pisco,313.27,86986,9116,Generica
2023-2024,26/11/2025,7:34,Formulario Registro Inspeccion Uva,Pisco,Guadalupe,False,Perú,Pisco,EEUU,,First Inspection,1103664:00:00,AIREN,9,,Pass_Pasar,276,11,366,Yes / Si,356.00,0,0,,97,93.5,1028.5,5,13.7,14.4,13.2,13.8,13.1,5,0.4,0.24,0.2,0.38,0.37,2548,,,,,,,,,,,25/11/2025,Pisco,Lote 3,Santa Bernardina Uva,Pisco,313.27,86986,9116,Generica
2023-2024,26/11/2025,7:18,Formulario Registro Inspeccion Uva,Pisco,Guadalupe,True,Perú,Pisco,EEUU,,First Inspection,1103664:00:00,AIREN,7,,Pass_Pasar,85,3,583.5,Yes / Si,583.16,0,0,,213,210.5,631.5,6,13.9,13.5,13.3,13.7,13.1,6,0.58,0.38,0.47,0.44,0.74,2548,12.3,,0.43,,,,,,,,25/11/2025,Pisco,Lote 10,Eden del Norte,Pisco,76.26,86993,9118,Generica
2023-2024,26/11/2025,7:14,Formulario Registro Inspeccion Uva,Pisco,Guadalupe,True,Perú,Pisco,EEUU,,First Inspection,1103664:00:00,MERLOT,6,,Pass_Pasar,10,3,,No,,,,,283,283,849,2,12.4,12.8,,,,2,0.66,1,,,,2548,,,,,,,,,,,25/11/2025,Pisco,Lote 5,Santa Bernardina Uva,Pisco,72.27,86988,9111,Generica
2023-2024,26/11/2025,7:12,Formulario Registro Inspeccion Uva,Pisco,Guadalupe,False,Perú,Pisco,EEUU,,First Inspection,1103664:00:00,MERLOT,6,,Pass_Pasar,25,6,,No,,,,,136,125.5,753,6,10.6,12.7,13.1,12.7,13.1,6,0.53,0.64,0.65,0.47,0.49,2548,13.7,,0.58,,,,,,,,25/11/2025,Pisco,Lote 4,Santa Bernardina Uva,Pisco,47.28,86987,9116,Generica
2023-2024,26/11/2025,7:05,Formulario Registro Inspeccion Uva,Pisco,Guadalupe,False,Perú,Pisco,EEUU,,First Inspection,1103664:00:00,TINTORERA,5,,Pass_Pasar,20,4,,No,,,,,247,247,988,2,12.9,11.2,,,,2,0.96,1.26,,,,2548,,,,,,,,,,,25/11/2025,Pisco,Lote 4,Santa Bernardina Uva,Pisco,47.28,86987,9108,Generica
2023-2024,29/11/2025,22:32,Formulario Registro Inspeccion Uva,Piura,Lincoln Fernandez,False,Perú,Piura,ASIA CENTRO,No,First Inspection,1103760:00:00,VERDEJO,10,,Pass_Pasar,390,16,143,Yes / Si,141.50,16,0,,42,41,656,2,12.8,12.4,,,,2,0.44,0.6,,,,2548,,,,,,,,,,,29/11/2025,Piura,Lote 41,Campos Gloriosos,Piura,61.84,87024,9100,Generica
2023-2024,29/11/2025,22:30,Formulario Registro Inspeccion Uva,Piura,Lincoln Fernandez,False,Perú,Piura,ASIA CENTRO,Yes / Si,First Inspection,1103760:00:00,VERDEJO,10,Singapur,Pass_Pasar,390,16,143,Yes / Si,141.43,16,0,,42,39.5,632,2,12.8,12.4,,,,2,0.44,0.6,,,,2548,,,,,,,,,,,29/11/2025,Piura,Lote 41,Campos Gloriosos,Piura,61.84,87024,9100,Generica
2023-2024,29/11/2025,15:32,Formulario Registro Inspeccion Uva,Ica,Juan M.,True,Perú,Ica,ASIA NORTE,,First Inspection,1103760:00:00,MERLOT,9,,Pass_Pasar,390,16,149,Yes / Si,145.43,16,0,,31,29.5,472,2,14.3,15.2,,,,2,0.43,0.46,,,,2548,,,,,,,,,,,29/11/2025,Ica,Lote 38,Tierra Linda,Ica,35.08,87021,9103,Generica
2023-2024,29/11/2025,15:31,Formulario Registro Inspeccion Uva,Ica,Juan M.,True,Perú,Pisco,ASIA CENTRO,Yes / Si,First Inspection,1103736:00:00,AIREN,7,Singapur,Pass_Pasar,390,16,148,Yes / Si,144.87,16,0,,65,61.5,984,2,14.7,13.1,,,,2,0.49,0.33,,,,2548,,,,,,,,,,,28/11/2025,Pisco,Lote 20,Agricultores Unidos,Pisco,344.98,87003,9099,Generica
2023-2024,29/11/2025,15:29,Formulario Registro Inspeccion Uva,Ica,Juan M.,False,Perú,Pisco,EEUU,,First Inspection,1103760:00:00,AIREN,7,,Pass_Pasar,276,10,358,Yes / Si,355.20,0,0,,107,104,1040,5,15.1,13.7,13.9,15.5,14.9,5,0.49,0.48,0.41,0.31,0.52,2548,,,,,,,,,,,29/11/2025,Pisco,Lote 20,Agricultores Unidos,Pisco,344.98,87003,9116,Generica
2023-2024,29/11/2025,8:15,Formulario Registro Inspeccion Uva,Piura,Lincoln Fernandez,False,Perú,Piura,EEUU,,First Inspection,1103736:00:00,MERLOT,7,,Pass_Pasar,200,10,364.2,Yes / Si,356.53,0,0,,121,119.5,1195,5,16,14.8,16.9,15.7,15.2,5,0.44,0.53,0.57,0.42,0.54,2548,,,,,,,,,,,28/11/2025,Piura,Lote 2,Santa Bernardina Uva,Piura,66.97,86985,9116,Generica
2023-2024,29/11/2025,7:57,Formulario Registro Inspeccion Uva,Piura,Lincoln Fernandez,False,Perú,Piura,EEUU,,First Inspection,1103736:00:00,AIREN,10,,Pass_Pasar,200,8,364.9,Yes / Si,359.36,0,0,,135,130,1040,5,15.2,14.8,16,15.3,15.9,5,0.24,0.3,0.28,0.22,0.24,2548,,,,,,,,,,,28/11/2025,Piura,Lote 1,Santa Bernardina Uva,Piura,80.51,86984,9116,Generica
2023-2024,29/11/2025,7:30,Formulario Registro Inspeccion Uva,Piura,Lincoln Fernandez,False,Perú,Piura,EEUU,,First Inspection,1103712:00:00,MERLOT,7,,Pass_Pasar,200,8,357.8,Yes / Si,355.26,0,0,,155,149,1192,5,14.7,15.3,14.7,14.6,16.2,5,0.39,0.32,0.57,0.43,0.37,2548,,,,,,,,,,,27/11/2025,Piura,Lote 39,Sociedad del Sol,Piura,71.53,87022,9116,Generica
2023-2024,29/11/2025,7:27,Formulario Registro Inspeccion Uva,Piura,Lincoln Fernandez,False,Perú,Piura,EEUU,,First Inspection,1103712:00:00,MERLOT,7,,Pass_Pasar,150,6,359.8,Yes / Si,354.53,0,1,,146,141,846,5,14.7,15.3,14.7,14.6,16.2,5,0.39,0.32,0.57,0.43,0.37,2548,,,,,,,,,,,27/11/2025,Piura,Lote 39,Sociedad del Sol,Piura,71.53,87022,9116,Generica
2023-2024,29/11/2025,7:07,Formulario Registro Inspeccion Uva,Piura,Lincoln Fernandez,False,Perú,Piura,ASIA CENTRO,No,First Inspection,1103736:00:00,VERDEJO,11,,Pass_Pasar,390,16,147,Yes / Si,142.25,16,0,,43,41,656,1,13.5,,,,,1,0.37,,,,,2548,,,,,,,,,,,28/11/2025,Piura,Lote 41,Campos Gloriosos,Piura,61.84,87024,9100,Generica
2023-2024,29/11/2025,7:04,Formulario Registro Inspeccion Uva,Piura,Lincoln Fernandez,False,Perú,Piura,ASIA CENTRO,No,First Inspection,1103736:00:00,VERDEJO,11,,Pass_Pasar,300,12,144,Yes / Si,142.00,12,0,,41,40,480,1,13.5,,,,,1,0.37,,,,,2548,,,,,,,,,,,28/11/2025,Piura,Lote 41,Campos Gloriosos,Piura,61.84,87024,9100,Generica
2023-2024,29/11/2025,6:59,Formulario Registro Inspeccion Uva,Piura,Lincoln Fernandez,True,Perú,Piura,EUROPA,No,First Inspection,1103712:00:00,MERLOT,7,,Pass_Pasar,300,12,155.7,Yes / Si,145.65,12,0,,63,61,732,1,13.8,,,,,1,0.6,,,,,2548,,,,,,,,,,,27/11/2025,Piura,Lote 2,Santa Bernardina Uva,Piura,66.97,86985,9092,Generica
2023-2024,29/11/2025,0:05,Formulario Registro Inspeccion Uva,Pisco,Guadalupe,False,Perú,Pisco,EEUU,,First Inspection,1103736:00:00,TINTORERA,7,,Pass_Pasar,55,2,,No,,,,,312,312,624,2,12.3,13.3,,,,2,0.7,0.4,,,,2548,,,,,,,,,,,28/11/2025,Pisco,Lote 4,Santa Bernardina Uva,Pisco,47.28,86987,9111,Generica
2023-2024,28/11/2025,23:58,Formulario Registro Inspeccion Uva,Pisco,Guadalupe,False,Perú,Pisco,EEUU,,First Inspection,1103736:00:00,AIREN,6.5,,Pass_Pasar,72,5,,No,,,,,98,99.5,497.5,7,13.4,14.1,14.4,13,13.3,7,0.81,0.68,0.73,0.57,0.55,2548,14.1,14.5,0.52,0.44,,,,,,,28/11/2025,Pisco,Lote 5,Santa Bernardina Uva,Pisco,72.27,86988,9116,Generica
2023-2024,28/11/2025,23:54,Formulario Registro Inspeccion Uva,Pisco,Guadalupe,True,Perú,Pisco,EEUU,,First Inspection,1103736:00:00,MERLOT,7,,Pass_Pasar,210,9,,No,,,,,136,131,1179,6,12.7,13.3,14.5,11.6,12.1,6,0.55,0.34,0.49,0.59,0.52,2548,11.6,,0.49,,,,,,,,28/11/2025,Pisco,Lote 5,Santa Bernardina Uva,Pisco,72.27,86988,9116,Generica
2023-2024,28/11/2025,16:11,Formulario Registro Inspeccion Uva,Ica,Juan M.,True,Perú,Pisco,EUROPA,No,First Inspection,1103712:00:00,AIREN,7,,Pass_Pasar,210,10,335,Yes / Si,330.90,0,0,,116,114.5,1145,5,15.4,14,14.6,15.4,14.6,5,0.29,0.39,0.46,0.3,0.38,2548,,,,,,,,,,,27/11/2025,Pisco,Lote 20,Agricultores Unidos,Pisco,344.98,87003,9097,Generica
2023-2024,28/11/2025,16:09,Formulario Registro Inspeccion Uva,Ica,Juan M.,False,Perú,Ica,EEUU,,First Inspection,1103712:00:00,AIREN,10,,Pass_Pasar,276,10,360,Yes / Si,356.30,0,0,,92,90.5,905,5,12.1,12.9,14.8,12.6,12.8,5,0.45,0.36,0.34,0.49,0.45,2548,,,,,,,,,,,27/11/2025,Ica,Lote 37,Tierra Linda,Ica,31.63,87020,9116,Generica
2023-2024,28/11/2025,6:48,Formulario Registro Inspeccion Uva,Pisco,Guadalupe,False,Perú,Pisco,EEUU,,First Inspection,1103712:00:00,AIREN,9,,Pass_Pasar,276,11,377,Yes / Si,354.81,0,3,,93,87.5,962.5,5,13.4,12.3,13.7,13.8,14.2,5,0.22,0.34,0.37,0.41,0.29,2548,,,,,,,,,,,27/11/2025,Pisco,Lote 3,Santa Bernardina Uva,Pisco,313.27,86986,9116,Generica
2023-2024,28/11/2025,6:43,Formulario Registro Inspeccion Uva,Pisco,Guadalupe,False,Perú,Pisco,EEUU,,First Inspection,1103712:00:00,AIREN,9,,Pass_Pasar,276,11,360,Yes / Si,355.18,0,2,,94,93,1023,5,13.1,13.6,14.3,13.1,13.7,5,0.39,0.19,0.27,0.33,0.24,2548,,,,,,,,,,,27/11/2025,Pisco,Lote 3,Santa Bernardina Uva,Pisco,313.27,86986,9116,Generica
2023-2024,28/11/2025,6:39,Formulario Registro Inspeccion Uva,Piura,Lincoln Fernandez,True,Perú,Piura,EEUU,,First Inspection,1103712:00:00,AIREN,8,,Pass_Pasar,200,8,367.9,Yes / Si,358.66,0,0,,136,130.5,1044,5,16.2,14.6,17,15.3,15.8,5,0.23,0.41,0.21,0.28,0.3,2548,,,,,,,,,,,27/11/2025,Piura,Lote 39,Sociedad del Sol,Piura,71.53,87022,9116,Generica
2023-2024,28/11/2025,6:38,Formulario Registro Inspeccion Uva,Pisco,Guadalupe,False,Perú,Pisco,EEUU,,First Inspection,1103712:00:00,AIREN,9,,Pass_Pasar,110,4,582,Yes / Si,576.75,0,0,,145,145,580,5,14.6,14.1,14.5,13.9,13.3,5,0.22,0.29,0.33,0.37,0.38,2548,,,,,,,,,,,27/11/2025,Pisco,Lote 3,Santa Bernardina Uva,Pisco,313.27,86986,9118,Generica
2023-2024,28/11/2025,6:36,Formulario Registro Inspeccion Uva,Piura,Lincoln Fernandez,True,Perú,Piura,EEUU,,First Inspection,1103688:00:00,AIREN,8,,Pass_Pasar,200,8,363.7,Yes / Si,356.27,0,0,,141,138,1104,5,16.2,14.6,17,15.3,15.8,5,0.23,0.41,0.21,0.28,0.3,2548,,,,,,,,,,,26/11/2025,Piura,Lote 39,Sociedad del Sol,Piura,71.53,87022,9116,Generica
2023-2024,28/11/2025,6:34,Formulario Registro Inspeccion Uva,Pisco,Guadalupe,False,Perú,Pisco,EEUU,,First Inspection,1103712:00:00,MERLOT,7,,Pass_Pasar,24,6,,No,,,,,115,113.5,681,6,15.7,13.6,15,13.8,13.8,6,0.57,0.5,0.71,0.53,0.46,2548,12.7,,0.67,,,,,,,,27/11/2025,Pisco,Lote 5,Santa Bernardina Uva,Pisco,72.27,86988,9116,Generica
2023-2024,28/11/2025,6:29,Formulario Registro Inspeccion Uva,Pisco,Guadalupe,False,Perú,Pisco,EEUU,,First Inspection,1103712:00:00,AIREN,7,,Pass_Pasar,55,3,,No,,,,,176,176,528,8,14,13.6,12.3,13.8,14.5,8,0.72,0.6,0.68,0.86,0.57,2548,14.6,13.3,0.45,0.48,14,,,0.6,,,27/11/2025,Pisco,Lote 5,Santa Bernardina Uva,Pisco,72.27,86988,9118,Generica
2023-2024,28/11/2025,6:22,Formulario Registro Inspeccion Uva,Pisco,Guadalupe,False,Perú,Pisco,EEUU,,First Inspection,1103688:00:00,AIREN,7,,Pass_Pasar,30,3,,No,,,,,202,202,606,8,14,14.4,13.7,14.6,13.1,8,0.53,0.67,0.7,0.55,0.75,2548,14.6,13.9,0.42,0.61,14.3,,,0.71,,,26/11/2025,Pisco,Lote 4,Santa Bernardina Uva,Pisco,47.28,86987,9118,Generica
2023-2024,28/11/2025,3:01,Formulario Registro Inspeccion Uva,Pisco,Guadalupe,True,Perú,Pisco,EEUU,,First Inspection,1103712:00:00,AIREN,7,,Pass_Pasar,228,11,658.5,Yes / Si,385.40,0,0,,124,122,1342,7,13.1,11.9,12.7,12.3,12.4,7,0.58,0.58,0.45,0.64,0.38,2548,12.4,12.9,0.35,0.44,,,,,,,27/11/2025,Pisco,Lote 10,Eden del Norte,Pisco,76.26,86993,9116,Generica
2023-2024,28/11/2025,2:55,Formulario Registro Inspeccion Uva,Pisco,Guadalupe,False,Perú,Pisco,EEUU,,First Inspection,1103712:00:00,AIREN,7,,Pass_Pasar,228,11,358.5,Yes / Si,357.95,0,0,,123,116,1276,6,13.3,12.9,13,12.7,13.8,6,0.35,0.55,0.61,0.35,0.58,2548,13.7,,0.58,,,,,,,,27/11/2025,Pisco,Lote 10,Eden del Norte,Pisco,76.26,86993,9116,Generica
2023-2024,28/11/2025,2:49,Formulario Registro Inspeccion Uva,Pisco,Guadalupe,True,Perú,Pisco,EEUU,,First Inspection,1103712:00:00,AIREN,7,,Pass_Pasar,228,11,359,Yes / Si,358.22,0,0,,124,119.5,1314.5,7,14.7,12.8,13.6,14.6,11.7,7,0.37,0.63,0.5,0.44,0.83,2548,12.6,12.9,0.35,0.39,,,,,,,27/11/2025,Pisco,Lote 10,Eden del Norte,Pisco,76.26,86993,9116,Generica
2023-2024,27/11/2025,21:04,Formulario Registro Inspeccion Uva,Ica,Gloria A.,True,Perú,Ica,EEUU,,First Inspection,1103688:00:00,TINTORERA,5,,Pass_Pasar,115,2,584,Yes / Si,581.50,0,0,,277,277,554,2,12.9,12.6,,,,2,0.84,0.96,,,,2548,,,,,,,,,,,26/11/2025,Ica,Lote 7,Uvas del Sabor,Ica,110.1,86990,9113,Organica
2023-2024,27/11/2025,21:01,Formulario Registro Inspeccion Uva,Ica,Gloria A.,True,Perú,Ica,EEUU,,First Inspection,1103688:00:00,AIREN,5,,Pass_Pasar,115,2,577,Yes / Si,573.00,0,0,,206,206,412,2,12.6,13.7,,,,2,1.1,0.92,,,,2548,,,,,,,,,,,26/11/2025,Ica,Lote 7,Uvas del Sabor,Ica,110.1,86990,9113,Organica
2023-2024,27/11/2025,20:19,Formulario Registro Inspeccion Uva,Ica,Juan M.,True,Perú,Ica,ASIA NORTE,,First Inspection,1103712:00:00,VERDEJO,7,,Pass_Pasar,390,16,145,Yes / Si,142.87,16,0,,36,33.5,536,2,12.1,12,,,,2,0.72,0.64,,,,2548,,,,,,,,,,,27/11/2025,Ica,Lote 35,Agricultores del Sol,Ica,129.08,87018,9103,Generica
2023-2024,27/11/2025,20:17,Formulario Registro Inspeccion Uva,Ica,Juan M.,True,Perú,Ica,EEUU,,First Inspection,1103688:00:00,PINOT,7,,Pass_Pasar,210,10,345,Yes / Si,343.60,10,0,,157,156,1560,2,14.7,14.7,,,,2,0.5,0.45,,,,2548,,,,,,,,,,,26/11/2025,Ica,Lote 34,Agricultores del Sol,Ica,249.17,87017,9108,Generica
2023-2024,27/11/2025,20:16,Formulario Registro Inspeccion Uva,Ica,Juan M.,True,Perú,Ica,EEUU,,First Inspection,1103712:00:00,AIREN,8,,Pass_Pasar,276,10,359,Yes / Si,357.70,0,0,,130,121,1210,5,16.1,15.2,15.6,15.4,15.6,5,0.6,0.54,0.59,0.52,0.52,2548,,,,,,,,,,,27/11/2025,Ica,Lote 35,Agricultores del Sol,Ica,129.08,87018,9116,Generica
2023-2024,27/11/2025,6:32,Formulario Registro Inspeccion Uva,Piura,Lincoln Fernandez,False,Perú,Piura,EEUU,,First Inspection,1103640:00:00,MERLOT,7,,Pass_Pasar,200,8,362.7,Yes / Si,355.18,0,0,,145,141.5,1132,5,16.3,16.7,14.6,15.7,19,5,0.4,0.37,0.31,0.46,0.36,2548,,,,,,,,,,,24/11/2025,Piura,Lote 39,Sociedad del Sol,Piura,71.53,87022,9116,Generica
2023-2024,27/11/2025,6:24,Formulario Registro Inspeccion Uva,Piura,Lincoln Fernandez,False,Perú,Piura,EEUU,,First Inspection,1103688:00:00,MERLOT,9,,Pass_Pasar,200,8,355,Yes / Si,350.75,0,0,,148,141.5,1132,5,14.4,15.3,15.3,14.6,13.5,5,0.31,0.23,0.31,0.28,0.31,2548,,,,,,,,,,,26/11/2025,Piura,Lote 41,Campos Gloriosos,Piura,61.84,87024,9119,Generica
2023-2024,27/11/2025,6:10,Formulario Registro Inspeccion Uva,Piura,Lincoln Fernandez,False,Perú,Piura,EEUU,,First Inspection,1103640:00:00,AIREN,9,,Pass_Pasar,200,8,361.2,Yes / Si,356.28,0,0,,179,162,1296,5,15.1,14,16.6,14.3,16.1,5,0.23,0.15,0.24,0.19,0.15,2548,,,,,,,,,,,24/11/2025,Piura,Lote 39,Sociedad del Sol,Piura,71.53,87022,9116,Generica
2023-2024,27/11/2025,6:09,Formulario Registro Inspeccion Uva,Piura,Lincoln Fernandez,False,Perú,Piura,EEUU,,First Inspection,1103688:00:00,MERLOT,10,,Pass_Pasar,110,3,583,Yes / Si,581.33,3,0,,220,217.5,652.5,2,15.7,15.7,,,,2,0.3,0.29,,,,2548,,,,,,,,,,,26/11/2025,Piura,Lote 40,Campos Gloriosos,Piura,5.57,87023,9111,Generica
2023-2024,27/11/2025,5:56,Formulario Registro Inspeccion Uva,Piura,Lincoln Fernandez,False,Perú,Piura,ASIA NORTE,,First Inspection,1103688:00:00,MERLOT,10,,Pass_Pasar,300,12,154.1,Yes / Si,143.82,10,2,,39,37,444,2,12.8,12.9,,,,2,0.4,0.6,,,,2548,,,,,,,,,,,26/11/2025,Piura,Lote 8,Sol del Sur,Piura,68.65,86991,9103,Generica
2023-2024,27/11/2025,5:32,Formulario Registro Inspeccion Uva,Piura,Lincoln Fernandez,False,Perú,Piura,EEUU,,First Inspection,1103664:00:00,MERLOT,10,,Pass_Pasar,286,11,362.7,Yes / Si,359.80,0,0,,111,110,1210,5,14.2,15.8,15.9,15.3,14.7,5,0.33,0.3,0.27,0.32,0.3,2548,,,,,,,,,,,25/11/2025,Piura,Lote 8,Sol del Sur,Piura,68.65,86991,9116,Generica
2023-2024,3/12/2025,22:46,Formulario Registro Inspeccion Uva,Pisco,Guadalupe,False,Perú,Pisco,EEUU,,First Inspection,1103856:00:00,AIREN,9,,Pass_Pasar,276,11,363,Yes / Si,353.00,0,2,,98,102,1122,5,13.3,13.7,13.4,14.8,14.7,5,0.27,0.6,0.45,0.4,0.5,2549,,,,,,,,,,,3/12/2025,Pisco,Lote 3,Santa Bernardina Uva,Pisco,313.27,86986,9116,Generica
2023-2024,3/12/2025,22:33,Formulario Registro Inspeccion Uva,Pisco,Guadalupe,True,Perú,Pisco,EEUU,,First Inspection,1103856:00:00,AIREN,9,,Pass_Pasar,204,8,347,Yes / Si,342.62,8,0,,114,112,896,2,12.6,12.8,,,,2,0.51,0.85,,,,2549,,,,,,,,,,,3/12/2025,Pisco,Lote 3,Santa Bernardina Uva,Pisco,313.27,86986,9108,Generica
2023-2024,3/12/2025,22:31,Formulario Registro Inspeccion Uva,Pisco,Guadalupe,True,Perú,Pisco,EEUU,,First Inspection,1103856:00:00,AIREN,9,,Pass_Pasar,276,11,359,Yes / Si,355.45,0,0,,94,97.5,1072.5,5,12.9,12.9,13.1,13.3,13.5,5,0.34,0.54,0.3,0.36,0.54,2549,,,,,,,,,,,3/12/2025,Pisco,Lote 3,Santa Bernardina Uva,Pisco,313.27,86986,9116,Generica
2023-2024,3/12/2025,22:08,Formulario Registro Inspeccion Uva,Ica,Juan M.,False,Perú,Ica,EEUU,,First Inspection,1103832:00:00,AIREN,9,,Pass_Pasar,276,10,361,Yes / Si,354.80,0,0,,102,101,1010,5,12.5,12.7,13,12.6,14.1,5,0.34,0.23,0.24,0.18,0.3,2549,,,,,,,,,,,2/12/2025,Ica,Lote 37,Tierra Linda,Ica,31.63,87020,9116,Generica
2023-2024,3/12/2025,21:58,Formulario Registro Inspeccion Uva,Ica,Juan M.,False,Perú,Ica,EEUU,,First Inspection,1103808:00:00,AIREN,9,,Pass_Pasar,276,8,358,Yes / Si,354.75,0,0,,92,91,728,5,14,14.6,12.4,12.8,12.3,5,0.21,0.25,0.37,0.37,0.36,2549,,,,,,,,,,,1/12/2025,Ica,Lote 38,Tierra Linda,Ica,35.08,87021,9116,Generica
2023-2024,3/12/2025,21:54,Formulario Registro Inspeccion Uva,Piura,Lincoln Fernandez,True,Perú,Piura,EEUU,,First Inspection,1103856:00:00,VERDEJO,11,,Pass_Pasar,150,8,361,Yes / Si,359.87,8,0,,117,113.5,908,3,12.4,12.1,11.5,,,3,0.44,0.51,0.44,,,2549,,,,,,,,,,,3/12/2025,Piura,Lote 41,Campos Gloriosos,Piura,61.84,87024,9108,Generica
2023-2024,3/12/2025,21:43,Formulario Registro Inspeccion Uva,Piura,Lincoln Fernandez,True,Perú,Piura,EEUU,,First Inspection,1103856:00:00,VERDEJO,11,,Pass_Pasar,110,3,580,Yes / Si,579.33,3,0,,191,191,573,3,12.4,12.1,11.5,,,3,0.44,0.51,0.44,,,2549,,,,,,,,,,,3/12/2025,Piura,Lote 41,Campos Gloriosos,Piura,61.84,87024,9111,Generica
2023-2024,3/12/2025,21:35,Formulario Registro Inspeccion Uva,Piura,Lincoln Fernandez,False,Perú,Piura,EEUU,,First Inspection,1103856:00:00,AIREN,11,,Pass_Pasar,110,4,579,Yes / Si,578.50,4,0,,420,416.5,1666,2,15.5,13.5,,,,2,0.22,0.22,,,,2549,,,,,,,,,,,3/12/2025,Piura,Lote 41,Campos Gloriosos,Piura,61.84,87024,9111,Generica
2023-2024,3/12/2025,21:33,Formulario Registro Inspeccion Uva,Piura,Lincoln Fernandez,False,Perú,Piura,EEUU,,First Inspection,1103856:00:00,AIREN,11,,Pass_Pasar,110,4,578,Yes / Si,578.00,4,0,,204,200,800,2,15.5,13.5,,,,2,0.22,0.22,,,,2549,,,,,,,,,,,3/12/2025,Piura,Lote 41,Campos Gloriosos,Piura,61.84,87024,9111,Generica
2023-2024,3/12/2025,20:58,Formulario Registro Inspeccion Uva,Ica,Juan M.,False,Perú,Ica,EEUU,,First Inspection,1103856:00:00,AIREN,7,,Pass_Pasar,276,10,359,Yes / Si,357.80,0,0,,117,115,1150,6,13.2,13.3,12.8,13.9,11.9,6,0.57,0.29,0.6,0.61,0.6,2549,12.2,,0.58,,,,,,,,3/12/2025,Ica,Lote 35,Agricultores del Sol,Ica,129.08,87018,9116,Generica
2023-2024,3/12/2025,20:57,Formulario Registro Inspeccion Uva,Pisco,Guadalupe,False,Perú,Pisco,EEUU,,First Inspection,1103856:00:00,AIREN,7,,Pass_Pasar,85,3,588,Yes / Si,587.50,0,0,,199,199,597,6,12.5,12.1,12.4,13.1,12.4,6,0.43,0.59,0.53,0.54,0.82,2549,12.7,,0.61,,,,,,,,3/12/2025,Pisco,Lote 10,Eden del Norte,Pisco,76.26,86993,9118,Generica
2023-2024,3/12/2025,20:55,Formulario Registro Inspeccion Uva,Ica,Juan M.,True,Perú,Ica,EUROPA,Yes / Si,First Inspection,1103856:00:00,TINTORERA,7,Arabia Saudita,Pass_Pasar,390,12,145,Yes / Si,142.83,12,0,,72,71,852,2,14.1,13.4,,,,2,0.83,0.67,,,,2549,,,,,,,,,,,3/12/2025,Ica,Lote 34,Agricultores del Sol,Ica,249.17,87017,9092,Generica
2023-2024,3/12/2025,20:52,Formulario Registro Inspeccion Uva,Pisco,Guadalupe,True,Perú,Pisco,EEUU,,First Inspection,1103856:00:00,AIREN,7,,Pass_Pasar,85,3,588,Yes / Si,587.66,0,0,,206,206,618,6,14.9,13.5,14.2,14.6,12,6,0.46,0.65,0.51,0.65,0.56,2549,14.1,,0.66,,,,,,,,3/12/2025,Pisco,Lote 10,Eden del Norte,Pisco,76.26,86993,9118,Generica
2023-2024,3/12/2025,20:49,Formulario Registro Inspeccion Uva,Pisco,Guadalupe,True,Perú,Pisco,EEUU,,First Inspection,1103856:00:00,AIREN,7,,Pass_Pasar,85,3,588,Yes / Si,587.50,0,0,,225,219.5,658.5,6,12.6,13.5,12.8,12.7,14.2,6,0.39,0.37,0.45,0.74,0.5,2549,13,,0.63,,,,,,,,3/12/2025,Pisco,Lote 10,Eden del Norte,Pisco,76.26,86993,9118,Generica
2023-2024,2/12/2025,23:08,Formulario Registro Inspeccion Uva,Pisco,Guadalupe,True,Perú,Pisco,EEUU,,First Inspection,1103832:00:00,AIREN,9,,Pass_Pasar,204,8,345,Yes / Si,342.25,8,0,,143,140.5,1124,2,12.9,11.7,,,,2,0.41,0.86,,,,2549,,,,,,,,,,,2/12/2025,Pisco,Lote 3,Santa Bernardina Uva,Pisco,313.27,86986,9108,Generica
2023-2024,2/12/2025,23:05,Formulario Registro Inspeccion Uva,Pisco,Guadalupe,True,Perú,Pisco,EEUU,,First Inspection,1103832:00:00,AIREN,9,,Pass_Pasar,276,11,363,Yes / Si,355.72,0,0,,117,110.5,1215.5,5,13.7,13.8,12.5,12.9,12.8,5,0.16,0.19,0.29,0.18,0.3,2549,,,,,,,,,,,2/12/2025,Pisco,Lote 3,Santa Bernardina Uva,Pisco,313.27,86986,9116,Generica
2023-2024,2/12/2025,23:01,Formulario Registro Inspeccion Uva,Pisco,Guadalupe,False,Perú,Pisco,EEUU,,First Inspection,1103832:00:00,AIREN,9,,Pass_Pasar,276,11,362,Yes / Si,353.09,0,4,,116,113,1243,5,14.5,13,13.3,13.2,14.6,5,0.18,0.22,0.2,0.39,0.31,2549,,,,,,,,,,,2/12/2025,Pisco,Lote 3,Santa Bernardina Uva,Pisco,313.27,86986,9116,Generica
2023-2024,2/12/2025,22:55,Formulario Registro Inspeccion Uva,Pisco,Guadalupe,True,Perú,Pisco,EEUU,,First Inspection,1103832:00:00,AIREN,7,,Pass_Pasar,85,3,588.5,Yes / Si,587.83,0,0,,195,195,585,5,13.5,13.7,13.7,13.1,13.3,5,0.4,0.51,0.34,0.43,0.4,2549,,,,,,,,,,,2/12/2025,Pisco,Lote 10,Eden del Norte,Pisco,76.26,86993,9118,Generica
2023-2024,2/12/2025,22:41,Formulario Registro Inspeccion Uva,Pisco,Guadalupe,True,Perú,Pisco,EEUU,,First Inspection,1103832:00:00,AIREN,7,,Pass_Pasar,85,3,588.5,Yes / Si,588.16,0,0,,188,188,564,5,12.4,14.1,14.2,12.7,14.1,5,0.44,0.49,0.35,0.47,0.48,2549,,,,,,,,,,,2/12/2025,Pisco,Lote 10,Eden del Norte,Pisco,76.26,86993,9118,Generica
2023-2024,2/12/2025,22:36,Formulario Registro Inspeccion Uva,Piura,Lincoln Fernandez,False,Perú,Piura,EEUU,,First Inspection,1103832:00:00,MERLOT,7,,Pass_Pasar,200,8,355,Yes / Si,352.75,0,0,,133,124,992,5,16.9,14.7,15.3,17,15.6,5,0.31,0.44,0.52,0.52,0.38,2549,,,,,,,,,,,2/12/2025,Piura,Lote 8,Sol del Sur,Piura,68.65,86991,9116,Generica
2023-2024,2/12/2025,22:36,Formulario Registro Inspeccion Uva,Pisco,Guadalupe,False,Perú,Pisco,EEUU,,First Inspection,1103832:00:00,AIREN,7,,Pass_Pasar,85,3,588.5,Yes / Si,588.00,0,0,,200,200,600,6,12.7,13.8,12.7,11.4,12.3,6,0.63,0.57,0.55,0.53,0.59,2549,13.8,,0.6,,,,,,,,2/12/2025,Pisco,Lote 10,Eden del Norte,Pisco,76.26,86993,9118,Generica
2023-2024,2/12/2025,22:29,Formulario Registro Inspeccion Uva,Piura,Lincoln Fernandez,False,Perú,Piura,EEUU,,First Inspection,1103832:00:00,MERLOT,7,,Pass_Pasar,200,8,384,Yes / Si,363.12,0,0,,118,115,920,5,16.9,14.7,15.3,17,15.6,5,0.31,0.44,0.52,0.52,0.38,2549,,,,,,,,,,,2/12/2025,Piura,Lote 8,Sol del Sur,Piura,68.65,86991,9116,Generica
2023-2024,2/12/2025,20:05,Formulario Registro Inspeccion Uva,Ica,Gloria A.,True,Perú,Pisco,EEUU,,First Inspection,1103808:00:00,VERDEJO,7,,Pass_Pasar,204,8,343,Yes / Si,332.00,8,0,,104,103.5,828,2,10,13,,,,2,0.75,0.75,,,,2549,,,,,,,,,,,1/12/2025,Pisco,Lote 20,Agricultores Unidos,Pisco,344.98,87003,9108,Generica
2023-2024,2/12/2025,20:01,Formulario Registro Inspeccion Uva,Ica,Gloria A.,True,Perú,Ica,EEUU,,First Inspection,1103808:00:00,MERLOT,9,,Pass_Pasar,204,10,337,Yes / Si,333.50,10,0,,139,138,1380,2,15.7,14.3,,,,2,0.57,0.44,,,,2549,,,,,,,,,,,1/12/2025,Ica,Lote 19,Agricultores Unidos,Ica,79.51,87002,9108,Generica
2023-2024,2/12/2025,19:59,Formulario Registro Inspeccion Uva,Ica,Juan M.,True,Perú,Pisco,EEUU,,First Inspection,1103808:00:00,AIREN,7,,Pass_Pasar,210,10,334,Yes / Si,3532.20,10,0,,140,139,1390,2,13.3,12.6,,,,2,0.64,0.18,,,,2549,,,,,,,,,,,1/12/2025,Pisco,Lote 20,Agricultores Unidos,Pisco,344.98,87003,9108,Generica
2023-2024,2/12/2025,19:50,Formulario Registro Inspeccion Uva,Ica,Juan M.,False,Perú,Pisco,EEUU,,First Inspection,1103808:00:00,MERLOT,8,,Pass_Pasar,276,10,358,Yes / Si,355.50,0,0,,109,108.5,1085,5,12.9,15,13.4,15.5,14.4,5,0.63,0.34,0.43,0.46,0.28,2549,,,,,,,,,,,1/12/2025,Pisco,Lote 20,Agricultores Unidos,Pisco,344.98,87003,9116,Generica
2023-2024,2/12/2025,19:48,Formulario Registro Inspeccion Uva,Ica,Juan M.,False,Perú,Pisco,EEUU,,First Inspection,1103808:00:00,AIREN,7,,Pass_Pasar,276,10,358,Yes / Si,354.80,0,0,,115,112.5,1125,5,12.4,14.9,14.7,13.9,15.1,5,0.66,0.34,0.24,0.5,0.55,2549,,,,,,,,,,,1/12/2025,Pisco,Lote 20,Agricultores Unidos,Pisco,344.98,87003,9116,Generica
2023-2024,2/12/2025,19:38,Formulario Registro Inspeccion Uva,Ica,Juan M.,True,Perú,Ica,EUROPA,No,First Inspection,1103808:00:00,TINTORERA,7,,Pass_Pasar,390,12,152,Yes / Si,144.33,12,0,,69,63,756,2,13.3,11.5,,,,2,0.52,0.61,,,,2549,,,,,,,,,,,1/12/2025,Ica,Lote 15,Agricultores Unidos,Ica,62.09,86998,9092,Generica
2023-2024,5/12/2025,12:45,Formulario Registro Inspeccion Uva,Ica,Gloria A.,True,Perú,Pisco,ASIA CENTRO,Yes / Si,First Inspection,1103880:00:00,AIREN,7,Malasia,Pass_Pasar,390,16,148,Yes / Si,144.50,16,0,,67,65.5,1048,2,14.3,12.6,,,,2,0.54,0.42,,,,2549,,,,,,,,,,,4/12/2025,Pisco,Lote 20,Agricultores Unidos,Pisco,344.98,87003,9099,Generica
2023-2024,4/12/2025,23:25,Formulario Registro Inspeccion Uva,Piura,Lincoln Fernandez,False,Perú,Piura,EEUU,,First Inspection,1103856:00:00,MERLOT,7,,Pass_Pasar,200,8,362.3,Yes / Si,356.17,0,0,,115,114,912,5,15.4,15.9,14.1,14.3,14.4,5,0.47,0.43,0.43,0.44,0.31,2549,,,,,,,,,,,3/12/2025,Piura,Lote 2,Santa Bernardina Uva,Piura,66.97,86985,9116,Generica
2023-2024,4/12/2025,23:19,Formulario Registro Inspeccion Uva,Piura,Lincoln Fernandez,False,Perú,Piura,EEUU,,First Inspection,1103880:00:00,MERLOT,7,,Pass_Pasar,200,8,370.7,Yes / Si,360.62,0,0,,119,115.5,924,5,15.4,15.9,14.1,14.3,14.4,5,0.47,0.43,0.43,0.44,0.31,2549,,,,,,,,,,,4/12/2025,Piura,Lote 2,Santa Bernardina Uva,Piura,66.97,86985,9116,Generica
2023-2024,4/12/2025,23:12,Formulario Registro Inspeccion Uva,Piura,Lincoln Fernandez,True,Perú,Piura,EEUU,,First Inspection,1103856:00:00,MERLOT,12,,Pass_Pasar,100,4,360.9,Yes / Si,359.42,0,0,,118,114.5,458,5,15.9,17.5,15.6,16.1,17.3,5,0.4,0.33,0.47,0.35,0.48,2549,,,,,,,,,,,3/12/2025,Piura,Lote 1,Santa Bernardina Uva,Piura,80.51,86984,9116,Generica
2023-2024,4/12/2025,23:08,Formulario Registro Inspeccion Uva,Piura,Lincoln Fernandez,False,Perú,Piura,EEUU,,First Inspection,1103880:00:00,MERLOT,12,,Pass_Pasar,276,11,363.4,Yes / Si,359.09,0,0,,109,107.5,1182.5,5,15.9,17.5,15.6,16.1,17.3,5,0.4,0.33,0.47,0.35,0.48,2549,,,,,,,,,,,4/12/2025,Piura,Lote 1,Santa Bernardina Uva,Piura,80.51,86984,9116,Generica
2023-2024,4/12/2025,22:51,Formulario Registro Inspeccion Uva,Piura,Lincoln Fernandez,False,Perú,Piura,EEUU,,First Inspection,1103880:00:00,MERLOT,6,,Pass_Pasar,50,4,359.4,Yes / Si,357.17,0,0,,145,142.5,570,5,17.5,17.2,16.6,17,17.1,5,0.42,0.38,0.33,0.34,0.36,2549,,,,,,,,,,,4/12/2025,Piura,Lote 39,Sociedad del Sol,Piura,71.53,87022,9116,Generica
2023-2024,4/12/2025,22:34,Formulario Registro Inspeccion Uva,Piura,Lincoln Fernandez,False,Perú,Piura,EEUU,,First Inspection,1103856:00:00,AIREN,8,,Pass_Pasar,30,4,360,Yes / Si,356.77,0,0,,139,133.5,534,5,15.8,16.1,16.3,17.2,15.4,5,0.28,0.25,0.21,0.2,0.24,2549,,,,,,,,,,,3/12/2025,Piura,Lote 39,Sociedad del Sol,Piura,71.53,87022,9116,Generica
2023-2024,4/12/2025,22:24,Formulario Registro Inspeccion Uva,Ica,Gloria A.,True,Perú,Ica,EEUU,,First Inspection,1103856:00:00,AIREN,5,,Pass_Pasar,204,5,347,Yes / Si,344.40,0,0,,98,95,475,2,12.4,13.3,,,,2,0.7,0.8,,,,2549,,,,,,,,,,,3/12/2025,Ica,Lote 7,Uvas del Sabor,Ica,110.1,86990,9110,Organica
2023-2024,4/12/2025,22:17,Formulario Registro Inspeccion Uva,Piura,Lincoln Fernandez,True,Perú,Piura,EEUU,,First Inspection,1103856:00:00,VERDEJO,7,,Pass_Pasar,204,8,374.5,Yes / Si,366.18,8,0,,167,157,1256,2,13.6,14.1,,,,2,0.37,0.37,,,,2549,,,,,,,,,,,3/12/2025,Piura,Lote 39,Sociedad del Sol,Piura,71.53,87022,9108,Generica
2023-2024,4/12/2025,21:12,Formulario Registro Inspeccion Uva,Pisco,Guadalupe,False,Perú,Pisco,EEUU,,First Inspection,1103880:00:00,AIREN,9,,Pass_Pasar,110,4,580,Yes / Si,577.25,4,0,,195,195,780,2,13.4,13.8,,,,2,0.89,0.72,,,,2549,,,,,,,,,,,4/12/2025,Pisco,Lote 3,Santa Bernardina Uva,Pisco,313.27,86986,9111,Generica
2023-2024,4/12/2025,21:09,Formulario Registro Inspeccion Uva,Pisco,Guadalupe,False,Perú,Pisco,EEUU,,First Inspection,1103880:00:00,AIREN,9,,Pass_Pasar,276,11,360,Yes / Si,356.36,0,0,,98,100,1100,5,13.3,14.9,14.1,13.7,13.4,5,0.45,0.25,0.25,0.48,0.26,2549,,,,,,,,,,,4/12/2025,Pisco,Lote 3,Santa Bernardina Uva,Pisco,313.27,86986,9116,Generica
2023-2024,4/12/2025,21:06,Formulario Registro Inspeccion Uva,Pisco,Guadalupe,True,Perú,Pisco,EEUU,,First Inspection,1103880:00:00,AIREN,9,,Pass_Pasar,110,4,579,Yes / Si,575.00,0,0,,182,182,728,5,15.1,13.4,14,13.7,13.6,5,0.41,0.23,0.39,0.29,0.31,2549,,,,,,,,,,,4/12/2025,Pisco,Lote 3,Santa Bernardina Uva,Pisco,313.27,86986,9118,Generica
2023-2024,4/12/2025,21:03,Formulario Registro Inspeccion Uva,Pisco,Guadalupe,False,Perú,Pisco,EEUU,,First Inspection,1103880:00:00,AIREN,6,,Pass_Pasar,20,4,,No,,,,,125,122,488,6,15.8,14.1,13.7,14.6,15.3,6,0.58,0.88,0.51,0.48,0.32,2549,13.5,,0.58,,,,,,,,4/12/2025,Pisco,Lote 5,Santa Bernardina Uva,Pisco,72.27,86988,9116,Generica
2023-2024,4/12/2025,21:00,Formulario Registro Inspeccion Uva,Pisco,Guadalupe,True,Perú,Pisco,EEUU,,First Inspection,1103880:00:00,MERLOT,6.3,,Pass_Pasar,22,3,,No,,,,,220,220,660,5,15.7,15.1,15.6,14.9,15.2,5,0.54,0.54,0.44,0.64,0.53,2549,,,,,,,,,,,4/12/2025,Pisco,Lote 5,Santa Bernardina Uva,Pisco,72.27,86988,9118,Generica
2023-2024,4/12/2025,20:55,Formulario Registro Inspeccion Uva,Pisco,Guadalupe,True,Perú,Pisco,EEUU,,First Inspection,1103880:00:00,MERLOT,6.3,,Pass_Pasar,50,3,,No,,,,,317,317,951,2,12.2,15.3,,,,2,0.88,0.57,,,,2549,,,,,,,,,,,4/12/2025,Pisco,Lote 5,Santa Bernardina Uva,Pisco,72.27,86988,9111,Generica
2023-2024,4/12/2025,13:52,Formulario Registro Inspeccion Uva,Ica,Juan M.,True,Perú,Ica,EEUU,,First Inspection,1103856:00:00,AIREN,7,,Pass_Pasar,210,10,345,Yes / Si,334.00,10,0,,107,105,1050,2,10.5,12.5,,,,2,0.47,0.53,,,,2549,,,,,,,,,,,3/12/2025,Ica,Lote 26,Andenes de Andrea,Ica,84.47,87009,9108,Generica
2023-2024,4/12/2025,13:50,Formulario Registro Inspeccion Uva,Ica,Juan M.,True,Perú,Ica,EEUU,,First Inspection,1103856:00:00,AIREN,7,,Pass_Pasar,210,10,350,Yes / Si,336.60,10,0,,107,105,1050,2,12.5,10.7,,,,2,0.53,0.27,,,,2549,,,,,,,,,,,3/12/2025,Ica,Lote 26,Andenes de Andrea,Ica,84.47,87009,9108,Generica
2023-2024,9/12/2025,16:10,Formulario Registro Inspeccion Uva,Ica,Juan M.,False,Perú,Pisco,ASIA NORTE,,First Inspection,1103976:00:00,VERDEJO,7,,Pass_Pasar,390,16,148,Yes / Si,144.62,16,0,,34,34,544,2,11.1,13.7,,,,2,0.77,0.41,,,,2550,,,,,,,,,,,8/12/2025,Pisco,Lote 20,Agricultores Unidos,Pisco,344.98,87003,9102,Generica
2023-2024,9/12/2025,15:41,Formulario Registro Inspeccion Uva,Ica,Juan M.,False,Perú,Pisco,EEUU,,First Inspection,1103976:00:00,AIREN,7,,Pass_Pasar,276,10,358,Yes / Si,356.20,0,0,,114,112,1120,5,13.2,12.9,12.4,12.1,14.2,5,0.36,0.52,0.64,0.56,0.28,2550,,,,,,,,,,,8/12/2025,Pisco,Lote 20,Agricultores Unidos,Pisco,344.98,87003,9116,Generica
2023-2024,9/12/2025,15:37,Formulario Registro Inspeccion Uva,Ica,Juan M.,True,Perú,Pisco,EEUU,,First Inspection,1103976:00:00,MERLOT,8,,Pass_Pasar,276,10,359,Yes / Si,356.30,0,0,,137,129.5,1295,5,14.1,13.5,13.3,13.6,12.4,5,0.33,0.31,0.26,0.37,0.39,2550,,,,,,,,,,,8/12/2025,Pisco,Lote 20,Agricultores Unidos,Pisco,344.98,87003,9116,Generica
2023-2024,5/12/2025,22:29,Formulario Registro Inspeccion Uva,Piura,Lincoln Fernandez,True,Perú,Piura,EEUU,,First Inspection,1103880:00:00,VERDEJO,10,,Pass_Pasar,100,4,363,Yes / Si,361.00,4,0,,111,110.5,442,2,14.6,14,,,,2,0.35,0.47,,,,2549,,,,,,,,,,,4/12/2025,Piura,Lote 41,Campos Gloriosos,Piura,61.84,87024,9108,Generica
2023-2024,5/12/2025,22:27,Formulario Registro Inspeccion Uva,Piura,Lincoln Fernandez,True,Perú,Piura,EEUU,,First Inspection,1103880:00:00,VERDEJO,10,,Pass_Pasar,204,8,363,Yes / Si,360.75,8,0,,119,116.5,932,2,14.6,14,,,,2,0.35,0.47,,,,2549,,,,,,,,,,,4/12/2025,Piura,Lote 41,Campos Gloriosos,Piura,61.84,87024,9108,Generica
2023-2024,5/12/2025,22:25,Formulario Registro Inspeccion Uva,Piura,Lincoln Fernandez,False,Perú,Piura,EEUU,,First Inspection,1103880:00:00,VERDEJO,10,,Pass_Pasar,204,8,362,Yes / Si,360.87,8,0,,113,111,888,2,14.6,14,,,,2,0.35,0.47,,,,2549,,,,,,,,,,,4/12/2025,Piura,Lote 41,Campos Gloriosos,Piura,61.84,87024,9108,Generica
2023-2024,5/12/2025,19:40,Formulario Registro Inspeccion Uva,Pisco,Guadalupe,False,Perú,Pisco,EEUU,,First Inspection,1103904:00:00,AIREN,7,,Pass_Pasar,11,3,,No,,,,,112,109.5,328.5,5,13.3,14.1,15.3,15.4,14.1,5,0.5,0.6,0.44,0.52,0.51,2549,,,,,,,,,,,5/12/2025,Pisco,Lote 4,Santa Bernardina Uva,Pisco,47.28,86987,9116,Generica
2023-2024,5/12/2025,19:34,Formulario Registro Inspeccion Uva,Pisco,Guadalupe,False,Perú,Pisco,EEUU,,First Inspection,1103904:00:00,AIREN,7,,Pass_Pasar,12,3,,No,,,,,162,162,486,5,12.8,13,13.9,12.4,13.5,5,0.59,0.53,0.54,0.37,0.51,2549,,,,,,,,,,,5/12/2025,Pisco,Lote 5,Santa Bernardina Uva,Pisco,72.27,86988,9118,Generica
2023-2024,5/12/2025,19:28,Formulario Registro Inspeccion Uva,Pisco,Guadalupe,False,Perú,Pisco,EEUU,,First Inspection,1103904:00:00,MERLOT,7,,Pass_Pasar,15,3,,No,,,,,195,195,585,6,13.4,11.9,12.7,12.4,14.1,6,0.6,0.7,0.59,0.45,0.61,2549,13.2,,0.49,,,,,,,,5/12/2025,Pisco,Lote 5,Santa Bernardina Uva,Pisco,72.27,86988,9118,Generica
2023-2024,5/12/2025,15:30,Formulario Registro Inspeccion Uva,Ica,Juan M.,True,Perú,Ica,EEUU,,First Inspection,1103904:00:00,MERLOT,9,,Pass_Pasar,110,4,588,Yes / Si,582.75,4,0,,352,351,1404,2,12.3,14.3,,,,2,0.52,0.47,,,,2549,,,,,,,,,,,5/12/2025,Ica,Lote 19,Agricultores Unidos,Ica,79.51,87002,9111,Generica
2023-2024,5/12/2025,15:29,Formulario Registro Inspeccion Uva,Ica,Juan M.,True,Perú,Ica,EEUU,,First Inspection,1103880:00:00,MERLOT,9,,Pass_Pasar,276,10,358,Yes / Si,355.70,0,0,,126,126,1260,5,16,15.1,14.3,14.1,13.9,5,0.46,0.36,0.37,0.32,0.37,2549,,,,,,,,,,,4/12/2025,Ica,Lote 19,Agricultores Unidos,Ica,79.51,87002,9116,Generica
2023-2024,5/12/2025,15:26,Formulario Registro Inspeccion Uva,Ica,Juan M.,True,Perú,Pisco,ASIA CENTRO,Yes / Si,First Inspection,1103880:00:00,VERDEJO,7,Malasia,Pass_Pasar,390,16,148,Yes / Si,144.75,16,0,,33,33,528,2,13.2,13,,,,2,0.6,0.47,,,,2549,,,,,,,,,,,4/12/2025,Pisco,Lote 20,Agricultores Unidos,Pisco,344.98,87003,9100,Generica
2023-2024,5/12/2025,12:49,Formulario Registro Inspeccion Uva,Ica,Gloria A.,True,Perú,Pisco,EEUU,,First Inspection,1103880:00:00,AIREN,7,,Pass_Pasar,204,10,336,Yes / Si,333.50,10,0,,141,140,1400,2,12.8,12.9,,,,2,0.46,0.36,,,,2549,,,,,,,,,,,4/12/2025,Pisco,Lote 20,Agricultores Unidos,Pisco,344.98,87003,9108,Generica
2023-2024,12/12/2025,9:15,Formulario Registro Inspeccion Uva,Piura,Lincoln Fernandez,False,Perú,Piura,EEUU,,First Inspection,1104048:00:00,MERLOT,12,,Pass_Pasar,200,7,374,Yes / Si,363.14,0,0,,119,117.5,822.5,5,14.6,17,17.1,16.4,17.7,5,0.28,0.36,0.33,0.33,0.38,2550,,,,,,,,,,,11/12/2025,Piura,Lote 8,Sol del Sur,Piura,68.65,86991,9116,Generica
2023-2024,12/12/2025,9:12,Formulario Registro Inspeccion Uva,Piura,Lincoln Fernandez,False,Perú,Piura,EEUU,,First Inspection,1104048:00:00,MERLOT,12,,Pass_Pasar,200,8,379,Yes / Si,361.12,0,0,,126,123.5,988,5,14.6,17,17.1,16.4,17.7,5,0.28,0.36,0.33,0.33,0.38,2550,,,,,,,,,,,11/12/2025,Piura,Lote 8,Sol del Sur,Piura,68.65,86991,9116,Generica
2023-2024,12/12/2025,7:06,Formulario Registro Inspeccion Uva,Pisco,Guadalupe,False,Perú,Pisco,EEUU,,First Inspection,1104048:00:00,MERLOT,6,,Pass_Pasar,276,11,376,Yes / Si,361.81,0,0,,123,114,1254,5,13,12.7,12.5,13.4,13.8,5,0.35,0.28,0.37,0.3,0.33,2550,,,,,,,,,,,11/12/2025,Pisco,Lote 3,Santa Bernardina Uva,Pisco,313.27,86986,9116,Generica
2023-2024,12/12/2025,7:03,Formulario Registro Inspeccion Uva,Pisco,Guadalupe,True,Perú,Pisco,ASIA CENTRO,No,First Inspection,1104048:00:00,MERLOT,6,,Pass_Pasar,15,4,335,Yes / Si,334.00,0,0,,52,50.5,202,3,13.3,14.1,13.4,,,3,0.27,0.41,0.45,,,2550,,,,,,,,,,,11/12/2025,Pisco,Lote 3,Santa Bernardina Uva,Pisco,313.27,86986,9101,Generica
2023-2024,12/12/2025,6:59,Formulario Registro Inspeccion Uva,Pisco,Guadalupe,True,Perú,Pisco,ASIA CENTRO,No,First Inspection,1104048:00:00,AIREN,9,,Pass_Pasar,30,4,345,Yes / Si,337.00,0,0,,53,52.5,210,3,11.6,13,12,,,3,0.26,0.27,0.3,,,2550,,,,,,,,,,,11/12/2025,Pisco,Lote 3,Santa Bernardina Uva,Pisco,313.27,86986,9101,Generica
2023-2024,12/12/2025,6:55,Formulario Registro Inspeccion Uva,Pisco,Guadalupe,True,Perú,Pisco,EEUU,,First Inspection,1104048:00:00,MERLOT,7,,Pass_Pasar,15,3,,No,,,,,111,107,321,5,13,12.7,12.5,13.4,13.8,5,0.35,0.28,0.37,0.3,0.33,2550,,,,,,,,,,,11/12/2025,Pisco,Lote 5,Santa Bernardina Uva,Pisco,72.27,86988,9116,Generica
2023-2024,12/12/2025,6:48,Formulario Registro Inspeccion Uva,Pisco,Guadalupe,False,Perú,Pisco,EEUU,,First Inspection,1104048:00:00,AIREN,7.2,,Pass_Pasar,13,4,,No,,,,,98,95.5,382,6,13.1,13.1,14,13.1,12.9,6,0.7,0.46,0.4,0.68,0.38,2550,13.2,,0.46,,,,,,,,11/12/2025,Pisco,Lote 5,Santa Bernardina Uva,Pisco,72.27,86988,9116,Generica
2023-2024,12/12/2025,6:41,Formulario Registro Inspeccion Uva,Pisco,Guadalupe,True,Perú,Pisco,EEUU,,First Inspection,1104048:00:00,AIREN,7,,Pass_Pasar,10,3,,No,,,,,120,119.5,358.5,6,11.6,14.4,14.4,13.4,13.9,6,0.66,0.47,0.52,0.61,0.26,2550,15.3,,0.61,,,,,,,,11/12/2025,Pisco,Lote 4,Santa Bernardina Uva,Pisco,47.28,86987,9116,Generica
2023-2024,12/12/2025,6:25,Formulario Registro Inspeccion Uva,Pisco,Guadalupe,True,Perú,Pisco,EEUU,,First Inspection,1104024:00:00,VERDEJO,7,,Pass_Pasar,72,4,347,Yes / Si,346.00,4,0,,104,104,416,2,13.2,14.1,,,,2,0.6,0.4,,,,2550,,,,,,,,,,,10/12/2025,Pisco,Lote 4,Santa Bernardina Uva,Pisco,47.28,86987,9108,Generica
2023-2024,11/12/2025,23:12,Formulario Registro Inspeccion Uva,Ica,Gloria A.,False,Perú,Ica,EEUU,,First Inspection,1103976:00:00,PINOT,9,,Pass_Pasar,204,5,343,Yes / Si,340.80,0,0,,124,124,620,1,13.5,,,,,1,0.32,,,,,2550,,,,,,,,,,,8/12/2025,Ica,Lote 7,Uvas del Sabor,Ica,110.1,86990,9110,Organica
2023-2024,11/12/2025,23:08,Formulario Registro Inspeccion Uva,Ica,Gloria A.,True,Perú,Ica,EEUU,,First Inspection,1104024:00:00,MERLOT,,,Pass_Pasar,204,5,355,Yes / Si,351.00,0,0,,105,104,520,4,16.5,15.5,16.5,15.7,,4,0.42,0.66,0.42,0.58,,2550,,,,,,,,,,,10/12/2025,Ica,Lote 7,Uvas del Sabor,Ica,110.1,86990,9116,Generica
2023-2024,11/12/2025,19:35,Formulario Registro Inspeccion Uva,Ica,Juan M.,True,Perú,Ica,EEUU,,First Inspection,1104048:00:00,AIREN,7,,Pass_Pasar,276,10,360,Yes / Si,358.50,0,0,,121,115.5,1155,6,13.4,14.6,15.2,14.8,14,6,0.53,0.61,0.61,0.66,0.63,2550,13.6,,0.61,,,,,,,,11/12/2025,Ica,Lote 35,Agricultores del Sol,Ica,129.08,87018,9116,Generica
2023-2024,11/12/2025,19:33,Formulario Registro Inspeccion Uva,Ica,Juan M.,False,Perú,Ica,EUROPA,Yes / Si,First Inspection,1104048:00:00,TINTORERA,7,Arabia Saudita,Pass_Pasar,390,12,145,Yes / Si,142.91,12,0,,62,60,720,2,13.8,13.3,,,,2,0.49,0.75,,,,2550,,,,,,,,,,,11/12/2025,Ica,Lote 35,Agricultores del Sol,Ica,129.08,87018,9092,Generica
2023-2024,11/12/2025,12:14,Formulario Registro Inspeccion Uva,Ica,Juan M.,True,Perú,Ica,EUROPA,No,First Inspection,1104024:00:00,AIREN,9,,Pass_Pasar,110,4,653,Yes / Si,585.25,4,0,,167,163.5,654,2,13,12.1,,,,2,0.3,0.68,,,,2550,,,,,,,,,,,10/12/2025,Ica,Lote 38,Tierra Linda,Ica,35.08,87021,9095,Generica
2023-2024,11/12/2025,12:12,Formulario Registro Inspeccion Uva,Ica,Juan M.,True,Perú,Ica,EEUU,,First Inspection,1104024:00:00,AIREN,9,,Pass_Pasar,110,4,584,Yes / Si,582.50,4,0,,175,173.5,694,2,12.6,12.5,,,,2,0.38,0.63,,,,2550,,,,,,,,,,,10/12/2025,Ica,Lote 38,Tierra Linda,Ica,35.08,87021,9111,Generica
2023-2024,11/12/2025,9:54,Formulario Registro Inspeccion Uva,Piura,Lincoln Fernandez,False,Perú,Piura,EEUU,,First Inspection,1104024:00:00,MERLOT,6,,Pass_Pasar,200,10,362.6,Yes / Si,358.56,0,0,,126,123,1230,5,15.5,14.3,14.9,14.1,14.7,5,0.45,0.51,0.38,0.46,0.51,2550,,,,,,,,,,,10/12/2025,Piura,Lote 2,Santa Bernardina Uva,Piura,66.97,86985,9116,Generica
2023-2024,11/12/2025,9:50,Formulario Registro Inspeccion Uva,Piura,Lincoln Fernandez,False,Perú,Piura,EEUU,,First Inspection,1104024:00:00,MERLOT,7,,Pass_Pasar,276,11,360.7,Yes / Si,355.15,0,0,,126,121.5,1336.5,5,15.5,14.3,14.9,14.1,14.7,5,0.45,0.51,0.38,0.46,0.51,2550,,,,,,,,,,,10/12/2025,Piura,Lote 2,Santa Bernardina Uva,Piura,66.97,86985,9116,Generica
2023-2024,11/12/2025,9:08,Formulario Registro Inspeccion Uva,Piura,Lincoln Fernandez,False,Perú,Piura,EEUU,,First Inspection,1104024:00:00,MERLOT,12,,Pass_Pasar,286,11,363.3,Yes / Si,358.39,0,0,,118,117,1287,5,16.4,15.1,16.8,15.9,17.4,5,0.37,0.4,0.36,0.35,0.35,2550,,,,,,,,,,,10/12/2025,Piura,Lote 1,Santa Bernardina Uva,Piura,80.51,86984,9116,Generica
2023-2024,11/12/2025,8:44,Formulario Registro Inspeccion Uva,Piura,Lincoln Fernandez,True,Perú,Piura,EEUU,,First Inspection,1104000:00:00,AIREN,7,,Pass_Pasar,100,4,360.2,Yes / Si,356.77,0,0,,128,125.5,502,5,14.4,15.4,13.8,14.4,15.5,5,0.19,0.18,0.16,0.25,0.15,2550,,,,,,,,,,,9/12/2025,Piura,Lote 39,Sociedad del Sol,Piura,71.53,87022,9116,Generica
2023-2024,11/12/2025,8:40,Formulario Registro Inspeccion Uva,Piura,Lincoln Fernandez,False,Perú,Piura,EEUU,,First Inspection,1104024:00:00,VERDEJO,7,,Pass_Pasar,204,8,368.4,Yes / Si,365.44,8,0,,150,142.5,1140,2,12.7,14,,,,2,0.5,0.36,,,,2550,,,,,,,,,,,10/12/2025,Piura,Lote 39,Sociedad del Sol,Piura,71.53,87022,9108,Generica
2023-2024,11/12/2025,8:40,Formulario Registro Inspeccion Uva,Piura,Lincoln Fernandez,False,Perú,Piura,EEUU,,First Inspection,1104024:00:00,AIREN,7,,Pass_Pasar,100,4,361.7,Yes / Si,359.30,0,0,,122,121.5,486,5,14.4,15.4,13.8,14.4,15.5,5,0.19,0.18,0.16,0.25,0.15,2550,,,,,,,,,,,10/12/2025,Piura,Lote 39,Sociedad del Sol,Piura,71.53,87022,9116,Generica
2023-2024,11/12/2025,8:13,Formulario Registro Inspeccion Uva,Piura,Lincoln Fernandez,False,Perú,Piura,EEUU,,First Inspection,1104024:00:00,VERDEJO,7,,Pass_Pasar,204,8,369.4,Yes / Si,364.28,8,1,,152,145.5,1164,2,12.7,14,,,,2,0.5,0.36,,,,2550,,,,,,,,,,,10/12/2025,Piura,Lote 39,Sociedad del Sol,Piura,71.53,87022,9108,Generica
2023-2024,11/12/2025,1:43,Formulario Registro Inspeccion Uva,Pisco,Guadalupe,False,Perú,Pisco,EEUU,,First Inspection,1104024:00:00,AIREN,9,,Pass_Pasar,276,11,373,Yes / Si,358.00,0,1,,115,112.5,1237.5,5,12.9,13.5,13.2,13,12.9,5,0.15,0.32,0.18,0.22,0.19,2550,,,,,,,,,,,10/12/2025,Pisco,Lote 3,Santa Bernardina Uva,Pisco,313.27,86986,9116,Generica
2023-2024,11/12/2025,1:39,Formulario Registro Inspeccion Uva,Pisco,Guadalupe,False,Perú,Pisco,ASIA CENTRO,No,First Inspection,1104024:00:00,MERLOT,8,,Pass_Pasar,185,5,341,Yes / Si,336.80,0,0,,53,52,260,3,12.6,16,13.6,,,3,0.35,0.36,0.36,,,2550,,,,,,,,,,,10/12/2025,Pisco,Lote 3,Santa Bernardina Uva,Pisco,313.27,86986,9101,Generica
2023-2024,11/12/2025,1:22,Formulario Registro Inspeccion Uva,Pisco,Guadalupe,False,Perú,Pisco,ASIA CENTRO,No,First Inspection,1104024:00:00,AIREN,9,,Pass_Pasar,40,5,339,Yes / Si,335.00,0,0,,52,52,260,3,12.7,12.3,12.3,,,3,0.25,0.33,0.29,,,2550,,,,,,,,,,,10/12/2025,Pisco,Lote 3,Santa Bernardina Uva,Pisco,313.27,86986,9101,Generica
2023-2024,11/12/2025,1:17,Formulario Registro Inspeccion Uva,Pisco,Guadalupe,False,Perú,Pisco,EEUU,,First Inspection,1104024:00:00,AIREN,7,,Pass_Pasar,85,3,590,Yes / Si,589.83,0,0,,221,221,663,6,12.9,12.9,13,13.8,12.4,6,0.49,0.68,0.94,0.57,0.45,2550,12.9,,0.92,,,,,,,,10/12/2025,Pisco,Lote 10,Eden del Norte,Pisco,76.26,86993,9118,Generica
2023-2024,11/12/2025,1:06,Formulario Registro Inspeccion Uva,Pisco,Guadalupe,True,Perú,Pisco,EEUU,,First Inspection,1104024:00:00,AIREN,7,,Pass_Pasar,85,3,591,Yes / Si,590.00,0,0,,216,216,648,6,13.2,13.8,13.7,13.2,13.4,6,0.47,0.69,0.57,0.73,0.81,2550,14.6,,0.68,,,,,,,,10/12/2025,Pisco,Lote 10,Eden del Norte,Pisco,76.26,86993,9118,Generica
2023-2024,11/12/2025,0:56,Formulario Registro Inspeccion Uva,Pisco,Guadalupe,True,Perú,Pisco,EEUU,,First Inspection,1104024:00:00,AIREN,7,,Pass_Pasar,85,3,589.5,Yes / Si,588.83,0,0,,170,170,510,6,13.9,12.5,12.5,12.9,13.8,6,0.36,0.61,0.27,0.39,0.63,2550,12.5,,0.37,,,,,,,,10/12/2025,Pisco,Lote 10,Eden del Norte,Pisco,76.26,86993,9118,Generica
2023-2024,10/12/2025,20:02,Formulario Registro Inspeccion Uva,Ica,Juan M.,True,Perú,Pisco,EEUU,,First Inspection,1104024:00:00,MERLOT,7,,Pass_Pasar,276,10,358,Yes / Si,355.00,0,0,,127,126,1260,7,12.5,13.5,13.2,13.4,13.3,7,0.52,0.56,0.56,0.44,0.62,2550,12,11.5,0.74,0.67,,,,,,,10/12/2025,Pisco,Lote 20,Agricultores Unidos,Pisco,344.98,87003,9116,Generica
2023-2024,10/12/2025,16:28,Formulario Registro Inspeccion Uva,Ica,Juan M.,False,Perú,Ica,ASIA NORTE,,First Inspection,1103976:00:00,VERDEJO,7,,Pass_Pasar,390,16,149,Yes / Si,145.68,16,0,,33,32,512,2,10.8,10.9,,,,2,0.76,0.71,,,,2550,,,,,,,,,,,8/12/2025,Ica,Lote 32,Andenes de Andrea,Ica,101.03,87015,9103,Generica
2023-2024,10/12/2025,16:27,Formulario Registro Inspeccion Uva,Ica,Juan M.,True,Perú,Ica,ASIA NORTE,,First Inspection,1103928:00:00,VERDEJO,7,,Pass_Pasar,390,12,148,Yes / Si,144.83,12,0,,35,33,396,2,10.2,10.9,,,,2,0.79,0.71,,,,2550,,,,,,,,,,,6/12/2025,Ica,Lote 26,Andenes de Andrea,Ica,84.47,87009,9103,Generica
2023-2024,10/12/2025,16:22,Formulario Registro Inspeccion Uva,Ica,Juan M.,False,Perú,Ica,ASIA NORTE,,First Inspection,1104000:00:00,VERDEJO,7,,Pass_Pasar,390,12,149,Yes / Si,145.66,12,0,,55,54,648,2,10.8,10.3,,,,2,0.76,0.81,,,,2550,,,,,,,,,,,9/12/2025,Ica,Lote 26,Andenes de Andrea,Ica,84.47,87009,9102,Generica
2023-2024,10/12/2025,14:39,Formulario Registro Inspeccion Uva,Ica,Juan M.,True,Perú,Ica,EEUU,,First Inspection,1103928:00:00,AIREN,8,,Pass_Pasar,210,10,336,Yes / Si,331.60,10,0,,111,109,1090,2,10.7,10.2,,,,2,0.32,0.42,,,,2550,,,,,,,,,,,6/12/2025,Ica,Lote 26,Andenes de Andrea,Ica,84.47,87009,9108,Generica
2023-2024,13/12/2025,12:35:00 a. m.,Formulario Registro Inspeccion Uva,Pisco,Guadalupe,TRUE,Perú,Pisco,EEUU,,First Inspection,1104089:53:00,AIREN,8,,Pass_Pasar,276,11,371,Yes / Si,357.81,0,0,,108,106.5,1171.5,5,13.4,13.1,13.3,13.4,14,5,0.5,0.44,0.51,0.37,0.25,2550,,,,,,,,,,,12/12/2025,Pisco,Lote 3,Santa Bernardina Uva,Pisco,313.27,86986,9116,Generica
2023-2024,13/12/2025,12:25:00 a. m.,Formulario Registro Inspeccion Uva,Pisco,Guadalupe,FALSE,Perú,Pisco,ASIA CENTRO,No,First Inspection,1104088:21:00,AIREN,9,,Pass_Pasar,20,5,339,Yes / Si,334.2,0,0,,51,50,250,3,13.2,11.9,14,,,3,0.35,0.31,0.2,,,2550,,,,,,,,,,,12/12/2025,Pisco,Lote 3,Santa Bernardina Uva,Pisco,313.27,86986,9101,Generica
2023-2024,13/12/2025,12:22:00 a. m.,Formulario Registro Inspeccion Uva,Pisco,Guadalupe,FALSE,Perú,Pisco,ASIA CENTRO,No,First Inspection,1104089:11:00,MERLOT,7,,Pass_Pasar,20,5,338,Yes / Si,335,0,0,,54,53.5,267.5,3,11.5,11.1,10.8,,,3,0.5,0.31,0.3,,,2550,,,,,,,,,,,12/12/2025,Pisco,Lote 3,Santa Bernardina Uva,Pisco,313.27,86986,9101,Generica
2023-2024,13/12/2025,12:17:00 a. m.,Formulario Registro Inspeccion Uva,Pisco,Guadalupe,TRUE,Perú,Pisco,EEUU,,First Inspection,1104086:15:00,AIREN,7,,Pass_Pasar,20,2,587.5,Yes / Si,587.5,2,0,,358,358,716,2,13.1,15,,,,2,0.74,0.57,,,,2550,,,,,,,,,,,12/12/2025,Pisco,Lote 10,Eden del Norte,Pisco,76.26,86993,9111,Generica
2023-2024,13/12/2025,12:14:00 a. m.,Formulario Registro Inspeccion Uva,Pisco,Guadalupe,TRUE,Perú,Pisco,EEUU,,First Inspection,1104085:17:00,AIREN,7,,Pass_Pasar,85,3,589,Yes / Si,588.66,0,0,,204,204,612,6,12.8,13.7,12.1,12.2,13.2,6,0.56,0.25,1,0.61,0.3,2550,12.8,,0.8,,,,,,,,12/12/2025,Pisco,Lote 10,Eden del Norte,Pisco,76.26,86993,9118,Generica
2023-2024,13/12/2025,12:11:00 a. m.,Formulario Registro Inspeccion Uva,Pisco,Guadalupe,TRUE,Perú,Pisco,EEUU,,First Inspection,1104085:44:00,AIREN,7,,Pass_Pasar,85,3,589.5,Yes / Si,589.33,0,0,,190,190,570,6,12.8,12.7,13.1,12.8,12.8,6,0.53,0.71,0.44,0.3,0.34,2550,12.4,,0.64,,,,,,,,12/12/2025,Pisco,Lote 10,Eden del Norte,Pisco,76.26,86993,9118,Generica
2023-2024,12/12/2025,8:24:00 p. m.,Formulario Registro Inspeccion Uva,Piura,Lincoln Fernandez,FALSE,Perú,Piura,EEUU,,First Inspection,1104087:11:00,MERLOT,7,,Pass_Pasar,204,8,373.7,Yes / Si,320.77,7,0,,208,204,1632,2,16.1,15.7,,,,2,0.32,0.27,,,,2550,,,,,,,,,,,12/12/2025,Piura,Lote 39,Sociedad del Sol,Piura,71.53,87022,9108,Generica
2023-2024,12/12/2025,8:14:00 p. m.,Formulario Registro Inspeccion Uva,Piura,Lincoln Fernandez,FALSE,Perú,Piura,EEUU,,First Inspection,1104064:55:00,AIREN,6,,Pass_Pasar,100,4,364,Yes / Si,359.75,0,0,,132,129,516,5,15,15.6,15.4,14.7,15.1,5,0.2,0.15,0.24,0.26,0.3,2550,,,,,,,,,,,11/12/2025,Piura,Lote 39,Sociedad del Sol,Piura,71.53,87022,9116,Generica
2023-2024,12/12/2025,7:51:00 p. m.,Formulario Registro Inspeccion Uva,Piura,Lincoln Fernandez,TRUE,Perú,Piura,EEUU,,First Inspection,1104088:25:00,VERDEJO,6,,Pass_Pasar,150,6,369.9,Yes / Si,365.86,6,0,,161,156.5,939,2,13.1,12.4,,,,2,0.62,0.56,,,,2550,,,,,,,,,,,12/12/2025,Piura,Lote 39,Sociedad del Sol,Piura,71.53,87022,9108,Generica
2023-2024,12/12/2025,3:54:00 p. m.,Formulario Registro Inspeccion Uva,Ica,Juan M.,TRUE,Perú,Pisco,EUROPA,No,First Inspection,1104058:08:00,AIREN,7,,Pass_Pasar,390,12,147,Yes / Si,142.91,12,0,,62,60.5,726,2,11.7,12.6,,,,2,0.42,0.5,,,,2550,,,,,,,,,,,11/12/2025,Pisco,Lote 20,Agricultores Unidos,Pisco,344.98,87003,9092,Generica
2023-2024,12/12/2025,3:53:00 p. m.,Formulario Registro Inspeccion Uva,Ica,Juan M.,TRUE,Perú,Ica,EEUU,,First Inspection,1104057:30:00,MERLOT,7,,Pass_Pasar,276,10,358,Yes / Si,354.8,0,0,,132,131,1310,5,15,13,15.5,13.7,15.2,5,0.4,0.32,0.31,0.47,0.55,2550,,,,,,,,,,,11/12/2025,Ica,Lote 19,Agricultores Unidos,Ica,79.51,87002,9116,Generica
2023-2024,12/12/2025,3:44:00 p. m.,Formulario Registro Inspeccion Uva,Ica,Juan M.,TRUE,Perú,Pisco,EEUU,,First Inspection,1104058:29:00,AIREN,7,,Pass_Pasar,276,10,358,Yes / Si,355.9,0,0,,110,108.5,1085,5,14,13.9,14.3,13.4,13.8,5,0.17,0.31,0.2,0.34,0.59,2550,,,,,,,,,,,11/12/2025,Pisco,Lote 20,Agricultores Unidos,Pisco,344.98,87003,9116,Generica
2023-2024,17/12/2025,11:39:00 p. m.,Formulario Registro Inspeccion Uva,Pisco,Guadalupe,TRUE,Perú,Pisco,EEUU,,First Inspection,1104208:36:00,AIREN,9,,Pass_Pasar,276,11,372,Yes / Si,332.63,0,0,,107,105.5,1160.5,5,13.6,13.1,14.6,13.7,12.5,5,0.41,0.21,0.21,0.34,0.44,2551,,,,,,,,,,,17/12/2025,Pisco,Lote 3,Santa Bernardina Uva,Pisco,313.27,86986,9116,Generica
2023-2024,17/12/2025,11:34:00 p. m.,Formulario Registro Inspeccion Uva,Pisco,Guadalupe,FALSE,Perú,Pisco,EEUU,,First Inspection,1104208:00:00,AIREN,9,,Pass_Pasar,110,4,580,Yes / Si,578.5,4,0,,180,180,720,2,13.2,11.3,,,,2,0.56,0.88,,,,2551,,,,,,,,,,,17/12/2025,Pisco,Lote 3,Santa Bernardina Uva,Pisco,313.27,86986,9111,Generica
2023-2024,17/12/2025,11:27:00 p. m.,Formulario Registro Inspeccion Uva,Piura,Lincoln Fernandez,FALSE,Perú,Piura,EEUU,,First Inspection,1104162:30:00,AIREN,9,,Pass_Pasar,200,10,362,Yes / Si,352.5,0,0,,129,125.5,1255,5,13,13.2,13.8,14.9,14.4,5,0.2,0.31,0.18,0.26,0.22,2551,,,,,,,,,,,15/12/2025,Piura,Lote 41,Campos Gloriosos,Piura,61.84,87024,9116,Generica
2023-2024,17/12/2025,11:26:00 p. m.,Formulario Registro Inspeccion Uva,Pisco,Guadalupe,FALSE,Perú,Pisco,ASIA CENTRO,No,First Inspection,1104207:29:00,AIREN,9,,Pass_Pasar,50,6,337,Yes / Si,333.33,0,1,,51,50.5,303,3,14.2,14.7,14.8,,,3,0.16,0.23,0.19,,,2551,,,,,,,,,,,17/12/2025,Pisco,Lote 3,Santa Bernardina Uva,Pisco,313.27,86986,9101,Generica
2023-2024,17/12/2025,11:24:00 p. m.,Formulario Registro Inspeccion Uva,Piura,Lincoln Fernandez,FALSE,Perú,Piura,EEUU,,First Inspection,1104164:28:00,AIREN,9,,Pass_Pasar,200,8,353,Yes / Si,351,0,0,,137,131.5,1052,5,13,13.2,13.8,14.9,14.4,5,0.31,0.2,0.18,0.26,0.22,2551,,,,,,,,,,,15/12/2025,Piura,Lote 41,Campos Gloriosos,Piura,61.84,87024,9116,Generica
2023-2024,17/12/2025,11:22:00 p. m.,Formulario Registro Inspeccion Uva,Pisco,Guadalupe,TRUE,Perú,Pisco,EEUU,,First Inspection,1104205:02:00,MERLOT,6,,Pass_Pasar,15,3,,No,,,,,123,123,369,6,14.4,13.5,14.8,14.1,14,6,0.74,0.79,0.3,0.46,0.76,2551,13.1,,0.75,,,,,,,,17/12/2025,Pisco,Lote 5,Santa Bernardina Uva,Pisco,72.27,86988,9116,Generica
2023-2024,17/12/2025,11:16:00 p. m.,Formulario Registro Inspeccion Uva,Pisco,Guadalupe,TRUE,Perú,Pisco,EEUU,,First Inspection,1104204:11:00,AIREN,7,,Pass_Pasar,40,5,,No,,,,,98,96.5,482.5,6,12.9,13,12.4,14.8,12.9,6,0.74,0.37,0.72,0.77,0.4,2551,12,,0.33,,,,,,,,17/12/2025,Pisco,Lote 5,Santa Bernardina Uva,Pisco,72.27,86988,9116,Generica
2023-2024,17/12/2025,11:07:00 p. m.,Formulario Registro Inspeccion Uva,Piura,Lincoln Fernandez,FALSE,Perú,Piura,EEUU,,First Inspection,1104162:32:00,VERDEJO,9,,Pass_Pasar,200,8,361,Yes / Si,359.87,8,0,,119,115.5,924,2,12.8,12.9,,,,2,0.36,0.4,,,,2551,,,,,,,,,,,15/12/2025,Piura,Lote 41,Campos Gloriosos,Piura,61.84,87024,9108,Generica
2023-2024,17/12/2025,11:05:00 p. m.,Formulario Registro Inspeccion Uva,Pisco,Guadalupe,FALSE,Perú,Pisco,EEUU,,First Inspection,1104203:36:00,TINTORERA,7,,Pass_Pasar,62,5,,No,,,,,151,150,750,2,14.2,14.4,,,,2,0.42,0.5,,,,2551,,,,,,,,,,,17/12/2025,Pisco,Lote 4,Santa Bernardina Uva,Pisco,47.28,86987,9108,Generica
2023-2024,17/12/2025,5:08:00 p. m.,Formulario Registro Inspeccion Uva,Ica,Gloria A.,TRUE,Perú,Ica,EEUU,,First Inspection,1104203:18:00,AIREN,7,,Pass_Pasar,204,10,358.5,Yes / Si,358.15,0,0,,125,123.5,1235,5,13.9,13.4,14.6,14.3,13.1,5,0.31,0.67,0.36,0.44,0.56,2551,,,,,,,,,,,17/12/2025,Ica,Lote 35,Agricultores del Sol,Ica,129.08,87018,9116,Generica
2023-2024,17/12/2025,5:00:00 p. m.,Formulario Registro Inspeccion Uva,Ica,Juan M.,FALSE,Perú,Ica,EEUU,,First Inspection,1104206:13:00,MERLOT,9,,Pass_Pasar,276,10,373,Yes / Si,358.8,0,0,,96,93.5,935,5,14.5,14.4,13.8,13.4,13.8,5,0.4,0.44,0.34,0.56,0.6,2551,,,,,,,,,,,17/12/2025,Ica,Lote 38,Tierra Linda,Ica,35.08,87021,9116,Generica
2023-2024,17/12/2025,4:57:00 p. m.,Formulario Registro Inspeccion Uva,Ica,Juan M.,TRUE,Perú,Ica,EEUU,,First Inspection,1104203:16:00,TINTORERA,7,,Pass_Pasar,210,10,346,Yes / Si,654.3,10,0,,172,170.5,1705,2,12.1,13.1,,,,2,0.9,0.77,,,,2551,,,,,,,,,,,17/12/2025,Ica,Lote 34,Agricultores del Sol,Ica,249.17,87017,9108,Generica
2023-2024,16/12/2025,11:55:00 p. m.,Formulario Registro Inspeccion Uva,Piura,Lincoln Fernandez,FALSE,Perú,Piura,EEUU,,First Inspection,1104179:23:00,MERLOT,11,,Pass_Pasar,200,8,389,Yes / Si,369.37,0,0,,128,124,992,5,16.4,15.7,16.1,14.4,16.7,5,0.34,0.22,0.35,0.29,0.38,2551,,,,,,,,,,,16/12/2025,Piura,Lote 9,Sol del Sur,Piura,27.41,86992,9116,Generica
2023-2024,16/12/2025,11:52:00 p. m.,Formulario Registro Inspeccion Uva,Piura,Lincoln Fernandez,FALSE,Perú,Piura,EEUU,,First Inspection,1104155:22:00,MERLOT,11,,Pass_Pasar,200,8,379,Yes / Si,363.62,0,0,,130,129,1032,5,16.4,15.7,16.1,14.4,16.7,5,0.34,0.22,0.35,0.29,0.35,2551,,,,,,,,,,,15/12/2025,Piura,Lote 9,Sol del Sur,Piura,27.41,86992,9116,Generica
2023-2024,16/12/2025,10:28:00 p. m.,Formulario Registro Inspeccion Uva,Piura,Guadalupe,TRUE,Perú,Pisco,EEUU,,First Inspection,1104183:43:00,AIREN,7,,Pass_Pasar,228,8,358,Yes / Si,357,0,0,,133,129.5,1036,5,14.6,13.6,13.4,14.5,15.1,5,0.27,0.25,0.42,0.2,0.29,2551,,,,,,,,,,,16/12/2025,Pisco,Lote 10,Eden del Norte,Pisco,76.26,86993,9116,Generica
2023-2024,16/12/2025,10:24:00 p. m.,Formulario Registro Inspeccion Uva,Pisco,Guadalupe,FALSE,Perú,Pisco,EEUU,,First Inspection,1104183:12:00,AIREN,7,,Pass_Pasar,228,8,358.5,Yes / Si,358,0,0,,141,137,1096,5,13.9,13.4,12.7,13.5,14.5,5,0.37,0.39,0.33,0.51,0.46,2551,,,,,,,,,,,16/12/2025,Pisco,Lote 10,Eden del Norte,Pisco,76.26,86993,9116,Generica
2023-2024,16/12/2025,10:21:00 p. m.,Formulario Registro Inspeccion Uva,Pisco,Guadalupe,FALSE,Perú,Pisco,EEUU,,First Inspection,1104182:17:00,AIREN,7,,Pass_Pasar,228,8,387.5,Yes / Si,361.43,0,0,,133,132.5,1060,6,13,11.3,12.5,13.8,12.6,6,0.62,0.52,0.46,0.3,0.27,2551,13.8,,0.23,,,,,,,,16/12/2025,Pisco,Lote 10,Eden del Norte,Pisco,76.26,86993,9116,Generica
2023-2024,16/12/2025,7:40:00 p. m.,Formulario Registro Inspeccion Uva,Ica,Juan M.,TRUE,Perú,Pisco,EEUU,,First Inspection,1104159:01:00,MERLOT,7,,Pass_Pasar,276,10,358,Yes / Si,355.6,0,0,,131,130,1300,5,14.4,14.2,13.8,15.2,13.9,5,0.22,0.42,0.24,0.22,0.42,2551,,,,,,,,,,,15/12/2025,Pisco,Lote 20,Agricultores Unidos,Pisco,344.98,87003,9116,Generica
2023-2024,16/12/2025,7:35:00 p. m.,Formulario Registro Inspeccion Uva,Ica,Juan M.,TRUE,Perú,Ica,EUROPA,Yes / Si,First Inspection,1104158:34:00,VERDEJO,7,Arabia Saudita,Pass_Pasar,390,16,151,Yes / Si,144.68,16,0,,47,44.5,712,2,12.3,11.4,,,,2,0.56,0.54,,,,2551,,,,,,,,,,,15/12/2025,Ica,Lote 15,Agricultores Unidos,Ica,62.09,86998,9092,Generica
2023-2024,16/12/2025,7:33:00 p. m.,Formulario Registro Inspeccion Uva,Ica,Juan M.,TRUE,Perú,Pisco,EEUU,,First Inspection,1104158:19:00,AIREN,6,,Pass_Pasar,276,10,357,Yes / Si,353.8,0,0,,115,112.5,1125,5,14.4,15.1,14.3,14.5,13,5,0.47,0.53,0.31,0.44,0.55,2551,,,,,,,,,,,15/12/2025,Pisco,Lote 20,Agricultores Unidos,Pisco,344.98,87003,9116,Generica
2023-2024,16/12/2025,7:27:00 p. m.,Formulario Registro Inspeccion Uva,Ica,Juan M.,FALSE,Perú,Ica,EEUU,,First Inspection,1104157:29:00,MERLOT,9,,Pass_Pasar,276,10,365,Yes / Si,357.1,0,0,,98,99,990,5,13.4,13.8,14.4,16.7,14.3,5,0.66,0.44,0.71,0.28,0.56,2551,,,,,,,,,,,15/12/2025,Ica,Lote 38,Tierra Linda,Ica,35.08,87021,9116,Generica
2023-2024,16/12/2025,7:15:00 p. m.,Formulario Registro Inspeccion Uva,Ica,Gloria A.,TRUE,Perú,Ica,EEUU,,First Inspection,1104159:12:00,MERLOT,9,,Pass_Pasar,204,10,333,Yes / Si,331.3,10,0,,97,100,1000,5,12,15.2,14.6,13.2,12,5,0.57,0.48,0.5,0.47,0.37,2551,,,,,,,,,,,15/12/2025,Ica,Lote 37,Tierra Linda,Ica,31.63,87020,9108,Generica
2023-2024,16/12/2025,7:11:00 p. m.,Formulario Registro Inspeccion Uva,Ica,Gloria A.,TRUE,Perú,Ica,EEUU,,First Inspection,1104158:35:00,MERLOT,9,,Pass_Pasar,204,10,358,Yes / Si,356.2,0,0,,98,96,960,2,13,15.2,,,,2,0.28,0.29,,,,2551,,,,,,,,,,,15/12/2025,Ica,Lote 37,Tierra Linda,Ica,31.63,87020,9116,Generica
2023-2024,20/12/2025,8:54:00 a. m.,Formulario Registro Inspeccion Uva,Piura,Lincoln Fernandez,FALSE,Perú,Piura,EEUU,,First Inspection,1104257:31:00,VERDEJO,,,Pass_Pasar,204,8,363,Yes / Si,360.75,8,0,,136,133.5,1068,2,14.1,14.7,,,,2,0.32,0.33,,,,2551,,,,,,,,,,,19/12/2025,Piura,Lote 41,Campos Gloriosos,Piura,61.84,87024,9108,Generica
2023-2024,20/12/2025,8:53:00 a. m.,Formulario Registro Inspeccion Uva,Piura,Lincoln Fernandez,FALSE,Perú,Piura,EEUU,,First Inspection,1104184:38:00,VERDEJO,,,Pass_Pasar,204,8,362,Yes / Si,360,8,0,,122,120.5,964,2,12.9,13.5,,,,2,0.4,0.38,,,,2551,,,,,,,,,,,16/12/2025,Piura,Lote 41,Campos Gloriosos,Piura,61.84,87024,9108,Generica
2023-2024,19/12/2025,11:35:00 p. m.,Formulario Registro Inspeccion Uva,Piura,Lincoln Fernandez,FALSE,Perú,Piura,EEUU,,First Inspection,1104203:35:00,MERLOT,6,,Pass_Pasar,204,8,374.3,Yes / Si,365.52,8,0,,211,202.5,1620,2,16,16.5,,,,2,0.44,0.37,,,,2551,,,,,,,,,,,17/12/2025,Piura,Lote 39,Sociedad del Sol,Piura,71.53,87022,9108,Generica
2023-2024,19/12/2025,11:29:00 p. m.,Formulario Registro Inspeccion Uva,Piura,Lincoln Fernandez,TRUE,Perú,Piura,EEUU,,First Inspection,1104203:34:00,AIREN,6,,Pass_Pasar,204,8,368.2,Yes / Si,364.65,8,0,,161,157,1256,2,14.4,14.1,,,,2,0.26,0.25,,,,2551,,,,,,,,,,,17/12/2025,Piura,Lote 39,Sociedad del Sol,Piura,71.53,87022,9108,Generica
2023-2024,19/12/2025,7:33:00 p. m.,Formulario Registro Inspeccion Uva,Ica,Juan M.,TRUE,Perú,Pisco,EUROPA,No,First Inspection,1104229:55:00,AIREN,7,,Pass_Pasar,210,10,336,Yes / Si,330.9,0,0,,144,143,1430,2,12.4,13.5,,,,2,0.33,0.89,,,,2551,,,,,,,,,,,18/12/2025,Pisco,Lote 20,Agricultores Unidos,Pisco,344.98,87003,9098,Generica
2023-2024,19/12/2025,7:32:00 p. m.,Formulario Registro Inspeccion Uva,Ica,Juan M.,TRUE,Perú,Pisco,EEUU,,First Inspection,1104230:29:00,AIREN,7,,Pass_Pasar,210,10,333,Yes / Si,331.7,10,0,,149,145.5,1455,2,12.2,12.9,,,,2,0.43,0.68,,,,2551,,,,,,,,,,,18/12/2025,Pisco,Lote 20,Agricultores Unidos,Pisco,344.98,87003,9108,Generica
2023-2024,19/12/2025,7:30:00 p. m.,Formulario Registro Inspeccion Uva,Ica,Juan M.,FALSE,Perú,Pisco,EEUU,,First Inspection,1104230:56:00,AIREN,7,,Pass_Pasar,276,10,356,Yes / Si,353.7,0,0,,107,106.5,1065,5,15.1,14.7,14.2,13.6,15.2,5,0.53,0.27,0.2,0.3,0.37,2551,,,,,,,,,,,18/12/2025,Pisco,Lote 20,Agricultores Unidos,Pisco,344.98,87003,9116,Generica
2023-2024,19/12/2025,7:07:00 p. m.,Formulario Registro Inspeccion Uva,Ica,Juan M.,TRUE,Perú,Ica,EUROPA,Yes / Si,First Inspection,1104231:17:00,VERDEJO,7,Arabia Saudita,Pass_Pasar,390,16,151,Yes / Si,145.12,16,0,,51,49,784,2,11.3,10.7,,,,2,0.7,0.86,,,,2551,,,,,,,,,,,18/12/2025,Ica,Lote 15,Agricultores Unidos,Ica,62.09,86998,9092,Generica
2023-2024,19/12/2025,12:52:00 a. m.,Formulario Registro Inspeccion Uva,Piura,Lincoln Fernandez,FALSE,Perú,Piura,EEUU,,First Inspection,1104234:30:00,MERLOT,12,,Pass_Pasar,200,9,361.7,Yes / Si,358.66,0,0,,123,118,1062,5,14.8,15.9,14.7,14.3,14.7,5,0.28,0.32,0.3,0.28,0.31,2551,,,,,,,,,,,18/12/2025,Piura,Lote 1,Santa Bernardina Uva,Piura,80.51,86984,9116,Generica
2023-2024,19/12/2025,12:49:00 a. m.,Formulario Registro Inspeccion Uva,Piura,Lincoln Fernandez,FALSE,Perú,Piura,EEUU,,First Inspection,1104208:24:00,MERLOT,12,,Pass_Pasar,200,7,357.5,Yes / Si,353.65,0,0,,115,112.5,787.5,5,14.8,15.9,14.7,14.3,14.7,5,0.28,0.32,0.3,0.28,0.31,2551,,,,,,,,,,,17/12/2025,Piura,Lote 1,Santa Bernardina Uva,Piura,80.51,86984,9119,Generica
2023-2024,19/12/2025,12:46:00 a. m.,Formulario Registro Inspeccion Uva,Piura,Lincoln Fernandez,FALSE,Perú,Piura,EEUU,,First Inspection,1104207:28:00,MERLOT,12,,Pass_Pasar,276,11,368.6,Yes / Si,361.64,0,0,,123,116,1276,5,14.8,15.9,14.7,14.3,14.7,5,0.28,0.32,0.3,0.28,0.31,2551,,,,,,,,,,,17/12/2025,Piura,Lote 1,Santa Bernardina Uva,Piura,80.51,86984,9116,Generica
2023-2024,19/12/2025,12:31:00 a. m.,Formulario Registro Inspeccion Uva,Piura,Lincoln Fernandez,FALSE,Perú,Piura,EEUU,,First Inspection,1104210:12:00,MERLOT,6,,Pass_Pasar,100,7,362.1,Yes / Si,358.18,0,0,,110,106.5,745.5,6,14.4,14.7,14.9,16.2,13.3,6,0.63,0.57,0.69,0.45,0.59,2551,15.3,,0.55,,,,,,,,17/12/2025,Piura,Lote 2,Santa Bernardina Uva,Piura,66.97,86985,9116,Generica
2023-2024,19/12/2025,12:06:00 a. m.,Formulario Registro Inspeccion Uva,Piura,Lincoln Fernandez,FALSE,Perú,Piura,EEUU,,First Inspection,1104210:09:00,MERLOT,7,,Pass_Pasar,200,8,363.8,Yes / Si,357.45,0,0,,116,115.5,924,6,16.1,14.8,14.2,14.3,14.3,6,0.42,0.6,0.47,0.71,0.55,2551,14.3,,0.69,,,,,,,,17/12/2025,Piura,Lote 2,Santa Bernardina Uva,Piura,66.97,86985,9116,Generica
2023-2024,18/12/2025,9:24:00 p. m.,Formulario Registro Inspeccion Uva,Ica,Gloria A.,TRUE,Perú,Ica,EEUU,,First Inspection,1104203:16:00,AIREN,7,,Pass_Pasar,204,5,349,Yes / Si,344.8,0,0,,150,150,750,2,13.7,14.2,,,,2,0.51,0.78,,,,2551,,,,,,,,,,,17/12/2025,Ica,Lote 7,Uvas del Sabor,Ica,110.1,86990,9110,Organica
2023-2024,18/12/2025,7:54:00 p. m.,Formulario Registro Inspeccion Uva,Ica,Juan M.,TRUE,Perú,Ica,EEUU,,First Inspection,1104230:34:00,AIREN,7,,Pass_Pasar,276,10,358,Yes / Si,357.2,0,0,,125,117,1170,5,14.9,13.8,12.8,15.1,16,5,0.29,0.74,0.4,0.39,0.59,2551,,,,,,,,,,,18/12/2025,Ica,Lote 35,Agricultores del Sol,Ica,129.08,87018,9116,Generica
2023-2024,18/12/2025,7:52:00 p. m.,Formulario Registro Inspeccion Uva,Ica,Juan M.,TRUE,Perú,Ica,EEUU,,First Inspection,1104255:13:00,VERDEJO,7,,Pass_Pasar,210,10,345,Yes / Si,344,10,0,,123,116.5,1165,2,11.8,11.9,,,,2,0.72,0.71,,,,2551,,,,,,,,,,,19/12/2025,Ica,Lote 34,Agricultores del Sol,Ica,249.17,87017,9108,Generica
2023-2024,18/12/2025,1:52:00 p. m.,Formulario Registro Inspeccion Uva,Ica,Juan M.,TRUE,Perú,Ica,EEUU,,First Inspection,1104202:28:00,MERLOT,7,,Pass_Pasar,210,10,360,Yes / Si,333.7,10,0,,130,129,1290,2,14.1,12.6,,,,2,0.32,0.4,,,,2551,,,,,,,,,,,17/12/2025,Ica,Lote 24,Andenes de Andrea,Ica,151.43,87007,9108,Generica
2023-2024,18/12/2025,1:50:00 p. m.,Formulario Registro Inspeccion Uva,Ica,Juan M.,TRUE,Perú,Ica,EEUU,,First Inspection,1104201:58:00,MERLOT,7,,Pass_Pasar,210,10,337,Yes / Si,327.9,10,0,,133,128.5,1285,2,14.1,12.8,,,,2,0.37,0.43,,,,2551,,,,,,,,,,,17/12/2025,Ica,Lote 24,Andenes de Andrea,Ica,151.43,87007,9108,Generica
2023-2024,26/12/2025,2:40:00 p. m.,Formulario Registro Inspeccion Uva,Ica,Juan M.,TRUE,Perú,Pisco,EEUU,,First Inspection,1104419:22:00,VERDEJO,7,,Pass_Pasar,210,10,338,Yes / Si,333.3,10,0,,98,96.5,965,2,11.7,10.5,,,,2,0.59,0.63,,,,2552,,,,,,,,,,,26/12/2025,Pisco,Lote 20,Agricultores Unidos,Pisco,344.98,87003,9108,Generica
2023-2024,26/12/2025,2:40:00 p. m.,Formulario Registro Inspeccion Uva,Ica,Juan M.,TRUE,Perú,Pisco,EUROPA,No,First Inspection,1104370:57:00,VERDEJO,7,,Pass_Pasar,390,16,152,Yes / Si,145.37,16,0,,39,39,624,2,10.8,11.1,,,,2,0.58,0.55,,,,2552,,,,,,,,,,,24/12/2025,Pisco,Lote 20,Agricultores Unidos,Pisco,344.98,87003,9092,Generica
2023-2024,26/12/2025,2:39:00 p. m.,Formulario Registro Inspeccion Uva,Ica,Juan M.,TRUE,Perú,Pisco,EUROPA,No,First Inspection,1104418:15:00,AIREN,6,,Pass_Pasar,210,10,336,Yes / Si,332.4,0,0,,111,110,1100,2,14.1,11.9,,,,2,0.24,0.55,,,,2552,,,,,,,,,,,26/12/2025,Pisco,Lote 20,Agricultores Unidos,Pisco,344.98,87003,9098,Generica
2023-2024,26/12/2025,2:39:00 p. m.,Formulario Registro Inspeccion Uva,Ica,Juan M.,TRUE,Perú,Ica,EUROPA,No,First Inspection,1104369:40:00,PINOT,7,,Pass_Pasar,390,16,150,Yes / Si,143.68,16,0,,80,78,1248,2,14.7,13.6,,,,2,0.3,0.49,,,,2552,,,,,,,,,,,24/12/2025,Ica,Lote 13,Agricultores Unidos,Ica,50.93,86996,9092,Generica
2023-2024,23/12/2025,8:32:00 p. m.,Formulario Registro Inspeccion Uva,Ica,Juan M.,TRUE,Perú,Ica,EEUU,,First Inspection,1104346:58:00,PINOT,7,,Pass_Pasar,210,10,349,Yes / Si,347.7,10,0,,170,167,1670,2,15.2,16.3,,,,2,0.62,0.78,,,,2552,,,,,,,,,,,23/12/2025,Ica,Lote 34,Agricultores del Sol,Ica,249.17,87017,9108,Generica
2023-2024,23/12/2025,8:29:00 p. m.,Formulario Registro Inspeccion Uva,Ica,Juan M.,TRUE,Perú,Pisco,EUROPA,No,First Inspection,1104326:32:00,AIREN,6,,Pass_Pasar,390,16,147,Yes / Si,143.25,16,0,,67,61,976,2,12.5,12.2,,,,2,0.2,0.34,,,,2552,,,,,,,,,,,22/12/2025,Pisco,Lote 20,Agricultores Unidos,Pisco,344.98,87003,9092,Generica
2023-2024,23/12/2025,8:28:00 p. m.,Formulario Registro Inspeccion Uva,Ica,Juan M.,TRUE,Perú,Pisco,EUROPA,No,First Inspection,1104350:58:00,VERDEJO,7,,Pass_Pasar,110,4,562,Yes / Si,558.5,1,0,,165,160,640,2,11.4,10.7,,,,2,1.1,0.95,,,,2552,,,,,,,,,,,23/12/2025,Pisco,Lote 20,Agricultores Unidos,Pisco,344.98,87003,9095,Generica
2023-2024,23/12/2025,8:26:00 p. m.,Formulario Registro Inspeccion Uva,Ica,Juan M.,TRUE,Perú,Ica,EUROPA,No,First Inspection,1104327:39:00,TINTORERA,6,,Pass_Pasar,210,10,337,Yes / Si,331.3,0,0,,180,172.5,1725,2,10.2,11.5,,,,2,0.76,0.79,,,,2552,,,,,,,,,,,22/12/2025,Ica,Lote 15,Agricultores Unidos,Ica,62.09,86998,9098,Generica
2023-2024,23/12/2025,8:24:00 p. m.,Formulario Registro Inspeccion Uva,Ica,Juan M.,TRUE,Perú,Pisco,EEUU,,First Inspection,1104352:10:00,AIREN,7,,Pass_Pasar,210,10,334,Yes / Si,331.5,10,0,,130,121,1210,2,12.7,12.8,,,,2,0.5,0.38,,,,2552,,,,,,,,,,,23/12/2025,Pisco,Lote 20,Agricultores Unidos,Pisco,344.98,87003,9108,Generica
2023-2024,22/12/2025,9:56:00 p. m.,Formulario Registro Inspeccion Uva,Piura,Lincoln Fernandez,TRUE,Perú,Piura,EEUU,,First Inspection,1104331:58:00,AIREN,9,,Pass_Pasar,204,8,362,Yes / Si,360.5,8,0,,169,163,1304,2,15,12.8,,,,2,0.14,0.17,,,,2552,,,,,,,,,,,22/12/2025,Piura,Lote 41,Campos Gloriosos,Piura,61.84,87024,9108,Generica
2023-2024,22/12/2025,9:50:00 p. m.,Formulario Registro Inspeccion Uva,Piura,Lincoln Fernandez,TRUE,Perú,Piura,EEUU,,First Inspection,1104331:30:00,AIREN,9,,Pass_Pasar,204,8,367,Yes / Si,361.87,8,0,,164,156,1248,2,15,12.8,,,,2,0.14,0.17,,,,2552,,,,,,,,,,,22/12/2025,Piura,Lote 41,Campos Gloriosos,Piura,61.84,87024,9108,Generica
2023-2024,27/12/2025,12:54:00 a. m.,Formulario Registro Inspeccion Uva,Pisco,Guadalupe,TRUE,Perú,Pisco,EEUU,,First Inspection,1104426:03:00,AIREN,8,,Pass_Pasar,276,11,366,Yes / Si,358.27,0,0,,99,95,1045,5,14.6,12.9,14,13.2,14.9,5,0.14,0.31,0.17,0.15,0.22,2552,,,,,,,,,,,26/12/2025,Pisco,Lote 3,Santa Bernardina Uva,Pisco,313.27,86986,9116,Generica
2023-2024,27/12/2025,12:51:00 a. m.,Formulario Registro Inspeccion Uva,Pisco,Guadalupe,FALSE,Perú,Pisco,EEUU,,First Inspection,1104425:18:00,AIREN,8,,Pass_Pasar,276,11,374,Yes / Si,359.09,0,0,,112,106,1166,5,14.7,13.8,13.4,13.7,13.8,5,0.31,0.25,0.28,0.31,0.27,2552,,,,,,,,,,,26/12/2025,Pisco,Lote 3,Santa Bernardina Uva,Pisco,313.27,86986,9116,Generica
2023-2024,27/12/2025,12:47:00 a. m.,Formulario Registro Inspeccion Uva,Pisco,Guadalupe,FALSE,Perú,Pisco,EEUU,,First Inspection,1104424:31:00,AIREN,8,,Pass_Pasar,276,11,374,Yes / Si,332.36,0,0,,99,102,1122,5,13.7,14.3,14.9,13.4,14.2,5,0.29,0.27,0.22,0.35,0.17,2552,,,,,,,,,,,26/12/2025,Pisco,Lote 3,Santa Bernardina Uva,Pisco,313.27,86986,9116,Generica
2023-2024,27/12/2025,12:41:00 a. m.,Formulario Registro Inspeccion Uva,Pisco,Guadalupe,TRUE,Perú,Pisco,EEUU,,First Inspection,1104422:51:00,AIREN,7,,Pass_Pasar,156,6,345,Yes / Si,344.41,6,0,,135,132,792,2,13.9,13.4,,,,2,0.47,0.72,,,,2552,,,,,,,,,,,26/12/2025,Pisco,Lote 10,Eden del Norte,Pisco,76.26,86993,9108,Generica
2023-2024,27/12/2025,12:38:00 a. m.,Formulario Registro Inspeccion Uva,Pisco,Guadalupe,TRUE,Perú,Pisco,EEUU,,First Inspection,1104422:30:00,AIREN,7,,Pass_Pasar,156,6,345.5,Yes / Si,344.58,6,0,,138,137.5,825,2,13,13.7,,,,2,0.58,0.47,,,,2552,,,,,,,,,,,26/12/2025,Pisco,Lote 10,Eden del Norte,Pisco,76.26,86993,9108,Generica
2023-2024,27/12/2025,12:36:00 a. m.,Formulario Registro Inspeccion Uva,Pisco,Guadalupe,TRUE,Perú,Pisco,EEUU,,First Inspection,1104422:07:00,AIREN,7,,Pass_Pasar,156,6,345,Yes / Si,343.75,6,0,,141,140.5,843,2,14.3,13,,,,2,0.37,0.67,,,,2552,,,,,,,,,,,26/12/2025,Pisco,Lote 10,Eden del Norte,Pisco,76.26,86993,9108,Generica
2023-2024,27/12/2025,12:32:00 a. m.,Formulario Registro Inspeccion Uva,Pisco,Guadalupe,TRUE,Perú,Pisco,EEUU,,First Inspection,1104360:21:00,MERLOT,6.8,,Pass_Pasar,77,3,,No,,,,,215,215,645,2,16.1,14.5,,,,2,0.68,0.36,,,,2552,,,,,,,,,,,24/12/2025,Pisco,Lote 5,Santa Bernardina Uva,Pisco,72.27,86988,9111,Generica
2023-2024,27/12/2025,12:13:00 a. m.,Formulario Registro Inspeccion Uva,Pisco,Guadalupe,TRUE,Perú,Pisco,EUROPA,Yes / Si,First Inspection,1104372:00:00,AIREN,7,Jeddah,Pass_Pasar,120,10,,No,,,,,52,48,480,2,14,12.6,,,,2,0.45,0.61,,,,2552,,,,,,,,,,,24/12/2025,Pisco,Lote 5,Santa Bernardina Uva,Pisco,72.27,86988,9092,Generica
2023-2024,27/12/2025,12:09:00 a. m.,Formulario Registro Inspeccion Uva,Pisco,Guadalupe,TRUE,Perú,Pisco,EEUU,,First Inspection,1104371:33:00,TINTORERA,8,,Pass_Pasar,204,8,350,Yes / Si,347.12,8,0,,180,176.5,1412,2,13.4,10.5,,,,2,0.79,0.86,,,,2552,,,,,,,,,,,24/12/2025,Pisco,Lote 4,Santa Bernardina Uva,Pisco,47.28,86987,9108,Generica
2023-2024,26/12/2025,8:53:00 p. m.,Formulario Registro Inspeccion Uva,Ica,Juan M.,FALSE,Perú,Ica,EEUU,,First Inspection,1104423:48:00,AIREN,8,,Pass_Pasar,276,10,358,Yes / Si,357.6,0,0,,122,116.5,1165,5,13.4,13.5,13,14,12.1,5,0.57,0.44,0.56,0.51,0.43,2552,,,,,,,,,,,26/12/2025,Ica,Lote 35,Agricultores del Sol,Ica,129.08,87018,9116,Generica
2023-2024,3/1/2026,9:08:00 a. m.,Formulario Registro Inspeccion Uva,Piura,Lincoln Fernandez,TRUE,Perú,Piura,EEUU,,First Inspection,1104592:16:00,AIREN,,,Pass_Pasar,150,6,364,Yes / Si,361.33,6,0,,149,143,858,2,13.7,13.4,,,,2,0.17,0.14,,,,2601,,,,,,,,,,,2/1/2026,Piura,Lote 41,Campos Gloriosos,Piura,61.84,87024,9108,Generica
2023-2024,3/1/2026,9:07:00 a. m.,Formulario Registro Inspeccion Uva,Piura,Lincoln Fernandez,TRUE,Perú,Piura,EEUU,,First Inspection,1104591:21:00,AIREN,,,Pass_Pasar,204,8,368,Yes / Si,361.5,8,0,,159,146,1168,2,13.9,13.3,,,,2,0.29,0.26,,,,2601,,,,,,,,,,,2/1/2026,Piura,Lote 41,Campos Gloriosos,Piura,61.84,87024,9108,Generica
2023-2024,3/1/2026,9:06:00 a. m.,Formulario Registro Inspeccion Uva,Piura,Lincoln Fernandez,TRUE,Perú,Piura,EEUU,,First Inspection,1104591:51:00,AIREN,,,Pass_Pasar,204,8,390,Yes / Si,364.25,8,0,,138,131.5,1052,2,13.9,13.3,,,,2,0.29,0.26,,,,2601,,,,,,,,,,,2/1/2026,Piura,Lote 41,Campos Gloriosos,Piura,61.84,87024,9108,Generica
2023-2024,2/1/2026,4:04:00 p. m.,Formulario Registro Inspeccion Uva,Ica,Gloria A.,TRUE,Perú,Ica,EEUU,,First Inspection,1104567:21:00,TINTORERA,5,,Pass_Pasar,390,8,336,Yes / Si,332.62,8,0,,298,295.5,2364,2,13.9,13.2,,,,2,0.78,0.56,,,,2601,,,,,,,,,,,1/1/2026,Ica,Lote 14,Agricultores Unidos,Ica,40.26,86997,9108,Generica
2023-2024,2/1/2026,3:59:00 p. m.,Formulario Registro Inspeccion Uva,Ica,Gloria A.,FALSE,Perú,Pisco,EUROPA,No,First Inspection,1104567:21:00,VERDEJO,8,,Pass_Pasar,390,16,152,Yes / Si,145,16,0,,40,40,640,2,12.7,11.3,,,,2,0.52,0.7,,,,2601,,,,,,,,,,,1/1/2026,Pisco,Lote 20,Agricultores Unidos,Pisco,344.98,87003,9092,Generica
2023-2024,2/1/2026,3:50:00 p. m.,Formulario Registro Inspeccion Uva,Ica,Gloria A.,TRUE,Perú,Ica,EUROPA,No,First Inspection,1104567:21:00,VERDEJO,5,,Pass_Pasar,390,16,149,Yes / Si,145.56,16,0,,54,50.5,808,2,10.3,13,,,,2,0.64,0.75,,,,2601,,,,,,,,,,,1/1/2026,Ica,Lote 15,Agricultores Unidos,Ica,62.09,86998,9092,Generica
2023-2024,1/1/2026,9:14:00 p. m.,Formulario Registro Inspeccion Uva,Piura,Lincoln Fernandez,TRUE,Perú,Piura,EEUU,,First Inspection,1104567:21:00,AIREN,9,,Pass_Pasar,204,8,362,Yes / Si,360.5,8,0,,152,144.5,1156,2,14.3,13.2,,,,2,0.2,0.11,,,,2601,,,,,,,,,,,1/1/2026,Piura,Lote 41,Campos Gloriosos,Piura,61.84,87024,9108,Generica
2023-2024,1/1/2026,9:12:00 p. m.,Formulario Registro Inspeccion Uva,Piura,Lincoln Fernandez,TRUE,Perú,Piura,EEUU,,First Inspection,1104567:21:00,AIREN,9,,Pass_Pasar,204,8,362,Yes / Si,360.25,8,0,,137,135,1080,2,14.3,13.2,,,,2,0.2,0.11,,,,2601,,,,,,,,,,,1/1/2026,Piura,Lote 41,Campos Gloriosos,Piura,61.84,87024,9108,Generica
2023-2024,1/1/2026,8:14:00 p. m.,Formulario Registro Inspeccion Uva,Pisco,Guadalupe,FALSE,Perú,Pisco,EEUU,,First Inspection,1104567:21:00,AIREN,8,,Pass_Pasar,276,11,367,Yes / Si,360.09,0,1,,105,102.5,1127.5,6,14.7,13.6,13.5,13.5,13.4,6,0.42,0.32,0.73,0.9,0.46,2601,12.6,,0.27,,,,,,,,1/1/2026,Pisco,Lote 3,Santa Bernardina Uva,Pisco,313.27,86986,9116,Generica
2023-2024,1/1/2026,8:10:00 p. m.,Formulario Registro Inspeccion Uva,Pisco,Guadalupe,FALSE,Perú,Pisco,EEUU,,First Inspection,1104567:21:00,AIREN,8,,Pass_Pasar,276,11,360,Yes / Si,356.36,0,1,,94,98,1078,5,14.2,14.2,13.3,13.6,14.2,5,0.64,0.32,0.49,0.28,0.36,2601,,,,,,,,,,,1/1/2026,Pisco,Lote 3,Santa Bernardina Uva,Pisco,313.27,86986,9116,Generica
2023-2024,1/1/2026,8:05:00 p. m.,Formulario Registro Inspeccion Uva,Pisco,Guadalupe,TRUE,Perú,Pisco,EEUU,,First Inspection,1104567:21:00,AIREN,8,,Pass_Pasar,276,11,361,Yes / Si,355.54,0,0,,92,98.5,1083.5,6,11.5,13.6,14.9,13,14.6,6,0.27,0.6,0.57,0.41,0.41,2601,13.6,,0.26,,,,,,,,1/1/2026,Pisco,Lote 3,Santa Bernardina Uva,Pisco,313.27,86986,9116,Generica
2023-2024,1/1/2026,7:36:00 a. m.,Formulario Registro Inspeccion Uva,Piura,Lincoln Fernandez,TRUE,Perú,Piura,EEUU,,First Inspection,1104567:21:00,AIREN,9,,Pass_Pasar,100,4,364,Yes / Si,362.25,4,0,,164,157,628,2,14.3,15,,,,2,0.18,0.18,,,,2601,,,,,,,,,,,1/1/2026,Piura,Lote 41,Campos Gloriosos,Piura,61.84,87024,9108,Generica
2023-2024,1/1/2026,7:34:00 a. m.,Formulario Registro Inspeccion Uva,Piura,Lincoln Fernandez,TRUE,Perú,Piura,EEUU,,First Inspection,1104567:21:00,AIREN,9,,Pass_Pasar,204,8,362,Yes / Si,360.87,8,0,,163,159.5,1276,2,14.3,15,,,,2,0.18,0.18,,,,2601,,,,,,,,,,,1/1/2026,Piura,Lote 41,Campos Gloriosos,Piura,61.84,87024,9108,Generica
2023-2024,1/1/2026,7:31:00 a. m.,Formulario Registro Inspeccion Uva,Piura,Lincoln Fernandez,TRUE,Perú,Piura,EEUU,,First Inspection,1104567:21:00,AIREN,9,,Pass_Pasar,204,8,362,Yes / Si,361.25,8,0,,162,147,1176,2,14.3,15,,,,2,0.18,0.18,,,,2601,,,,,,,,,,,1/1/2026,Piura,Lote 41,Campos Gloriosos,Piura,61.84,87024,9108,Generica
2023-2024,1/1/2026,11:45:00 p. m.,Formulario Registro Inspeccion Uva,Pisco,Guadalupe,FALSE,Perú,Pisco,EEUU,,First Inspection,1104567:21:00,AIREN,8,,Pass_Pasar,276,11,370,Yes / Si,359,0,0,,94,103,1133,5,12.8,13,12.2,13.5,13.4,5,0.28,0.45,0.26,0.16,0.37,2601,,,,,,,,,,,1/1/2026,Pisco,Lote 3,Santa Bernardina Uva,Pisco,313.27,86986,9116,Generica
2023-2024,1/1/2026,11:40:00 p. m.,Formulario Registro Inspeccion Uva,Pisco,Guadalupe,FALSE,Perú,Pisco,EEUU,,First Inspection,1104567:21:00,AIREN,8,,Pass_Pasar,276,11,367,Yes / Si,329.27,0,1,,113,112,1232,5,13.1,12.7,12.4,13.8,12.8,5,0.2,0.22,0.25,0.23,0.43,2601,,,,,,,,,,,1/1/2026,Pisco,Lote 3,Santa Bernardina Uva,Pisco,313.27,86986,9116,Generica
2023-2024,1/1/2026,11:30:00 p. m.,Formulario Registro Inspeccion Uva,Pisco,Guadalupe,FALSE,Perú,Pisco,EEUU,,First Inspection,1104567:21:00,AIREN,8,,Pass_Pasar,276,11,367,Yes / Si,355.9,0,1,,105,104.5,1149.5,5,14.6,13.5,13.8,11.2,13,5,0.22,0.33,0.27,0.48,0.4,2601,,,,,,,,,,,1/1/2026,Pisco,Lote 3,Santa Bernardina Uva,Pisco,313.27,86986,9116,Generica
2023-2024,1/1/2026,8:19:00 p. m.,Formulario Registro Inspeccion Uva,Ica,Juan M.,FALSE,Perú,Ica,EEUU,,First Inspection,1104567:21:00,AIREN,8,,Pass_Pasar,276,10,358,Yes / Si,292.9,0,0,,128,124,1240,5,13,13.8,13.5,14.1,14.1,5,0.56,0.29,0.5,0.51,0.51,2601,,,,,,,,,,,1/1/2026,Ica,Lote 35,Agricultores del Sol,Ica,129.08,87018,9116,Generica
2023-2024,1/1/2026,8:17:00 p. m.,Formulario Registro Inspeccion Uva,Ica,Juan M.,FALSE,Perú,Ica,EEUU,,First Inspection,1104567:21:00,AIREN,8,,Pass_Pasar,276,10,359,Yes / Si,357.7,0,0,,136,130.5,1305,5,13.7,15.5,11.6,13.5,13.8,5,0.36,0.24,0.6,0.5,0.29,2601,,,,,,,,,,,1/1/2026,Ica,Lote 35,Agricultores del Sol,Ica,129.08,87018,9116,Generica
2023-2024,9/1/2026,2:39:00 p. m.,Formulario Registro Inspeccion Uva,Ica,Juan M.,TRUE,Perú,Pisco,ASIA CENTRO,Yes / Si,First Inspection,1104731:36:00,AIREN,6,Taiwan,Pass_Pasar,390,16,151,Yes / Si,145.43,16,0,,52,50.5,808,2,14.4,14,,,,2,0,0.56,,,,2602,,,,,,,,,,,8/1/2026,Pisco,Lote 20,Agricultores Unidos,Pisco,344.98,87003,9099,Generica
2023-2024,9/1/2026,2:37:00 p. m.,Formulario Registro Inspeccion Uva,Ica,Juan M.,TRUE,Perú,Ica,EUROPA,No,First Inspection,1104754:40:00,AIREN,6,,Pass_Pasar,210,10,335,Yes / Si,331.8,0,0,,118,115,1150,2,14.4,14.5,,,,2,0.82,0.36,,,,2602,,,,,,,,,,,9/1/2026,Ica,Lote 17,Agricultores Unidos,Ica,54.61,87000,9098,Generica
2023-2024,9/1/2026,1:11:00 p. m.,Formulario Registro Inspeccion Uva,Ica,Gloria A.,TRUE,Perú,Ica,EEUU,,First Inspection,1104707:29:00,PINOT,7,,Pass_Pasar,204,5,347,Yes / Si,343,0,0,,148,148,740,2,14.8,15.4,,,,2,0.64,0.65,,,,2602,,,,,,,,,,,7/1/2026,Ica,Lote 7,Uvas del Sabor,Ica,110.1,86990,9110,Organica
2023-2024,9/1/2026,12:53:00 p. m.,Formulario Registro Inspeccion Uva,Pisco,Guadalupe,TRUE,Perú,Pisco,EEUU,,First Inspection,1104754:31:00,AIREN,9,,Pass_Pasar,276,11,366,Yes / Si,358.18,0,0,,109,106.5,1171.5,6,13.3,13,12.7,14.6,12.8,6,0.32,0.69,0.27,0.5,0.37,2602,13.9,,0.66,,,,,,,,9/1/2026,Pisco,Lote 3,Santa Bernardina Uva,Pisco,313.27,86986,9116,Generica
2023-2024,9/1/2026,12:49:00 p. m.,Formulario Registro Inspeccion Uva,Pisco,Guadalupe,TRUE,Perú,Pisco,EEUU,,First Inspection,1104755:05:00,AIREN,8,,Pass_Pasar,204,8,366,Yes / Si,352.5,8,0,,125,115.5,924,2,12.6,14.5,,,,2,0.27,0.15,,,,2602,,,,,,,,,,,9/1/2026,Pisco,Lote 3,Santa Bernardina Uva,Pisco,313.27,86986,9108,Generica
2023-2024,9/1/2026,12:00:00 p. m.,Formulario Registro Inspeccion Uva,Ica,Gloria A.,TRUE,Perú,Pisco,EEUU,,First Inspection,1104731:52:00,AIREN,6,,Pass_Pasar,110,4,585,Yes / Si,582.75,4,0,,250,250,1000,2,12.4,14.6,,,,2,0.38,0.5,,,,2602,,,,,,,,,,,8/1/2026,Pisco,Lote 20,Agricultores Unidos,Pisco,344.98,87003,9111,Generica
2023-2024,8/1/2026,3:47:00 p. m.,Formulario Registro Inspeccion Uva,Ica,Juan M.,FALSE,Perú,Ica,EEUU,,First Inspection,1104735:44:00,AIREN,7,,Pass_Pasar,276,10,358,Yes / Si,357.3,0,0,,130,127.5,1275,5,15,13.5,14.4,12.2,12.3,5,0.25,0.63,0.26,0.4,0.57,2602,,,,,,,,,,,8/1/2026,Ica,Lote 35,Agricultores del Sol,Ica,129.08,87018,9116,Generica
2023-2024,8/1/2026,3:44:00 p. m.,Formulario Registro Inspeccion Uva,Ica,Juan M.,FALSE,Perú,Ica,EEUU,,First Inspection,1104731:38:00,AIREN,7,,Pass_Pasar,276,10,360,Yes / Si,358,0,0,,126,123,1230,5,13.8,13,13.8,12.3,12.3,5,0.34,0.63,0.3,0.57,0.63,2602,,,,,,,,,,,8/1/2026,Ica,Lote 35,Agricultores del Sol,Ica,129.08,87018,9116,Generica
2023-2024,8/1/2026,3:25:00 p. m.,Formulario Registro Inspeccion Uva,Pisco,Guadalupe,FALSE,Perú,Pisco,EEUU,,First Inspection,1104733:26:00,AIREN,9,,Pass_Pasar,276,11,363,Yes / Si,356.09,0,0,,106,103.5,1138.5,5,13.4,13.6,13.9,13.5,13.5,5,0.38,0.38,0.4,0.22,0.5,2602,,,,,,,,,,,8/1/2026,Pisco,Lote 3,Santa Bernardina Uva,Pisco,313.27,86986,9116,Generica
2023-2024,8/1/2026,1:24:00 p. m.,Formulario Registro Inspeccion Uva,Pisco,Guadalupe,TRUE,Perú,Pisco,EEUU,,First Inspection,1104732:15:00,AIREN,9,,Pass_Pasar,276,11,363,Yes / Si,357.27,0,0,,106,104.5,1149.5,5,13.1,13.7,12.4,12.9,12.4,5,0.32,0.4,0.28,0.29,0.34,2602,,,,,,,,,,,8/1/2026,Pisco,Lote 3,Santa Bernardina Uva,Pisco,313.27,86986,9116,Generica
2023-2024,8/1/2026,12:11:00 p. m.,Formulario Registro Inspeccion Uva,Pisco,Guadalupe,TRUE,Perú,Pisco,EEUU,,First Inspection,1104707:07:00,AIREN,9,,Pass_Pasar,276,11,366,Yes / Si,358.45,0,0,,108,108,1188,5,12.7,14.1,13.2,13.1,12.5,5,0.45,0.33,0.38,0.46,0.51,2602,,,,,,,,,,,7/1/2026,Pisco,Lote 3,Santa Bernardina Uva,Pisco,313.27,86986,9116,Generica
2023-2024,7/1/2026,10:28:00 p. m.,Formulario Registro Inspeccion Uva,Piura,Lincoln Fernandez,TRUE,Perú,Piura,EEUU,,First Inspection,1104713:21:00,AIREN,9,,Pass_Pasar,204,8,362,Yes / Si,360.37,8,0,,153,148,1184,2,13.8,12.6,,,,2,0.25,0.19,,,,2602,,,,,,,,,,,7/1/2026,Piura,Lote 41,Campos Gloriosos,Piura,61.84,87024,9108,Generica
2023-2024,7/1/2026,10:20:00 p. m.,Formulario Registro Inspeccion Uva,Piura,Lincoln Fernandez,TRUE,Perú,Piura,EEUU,,First Inspection,1104714:23:00,AIREN,9,,Pass_Pasar,204,8,362,Yes / Si,360.5,8,0,,166,159.5,1276,2,13.8,12.6,,,,2,0.25,0.19,,,,2602,,,,,,,,,,,7/1/2026,Piura,Lote 41,Campos Gloriosos,Piura,61.84,87024,9108,Generica
2023-2024,7/1/2026,10:14:00 p. m.,Formulario Registro Inspeccion Uva,Piura,Lincoln Fernandez,TRUE,Perú,Piura,EEUU,,First Inspection,1104715:05:00,AIREN,9,,Pass_Pasar,204,8,361,Yes / Si,359.87,8,0,,158,152.5,1220,2,13.8,12.6,,,,2,0.25,0.19,,,,2602,,,,,,,,,,,7/1/2026,Piura,Lote 41,Campos Gloriosos,Piura,61.84,87024,9108,Generica
2023-2024,7/1/2026,7:49:00 p. m.,Formulario Registro Inspeccion Uva,Ica,Juan M.,TRUE,Perú,Ica,EEUU,,First Inspection,1104706:34:00,MERLOT,7,,Pass_Pasar,210,10,341,Yes / Si,330.7,10,0,,153,150,1500,2,17.6,13.8,,,,2,0.52,0.37,,,,2602,,,,,,,,,,,7/1/2026,Ica,Lote 24,Andenes de Andrea,Ica,151.43,87007,9108,Generica
2023-2024,7/1/2026,7:47:00 p. m.,Formulario Registro Inspeccion Uva,Ica,Juan M.,FALSE,Perú,Ica,EEUU,,First Inspection,1104705:56:00,MERLOT,7,,Pass_Pasar,210,10,335,Yes / Si,328.2,10,0,,167,162,1620,2,13.6,15.9,,,,2,0.61,0.51,,,,2602,,,,,,,,,,,7/1/2026,Ica,Lote 24,Andenes de Andrea,Ica,151.43,87007,9108,Generica
2023-2024,7/1/2026,5:14:00 p. m.,Formulario Registro Inspeccion Uva,Pisco,Guadalupe,TRUE,Perú,Pisco,EEUU,,First Inspection,1104711:56:00,AIREN,9,,Pass_Pasar,276,11,364,Yes / Si,358.09,0,0,,113,112.5,1237.5,5,12.7,12.2,12.8,12.4,12.2,5,0.38,0.37,0.44,0.4,0.53,2602,,,,,,,,,,,7/1/2026,Pisco,Lote 3,Santa Bernardina Uva,Pisco,313.27,86986,9116,Generica
2023-2024,7/1/2026,3:54:00 p. m.,Formulario Registro Inspeccion Uva,Pisco,Guadalupe,FALSE,Perú,Pisco,EEUU,,First Inspection,1104683:37:00,MERLOT,7,,Pass_Pasar,204,8,348,Yes / Si,341.75,8,0,,96,101,808,2,12.4,12.3,,,,2,0.54,0.34,,,,2602,,,,,,,,,,,6/1/2026,Pisco,Lote 3,Santa Bernardina Uva,Pisco,313.27,86986,9108,Generica
2023-2024,7/1/2026,3:30:00 p. m.,Formulario Registro Inspeccion Uva,Piura,Guadalupe,TRUE,Perú,Pisco,EEUU,,First Inspection,1104709:17:00,AIREN,9,,Pass_Pasar,276,11,366,Yes / Si,360.18,0,0,,111,109.5,1204.5,5,12.9,13,12.3,13.1,13.5,5,0.43,0.31,0.33,0.39,0.48,2602,,,,,,,,,,,7/1/2026,Pisco,Lote 3,Santa Bernardina Uva,Pisco,313.27,86986,9116,Generica
2023-2024,7/1/2026,3:10:00 p. m.,Formulario Registro Inspeccion Uva,Pisco,Guadalupe,TRUE,Perú,Pisco,EEUU,,First Inspection,1104708:15:00,AIREN,9,,Pass_Pasar,164,6,362,Yes / Si,358,0,0,,114,111,666,6,13.7,13.7,11.9,13.3,13,6,0.28,0.37,0.22,0.41,0.24,2602,11.8,,0.51,,,,,,,,7/1/2026,Pisco,Lote 3,Santa Bernardina Uva,Pisco,313.27,86986,9116,Generica
2023-2024,6/1/2026,9:57:00 p. m.,Formulario Registro Inspeccion Uva,Pisco,Guadalupe,FALSE,Perú,Pisco,EEUU,,First Inspection,1104689:12:00,AIREN,8,,Pass_Pasar,276,11,361,Yes / Si,357.63,0,0,,111,110.5,1215.5,5,12.6,13.4,13.8,12.7,12,5,0.43,0.3,0.32,0.39,0.57,2602,,,,,,,,,,,6/1/2026,Pisco,Lote 3,Santa Bernardina Uva,Pisco,313.27,86986,9116,Generica
2023-2024,6/1/2026,9:56:00 p. m.,Formulario Registro Inspeccion Uva,Ica,Gloria A.,TRUE,Perú,Pisco,EEUU,,First Inspection,1104663:34:00,AIREN,7,,Pass_Pasar,110,3,579,Yes / Si,578.33,3,0,,235,235,705,2,14.1,12.8,,,,2,0.43,0.7,,,,2602,,,,,,,,,,,5/1/2026,Pisco,Lote 20,Agricultores Unidos,Pisco,344.98,87003,9111,Generica
2023-2024,6/1/2026,9:53:00 p. m.,Formulario Registro Inspeccion Uva,Pisco,Guadalupe,FALSE,Perú,Pisco,EEUU,,First Inspection,1104687:57:00,AIREN,8,,Pass_Pasar,276,11,359,Yes / Si,355.72,0,0,,114,112.5,1237.5,5,13.4,13.8,13,13.2,12.9,5,0.44,0.41,0.55,0.51,0.51,2602,,,,,,,,,,,6/1/2026,Pisco,Lote 3,Santa Bernardina Uva,Pisco,313.27,86986,9116,Generica
2023-2024,6/1/2026,9:51:00 p. m.,Formulario Registro Inspeccion Uva,Ica,Gloria A.,TRUE,Perú,Pisco,EEUU,,First Inspection,1104663:05:00,VERDEJO,5,,Pass_Pasar,110,3,580,Yes / Si,578.66,3,0,,174,164,492,2,11.3,11.4,,,,2,0.46,0.58,,,,2602,,,,,,,,,,,5/1/2026,Pisco,Lote 20,Agricultores Unidos,Pisco,344.98,87003,9111,Generica
2023-2024,6/1/2026,9:48:00 p. m.,Formulario Registro Inspeccion Uva,Pisco,Guadalupe,FALSE,Perú,Pisco,EEUU,,First Inspection,1104687:10:00,AIREN,8,,Pass_Pasar,276,11,359,Yes / Si,354.72,0,0,,114,114,1254,6,12.8,12.3,11.6,12.7,11.4,6,0.35,0.46,0.27,0.37,0.38,2602,12.8,,0.21,,,,,,,,6/1/2026,Pisco,Lote 3,Santa Bernardina Uva,Pisco,313.27,86986,9116,Generica
2023-2024,6/1/2026,9:48:00 p. m.,Formulario Registro Inspeccion Uva,Ica,Gloria A.,TRUE,Perú,Pisco,EUROPA,No,First Inspection,1104662:35:00,AIREN,7,,Pass_Pasar,192,8,335,Yes / Si,332.75,0,0,,185,184.5,1476,2,14.1,13.4,,,,2,0.26,0.71,,,,2602,,,,,,,,,,,5/1/2026,Pisco,Lote 20,Agricultores Unidos,Pisco,344.98,87003,9098,Generica
2023-2024,6/1/2026,9:39:00 p. m.,Formulario Registro Inspeccion Uva,Pisco,Guadalupe,TRUE,Perú,Pisco,EEUU,,First Inspection,1104659:12:00,MERLOT,7,,Pass_Pasar,204,8,347,Yes / Si,344.37,8,0,,107,104,832,2,11.5,11.8,,,,2,0.55,0.3,,,,2602,,,,,,,,,,,5/1/2026,Pisco,Lote 3,Santa Bernardina Uva,Pisco,313.27,86986,9108,Generica
2023-2024,6/1/2026,8:39:00 p. m.,Formulario Registro Inspeccion Uva,Ica,Juan M.,TRUE,Perú,Ica,EEUU,,First Inspection,1104657:13:00,AIREN,8,,Pass_Pasar,110,4,581,Yes / Si,579.75,4,0,,168,165.5,662,2,13.8,12.2,,,,2,0.3,0.4,,,,2602,,,,,,,,,,,5/1/2026,Ica,Lote 37,Tierra Linda,Ica,31.63,87020,9111,Generica
2023-2024,6/1/2026,8:38:00 p. m.,Formulario Registro Inspeccion Uva,Ica,Juan M.,FALSE,Perú,Ica,EEUU,,First Inspection,1104683:56:00,AIREN,8,,Pass_Pasar,276,10,358,Yes / Si,292.9,0,0,,118,115,1150,5,14.4,12.9,13.7,14.3,12.6,5,0.26,0.28,0.32,0.25,0.46,2602,,,,,,,,,,,6/1/2026,Ica,Lote 35,Agricultores del Sol,Ica,129.08,87018,9116,Generica
2023-2024,6/1/2026,8:35:00 p. m.,Formulario Registro Inspeccion Uva,Ica,Juan M.,FALSE,Perú,Ica,EEUU,,First Inspection,1104686:51:00,AIREN,8,,Pass_Pasar,276,10,360,Yes / Si,357.9,0,0,,117,113,1130,5,12.9,14.8,11.5,13.6,15.4,5,0.48,0.48,0.41,0.48,0.21,2602,,,,,,,,,,,6/1/2026,Ica,Lote 35,Agricultores del Sol,Ica,129.08,87018,9116,Generica
2023-2024,6/1/2026,8:04:00 p. m.,Formulario Registro Inspeccion Uva,Ica,Gloria A.,FALSE,Perú,Ica,EEUU,,First Inspection,1104683:58:00,AIREN,8,,Pass_Pasar,204,3,358,Yes / Si,357.66,0,0,,104,104,312,5,13.7,13.7,13.9,13.4,14.1,5,0.25,0.41,0.27,0.49,0.52,2602,,,,,,,,,,,6/1/2026,Ica,Lote 35,Agricultores del Sol,Ica,129.08,87018,9116,Generica
2023-2024,6/1/2026,7:22:00 p. m.,Formulario Registro Inspeccion Uva,Piura,Lincoln Fernandez,TRUE,Perú,Piura,EEUU,,First Inspection,1104688:58:00,AIREN,9,,Pass_Pasar,204,8,363,Yes / Si,360.75,8,0,,158,153,1224,2,11.7,12.7,,,,2,0.29,0.2,,,,2602,,,,,,,,,,,6/1/2026,Piura,Lote 41,Campos Gloriosos,Piura,61.84,87024,9108,Generica
2023-2024,6/1/2026,7:18:00 p. m.,Formulario Registro Inspeccion Uva,Piura,Lincoln Fernandez,TRUE,Perú,Piura,EEUU,,First Inspection,1104687:21:00,AIREN,9,,Pass_Pasar,204,8,362,Yes / Si,361,8,0,,165,156.5,1252,2,11.7,12.7,,,,2,0.29,0.2,,,,2602,,,,,,,,,,,6/1/2026,Piura,Lote 41,Campos Gloriosos,Piura,61.84,87024,9108,Generica
2023-2024,6/1/2026,7:07:00 p. m.,Formulario Registro Inspeccion Uva,Piura,Lincoln Fernandez,TRUE,Perú,Piura,EEUU,,First Inspection,1104687:23:00,AIREN,9,,Pass_Pasar,204,8,362,Yes / Si,360.87,8,0,,142,138,1104,2,13.8,13,,,,2,0.13,0.13,,,,2602,,,,,,,,,,,6/1/2026,Piura,Lote 41,Campos Gloriosos,Piura,61.84,87024,9108,Generica
2023-2024,5/1/2026,10:30:00 p. m.,Formulario Registro Inspeccion Uva,Pisco,Guadalupe,FALSE,Perú,Pisco,EEUU,,First Inspection,1104639:32:00,AIREN,8,,Pass_Pasar,276,11,366,Yes / Si,356.18,0,2,,107,106.5,1171.5,6,12.1,14.2,12.3,11.8,12.9,6,0.36,0.34,0.57,0.36,0.4,2602,13.9,,0.37,,,,,,,,4/1/2026,Pisco,Lote 3,Santa Bernardina Uva,Pisco,313.27,86986,9116,Generica
2023-2024,5/1/2026,10:26:00 p. m.,Formulario Registro Inspeccion Uva,Pisco,Guadalupe,TRUE,Perú,Pisco,EEUU,,First Inspection,1104664:14:00,AIREN,8,,Pass_Pasar,276,11,364,Yes / Si,357.45,0,0,,105,104,1144,6,14.2,14.4,11.3,11.8,12.6,6,0.23,0.72,0.48,0.34,0.48,2602,12.5,,0.35,,,,,,,,5/1/2026,Pisco,Lote 3,Santa Bernardina Uva,Pisco,313.27,86986,9116,Generica
2023-2024,5/1/2026,10:21:00 p. m.,Formulario Registro Inspeccion Uva,Pisco,Guadalupe,TRUE,Perú,Pisco,EEUU,,First Inspection,1104636:41:00,AIREN,9,,Pass_Pasar,276,11,362,Yes / Si,355.36,0,0,,106,105,1155,5,12.4,12.8,13,13.4,13.6,5,0.49,0.3,0.33,0.38,0.48,2602,,,,,,,,,,,4/1/2026,Pisco,Lote 3,Santa Bernardina Uva,Pisco,313.27,86986,9116,Generica
2023-2024,5/1/2026,10:17:00 p. m.,Formulario Registro Inspeccion Uva,Pisco,Guadalupe,TRUE,Perú,Pisco,EEUU,,First Inspection,1104634:52:00,AIREN,9,,Pass_Pasar,276,11,368,Yes / Si,329.27,0,0,,94,93.5,1028.5,6,12.1,13.5,13.1,13.1,13.6,6,0.36,0.37,0.68,0.35,0.43,2602,13.2,,0.37,,,,,,,,4/1/2026,Pisco,Lote 3,Santa Bernardina Uva,Pisco,313.27,86986,9116,Generica
2023-2024,9/1/2026,7:38:00 p. m.,Formulario Registro Inspeccion Uva,Piura,Lincoln Fernandez,TRUE,Perú,Piura,EEUU,,First Inspection,1104760:06:00,AIREN,9,,Pass_Pasar,204,8,362,Yes / Si,360.25,8,0,,144,138.5,1108,2,13.9,13.6,,,,2,0.18,0.19,,,,0001,,,,,,,,,,,9/1/2026,Piura,Lote 41,Campos Gloriosos,Piura,61.84,87024,9108,Generica
2023-2024,9/1/2026,7:35:00 p. m.,Formulario Registro Inspeccion Uva,Piura,Lincoln Fernandez,TRUE,Perú,Piura,EEUU,,First Inspection,1104759:18:00,AIREN,9,,Pass_Pasar,204,8,362,Yes / Si,360.75,8,0,,140,133.5,1068,2,13.9,13.6,,,,2,0.18,0.19,,,,0001,,,,,,,,,,,9/1/2026,Piura,Lote 41,Campos Gloriosos,Piura,61.84,87024,9108,Generica
2023-2024,9/1/2026,3:13:00 p. m.,Formulario Registro Inspeccion Uva,Pisco,Guadalupe,TRUE,Perú,Pisco,EEUU,,First Inspection,1104756:54:00,AIREN,8,,Pass_Pasar,276,11,363,Yes / Si,357,0,0,,109,107.5,1182.5,5,14,12.8,13.2,13,13.6,5,0.48,0.2,0.28,0.58,0.18,0001,,,,,,,,,,,9/1/2026,Pisco,Lote 3,Santa Bernardina Uva,Pisco,313.27,86986,9116,Generica
2023-2024,9/1/2026,2:43:00 p. m.,Formulario Registro Inspeccion Uva,Ica,Juan M.,TRUE,Perú,Pisco,EEUU,,First Inspection,1104731:19:00,AIREN,6,,Pass_Pasar,110,4,580,Yes / Si,578.75,4,0,,251,249,996,2,13.6,11.8,,,,2,0.45,0.31,,,,0001,,,,,,,,,,,8/1/2026,Pisco,Lote 20,Agricultores Unidos,Pisco,344.98,87003,9111,Generica
2023-2024,16/1/2026,10:58:00 p. m.,Formulario Registro Inspeccion Uva,Piura,Lincoln Fernandez,TRUE,Perú,Piura,EEUU,,First Inspection,1104903:04:00,AIREN,8,,Pass_Pasar,100,4,362,Yes / Si,360.25,4,0,,170,162,648,2,13.6,13.1,,,,2,0.24,0.37,,,,2603,,,,,,,,,,,15/1/2026,Piura,Lote 41,Campos Gloriosos,Piura,61.84,87024,9108,Generica
2023-2024,16/1/2026,10:55:00 p. m.,Formulario Registro Inspeccion Uva,Piura,Lincoln Fernandez,TRUE,Perú,Piura,EEUU,,First Inspection,1104927:03:00,AIREN,8,,Pass_Pasar,204,8,362,Yes / Si,360.5,8,0,,163,156.5,1252,2,13.6,13.1,,,,2,0.24,0.37,,,,2603,,,,,,,,,,,16/1/2026,Piura,Lote 41,Campos Gloriosos,Piura,61.84,87024,9108,Generica
2023-2024,16/1/2026,10:52:00 p. m.,Formulario Registro Inspeccion Uva,Piura,Lincoln Fernandez,TRUE,Perú,Piura,EEUU,,First Inspection,1104927:02:00,AIREN,8,,Pass_Pasar,204,8,362,Yes / Si,360.87,8,0,,166,161.5,1292,2,13.6,13.1,,,,2,0.24,0.37,,,,2603,,,,,,,,,,,16/1/2026,Piura,Lote 41,Campos Gloriosos,Piura,61.84,87024,9108,Generica
2023-2024,15/1/2026,7:06:00 p. m.,Formulario Registro Inspeccion Uva,Ica,Juan M.,TRUE,Perú,Ica,EEUU,,First Inspection,1104902:56:00,PINOT,7,,Pass_Pasar,210,10,345,Yes / Si,343.6,10,0,,173,168,1680,2,14.4,15.6,,,,2,0.48,0.52,,,,2603,,,,,,,,,,,15/1/2026,Ica,Lote 34,Agricultores del Sol,Ica,249.17,87017,9108,Generica
2023-2024,15/1/2026,4:10:00 p. m.,Formulario Registro Inspeccion Uva,Ica,Gloria A.,TRUE,Perú,Ica,EEUU,,First Inspection,1104902:59:00,TINTORERA,7,,Pass_Pasar,204,10,344.5,Yes / Si,343.7,10,0,,204,201.5,2015,2,16.9,12.4,,,,2,0.38,0.73,,,,2603,,,,,,,,,,,15/1/2026,Ica,Lote 34,Agricultores del Sol,Ica,249.17,87017,9108,Generica
2023-2024,14/1/2026,6:10:00 p. m.,Formulario Registro Inspeccion Uva,Piura,Lincoln Fernandez,TRUE,Perú,Piura,EEUU,,First Inspection,1104854:39:00,AIREN,8,,Pass_Pasar,204,8,362,Yes / Si,360.75,8,0,,167,160.5,1284,2,12.4,12.8,,,,2,0.16,0.18,,,,2603,,,,,,,,,,,13/1/2026,Piura,Lote 41,Campos Gloriosos,Piura,61.84,87024,9108,Generica
2023-2024,14/1/2026,6:07:00 p. m.,Formulario Registro Inspeccion Uva,Piura,Lincoln Fernandez,TRUE,Perú,Piura,EEUU,,First Inspection,1104853:44:00,AIREN,8,,Pass_Pasar,204,8,364,Yes / Si,361.37,8,0,,164,158,1264,2,12.4,12.8,,,,2,0.16,0.18,,,,2603,,,,,,,,,,,13/1/2026,Piura,Lote 41,Campos Gloriosos,Piura,61.84,87024,9108,Generica
2023-2024,14/1/2026,5:58:00 p. m.,Formulario Registro Inspeccion Uva,Piura,Lincoln Fernandez,TRUE,Perú,Piura,EEUU,,First Inspection,1104876:32:00,AIREN,9,,Pass_Pasar,204,8,361,Yes / Si,360.37,8,0,,155,148,1184,2,15,13.8,,,,2,0.18,0.13,,,,2603,,,,,,,,,,,14/1/2026,Piura,Lote 41,Campos Gloriosos,Piura,61.84,87024,9108,Generica
2023-2024,14/1/2026,5:55:00 p. m.,Formulario Registro Inspeccion Uva,Piura,Lincoln Fernandez,TRUE,Perú,Piura,EEUU,,First Inspection,1104875:42:00,AIREN,9,,Pass_Pasar,204,8,362,Yes / Si,361.12,8,0,,189,163,1304,2,15,13.8,,,,2,0.18,0.13,,,,2603,,,,,,,,,,,14/1/2026,Piura,Lote 41,Campos Gloriosos,Piura,61.84,87024,9108,Generica
2023-2024,14/1/2026,2:42:00 p. m.,Formulario Registro Inspeccion Uva,Ica,Juan M.,TRUE,Perú,Ica,EEUU,,First Inspection,1104850:49:00,AIREN,8,,Pass_Pasar,110,4,589,Yes / Si,584.25,4,0,,180,177,708,2,11.7,13.7,,,,2,0.38,0.36,,,,2603,,,,,,,,,,,13/1/2026,Ica,Lote 37,Tierra Linda,Ica,31.63,87020,9111,Generica
2023-2024,14/1/2026,2:40:00 p. m.,Formulario Registro Inspeccion Uva,Ica,Juan M.,FALSE,Perú,Ica,EEUU,,First Inspection,1104850:13:00,MERLOT,8,,Pass_Pasar,110,4,580,Yes / Si,576.5,4,0,,215,214,856,2,14.2,13.9,,,,2,0.42,0.28,,,,2603,,,,,,,,,,,13/1/2026,Ica,Lote 38,Tierra Linda,Ica,35.08,87021,9111,Generica
2023-2024,14/1/2026,2:39:00 p. m.,Formulario Registro Inspeccion Uva,Ica,Juan M.,TRUE,Perú,Ica,EEUU,,First Inspection,1104850:28:00,MERLOT,8,,Pass_Pasar,110,4,590,Yes / Si,586,4,0,,182,178,712,2,12.7,14.4,,,,2,0.5,0.4,,,,2603,,,,,,,,,,,13/1/2026,Ica,Lote 38,Tierra Linda,Ica,35.08,87021,9111,Generica
2023-2024,14/1/2026,12:38:00 a. m.,Formulario Registro Inspeccion Uva,Piura,Lincoln Fernandez,TRUE,Perú,Piura,EEUU,,First Inspection,1104864:34:00,AIREN,8,,Pass_Pasar,150,5,362,Yes / Si,360.4,5,0,,141,138.5,692.5,2,13.4,14.5,,,,2,0.23,0.23,,,,2603,,,,,,,,,,,14/1/2026,Piura,Lote 41,Campos Gloriosos,Piura,61.84,87024,9108,Generica
2023-2024,14/1/2026,12:33:00 a. m.,Formulario Registro Inspeccion Uva,Piura,Lincoln Fernandez,FALSE,Perú,Piura,EEUU,,First Inspection,1104861:31:00,AIREN,8,,Pass_Pasar,204,8,363,Yes / Si,359.75,8,1,,136,133.5,1068,2,13.4,14.5,,,,2,0.23,0.23,,,,2603,,,,,,,,,,,13/1/2026,Piura,Lote 41,Campos Gloriosos,Piura,61.84,87024,9108,Generica
2023-2024,13/1/2026,7:24:00 p. m.,Formulario Registro Inspeccion Uva,Ica,Juan M.,TRUE,Perú,Pisco,EUROPA,No,First Inspection,1104855:07:00,AIREN,7,,Pass_Pasar,210,10,333,Yes / Si,331.4,0,0,,125,124,1240,2,13,13.8,,,,2,0.64,0.29,,,,2603,,,,,,,,,,,13/1/2026,Pisco,Lote 20,Agricultores Unidos,Pisco,344.98,87003,9098,Generica
2023-2024,13/1/2026,7:22:00 p. m.,Formulario Registro Inspeccion Uva,Ica,Juan M.,TRUE,Perú,Pisco,EEUU,,First Inspection,1104830:36:00,AIREN,7,,Pass_Pasar,210,10,342,Yes / Si,3631.4,10,0,,163,161.5,1615,2,12.8,12.8,,,,2,0.4,0.48,,,,2603,,,,,,,,,,,12/1/2026,Pisco,Lote 20,Agricultores Unidos,Pisco,344.98,87003,9108,Generica
2023-2024,13/1/2026,7:21:00 p. m.,Formulario Registro Inspeccion Uva,Ica,Juan M.,TRUE,Perú,Pisco,EUROPA,Yes / Si,First Inspection,1104830:14:00,AIREN,6,Arabia Saudita,Pass_Pasar,390,16,153,Yes / Si,146.75,16,0,,58,53,848,2,13.4,14.6,,,,2,0.63,0.72,,,,2603,,,,,,,,,,,12/1/2026,Pisco,Lote 20,Agricultores Unidos,Pisco,344.98,87003,9092,Generica
2023-2024,13/1/2026,5:05:00 p. m.,Formulario Registro Inspeccion Uva,Pisco,Guadalupe,TRUE,Perú,Pisco,EEUU,,First Inspection,1104853:03:00,AIREN,7,,Pass_Pasar,100,4,359,Yes / Si,358.62,4,0,,107,103.5,414,2,13,13.3,,,,2,0.57,0.5,,,,2603,,,,,,,,,,,13/1/2026,Pisco,Lote 10,Eden del Norte,Pisco,76.26,86993,9108,Generica
2023-2024,13/1/2026,5:03:00 p. m.,Formulario Registro Inspeccion Uva,Pisco,Guadalupe,TRUE,Perú,Pisco,EEUU,,First Inspection,1104852:47:00,AIREN,7,,Pass_Pasar,100,4,359,Yes / Si,358.5,4,0,,117,114.5,458,2,12.5,12.3,,,,2,0.58,0.42,,,,2603,,,,,,,,,,,13/1/2026,Pisco,Lote 10,Eden del Norte,Pisco,76.26,86993,9108,Generica
2023-2024,13/1/2026,5:02:00 p. m.,Formulario Registro Inspeccion Uva,Pisco,Guadalupe,TRUE,Perú,Pisco,EEUU,,First Inspection,1104852:32:00,AIREN,7,,Pass_Pasar,100,4,359,Yes / Si,358.37,4,0,,111,108.5,434,2,13.1,12.6,,,,2,0.46,0.62,,,,2603,,,,,,,,,,,13/1/2026,Pisco,Lote 10,Eden del Norte,Pisco,76.26,86993,9108,Generica
2023-2024,13/1/2026,11:41:00 a. m.,Formulario Registro Inspeccion Uva,Ica,Juan M.,TRUE,Perú,Ica,EEUU,,First Inspection,1104826:07:00,MERLOT,6,,Pass_Pasar,210,10,336,Yes / Si,330.5,10,0,,160,154,1540,2,16,15.5,,,,2,0.4,0.45,,,,2603,,,,,,,,,,,12/1/2026,Ica,Lote 24,Andenes de Andrea,Ica,151.43,87007,9108,Generica
2023-2024,13/1/2026,11:38:00 a. m.,Formulario Registro Inspeccion Uva,Ica,Juan M.,TRUE,Perú,Ica,EEUU,,First Inspection,1104825:06:00,MERLOT,6,,Pass_Pasar,210,10,331,Yes / Si,325.7,10,0,,158,155,1550,2,16.1,14.1,,,,2,0.48,0.63,,,,2603,,,,,,,,,,,12/1/2026,Ica,Lote 24,Andenes de Andrea,Ica,151.43,87007,9108,Generica
2023-2024,23/1/2026,11:33:00 p. m.,Formulario Registro Inspeccion Uva,Piura,Lincoln Fernandez,TRUE,Perú,Piura,EEUU,,First Inspection,1105094:16:00,AIREN,8,,Pass_Pasar,204,8,361,Yes / Si,360.62,8,0,,155,153,1224,2,12.3,12.9,,,,2,0.18,0.27,,,,2604,,,,,,,,,,,23/1/2026,Piura,Lote 41,Campos Gloriosos,Piura,61.84,87024,9108,Generica
2023-2024,23/1/2026,11:30:00 p. m.,Formulario Registro Inspeccion Uva,Piura,Lincoln Fernandez,TRUE,Perú,Piura,EEUU,,First Inspection,1105095:33:00,AIREN,8,,Pass_Pasar,150,6,362,Yes / Si,360.66,6,0,,157,154,924,2,12.3,12.9,,,,2,0.18,0.27,,,,2604,,,,,,,,,,,23/1/2026,Piura,Lote 41,Campos Gloriosos,Piura,61.84,87024,9108,Generica
2023-2024,23/1/2026,11:27:00 p. m.,Formulario Registro Inspeccion Uva,Piura,Lincoln Fernandez,TRUE,Perú,Piura,EEUU,,First Inspection,1105094:15:00,AIREN,8,,Pass_Pasar,204,8,362,Yes / Si,360.75,8,0,,150,140.5,1124,2,12.3,12.9,,,,2,0.18,0.27,,,,2604,,,,,,,,,,,23/1/2026,Piura,Lote 41,Campos Gloriosos,Piura,61.84,87024,9108,Generica
2023-2024,23/1/2026,3:42:00 p. m.,Formulario Registro Inspeccion Uva,Ica,Juan M.,TRUE,Perú,Pisco,EEUU,,First Inspection,1105067:18:00,MERLOT,8,,Pass_Pasar,210,10,335,Yes / Si,332.5,10,0,,162,161,1610,2,13.3,14.1,,,,2,0.25,0.3,,,,2604,,,,,,,,,,,22/1/2026,Pisco,Lote 20,Agricultores Unidos,Pisco,344.98,87003,9108,Generica
2023-2024,23/1/2026,3:40:00 p. m.,Formulario Registro Inspeccion Uva,Ica,Juan M.,TRUE,Perú,Pisco,EUROPA,No,First Inspection,1105066:57:00,AIREN,7,,Pass_Pasar,210,10,335,Yes / Si,330.7,0,0,,127,123.5,1235,2,13.9,14.8,,,,2,0.36,0.3,,,,2604,,,,,,,,,,,22/1/2026,Pisco,Lote 20,Agricultores Unidos,Pisco,344.98,87003,9098,Generica
2023-2024,23/1/2026,3:39:00 p. m.,Formulario Registro Inspeccion Uva,Ica,Gloria A.,TRUE,Perú,Ica,EEUU,,First Inspection,1105066:47:00,AIREN,8,,Pass_Pasar,204,10,345,Yes / Si,343.4,10,0,,145,141,1410,2,12.4,12,,,,2,0.52,0.51,,,,2604,,,,,,,,,,,22/1/2026,Ica,Lote 35,Agricultores del Sol,Ica,129.08,87018,9108,Generica
2023-2024,23/1/2026,3:38:00 p. m.,Formulario Registro Inspeccion Uva,Ica,Juan M.,TRUE,Perú,Ica,EEUU,,First Inspection,1105066:13:00,TINTORERA,6,,Pass_Pasar,210,10,346,Yes / Si,336.7,10,0,,157,147.5,1475,2,11.6,12.6,,,,2,0.8,0.66,,,,2604,,,,,,,,,,,22/1/2026,Ica,Lote 12,Agricultores Unidos,Ica,152.84,86995,9108,Generica
2023-2024,22/1/2026,11:15:00 p. m.,Formulario Registro Inspeccion Uva,Piura,Lincoln Fernandez,TRUE,Perú,Piura,EEUU,,First Inspection,1105072:27:00,AIREN,9,,Pass_Pasar,204,4,362,Yes / Si,360.75,4,0,,165,158,632,3,11,11,12,,,3,0.19,0.31,0.2,,,2604,,,,,,,,,,,22/1/2026,Piura,Lote 41,Campos Gloriosos,Piura,61.84,87024,9108,Generica
2023-2024,22/1/2026,11:12:00 p. m.,Formulario Registro Inspeccion Uva,Piura,Lincoln Fernandez,TRUE,Perú,Piura,EEUU,,First Inspection,1105072:26:00,AIREN,9,,Pass_Pasar,204,8,363,Yes / Si,360.5,8,0,,161,151.5,1212,3,11,11,12,,,3,0.19,0.31,0.2,,,2604,,,,,,,,,,,22/1/2026,Piura,Lote 41,Campos Gloriosos,Piura,61.84,87024,9108,Generica
2023-2024,22/1/2026,11:09:00 p. m.,Formulario Registro Inspeccion Uva,Piura,Lincoln Fernandez,TRUE,Perú,Piura,EEUU,,First Inspection,1105072:25:00,AIREN,9,,Pass_Pasar,204,8,363,Yes / Si,361.37,8,0,,153,145.5,1164,3,11,11,12,,,3,0.19,0.31,0.2,,,2604,,,,,,,,,,,22/1/2026,Piura,Lote 41,Campos Gloriosos,Piura,61.84,87024,9108,Generica
2023-2024,21/1/2026,6:26:00 p. m.,Formulario Registro Inspeccion Uva,Piura,Lincoln Fernandez,TRUE,Perú,Piura,EEUU,,First Inspection,1105046:00:00,AIREN,8,,Pass_Pasar,204,8,363,Yes / Si,360.87,8,0,,169,161.5,1292,2,12.9,13,,,,2,0.21,0.23,,,,2604,,,,,,,,,,,21/1/2026,Piura,Lote 41,Campos Gloriosos,Piura,61.84,87024,9108,Generica
2023-2024,21/1/2026,6:24:00 p. m.,Formulario Registro Inspeccion Uva,Piura,Lincoln Fernandez,TRUE,Perú,Piura,EEUU,,First Inspection,1105046:03:00,AIREN,8,,Pass_Pasar,100,4,362,Yes / Si,360.75,4,0,,157,153,612,2,12.9,13,,,,2,0.21,0.23,,,,2604,,,,,,,,,,,21/1/2026,Piura,Lote 41,Campos Gloriosos,Piura,61.84,87024,9108,Generica
2023-2024,21/1/2026,6:20:00 p. m.,Formulario Registro Inspeccion Uva,Piura,Lincoln Fernandez,TRUE,Perú,Piura,EEUU,,First Inspection,1105046:01:00,AIREN,8,,Pass_Pasar,204,8,362,Yes / Si,360.37,8,0,,163,159.5,1276,2,12.9,13,,,,2,0.21,0.23,,,,2604,,,,,,,,,,,21/1/2026,Piura,Lote 41,Campos Gloriosos,Piura,61.84,87024,9108,Generica
2023-2024,21/1/2026,6:13:00 p. m.,Formulario Registro Inspeccion Uva,Pisco,Guadalupe,TRUE,Perú,Pisco,EUROPA,Yes / Si,First Inspection,1105021:41:00,MERLOT,7,Riyadh,Pass_Pasar,240,10,166,Yes / Si,145.8,10,0,,48,46,460,2,11.5,10.6,,,,2,0.51,0.4,,,,2604,,,,,,,,,,,20/1/2026,Pisco,Lote 3,Santa Bernardina Uva,Pisco,313.27,86986,9092,Generica
2023-2024,21/1/2026,6:10:00 p. m.,Formulario Registro Inspeccion Uva,Pisco,Guadalupe,TRUE,Perú,Pisco,EUROPA,Yes / Si,First Inspection,1105021:09:00,MERLOT,7,Riyadh,Pass_Pasar,240,10,152,Yes / Si,146,10,0,,47,44,440,2,11.8,9.4,,,,2,0.34,0.29,,,,2604,,,,,,,,,,,20/1/2026,Pisco,Lote 3,Santa Bernardina Uva,Pisco,313.27,86986,9092,Generica
2023-2024,21/1/2026,6:08:00 p. m.,Formulario Registro Inspeccion Uva,Pisco,Guadalupe,FALSE,Perú,Pisco,EUROPA,Yes / Si,First Inspection,1105020:27:00,MERLOT,7,Riyadh,Pass_Pasar,240,10,147,Yes / Si,143.4,8,2,,49,45.5,455,2,12.7,10.3,,,,2,0.4,0.81,,,,2604,,,,,,,,,,,20/1/2026,Pisco,Lote 3,Santa Bernardina Uva,Pisco,313.27,86986,9092,Generica
2023-2024,20/1/2026,11:11:00 p. m.,Formulario Registro Inspeccion Uva,Piura,Lincoln Fernandez,TRUE,Perú,Piura,EEUU,,First Inspection,1105026:02:00,AIREN,9,,Pass_Pasar,150,6,361,Yes / Si,360.33,6,0,,136,133,798,2,12.2,13,,,,2,0.23,0.15,,,,2604,,,,,,,,,,,20/1/2026,Piura,Lote 41,Campos Gloriosos,Piura,61.84,87024,9108,Generica
2023-2024,20/1/2026,11:05:00 p. m.,Formulario Registro Inspeccion Uva,Piura,Lincoln Fernandez,TRUE,Perú,Piura,EEUU,,First Inspection,1105025:32:00,AIREN,9,,Pass_Pasar,204,8,361,Yes / Si,359.62,8,0,,145,142.5,1140,2,12.2,13,,,,2,0.23,0.15,,,,2604,,,,,,,,,,,20/1/2026,Piura,Lote 41,Campos Gloriosos,Piura,61.84,87024,9108,Generica
2023-2024,20/1/2026,11:03:00 p. m.,Formulario Registro Inspeccion Uva,Piura,Lincoln Fernandez,TRUE,Perú,Piura,EEUU,,First Inspection,1105024:49:00,AIREN,9,,Pass_Pasar,204,8,361,Yes / Si,360.12,8,0,,147,145,1160,2,12.2,13,,,,2,0.23,0.15,,,,2604,,,,,,,,,,,20/1/2026,Piura,Lote 41,Campos Gloriosos,Piura,61.84,87024,9108,Generica
2023-2024,20/1/2026,7:51:00 p. m.,Formulario Registro Inspeccion Uva,Ica,Gloria A.,TRUE,Perú,Ica,EEUU,,First Inspection,1104999:29:00,TINTORERA,,,Pass_Pasar,204,8,338,Yes / Si,332.62,8,0,,208,204.5,1636,2,10,10.2,,,,2,1.03,1.02,,,,2604,,,,,,,,,,,19/1/2026,Ica,Lote 12,Agricultores Unidos,Ica,152.84,86995,9108,Generica
2023-2024,20/1/2026,7:49:00 p. m.,Formulario Registro Inspeccion Uva,Ica,Gloria A.,TRUE,Perú,Pisco,EEUU,,First Inspection,1104998:35:00,MERLOT,11,,Pass_Pasar,204,10,340,Yes / Si,331.8,10,0,,182,178.5,1785,2,13.7,12.7,,,,2,0.33,0.26,,,,2604,,,,,,,,,,,19/1/2026,Pisco,Lote 20,Agricultores Unidos,Pisco,344.98,87003,9108,Generica
2023-2024,20/1/2026,7:40:00 p. m.,Formulario Registro Inspeccion Uva,Ica,Juan M.,TRUE,Perú,Ica,EEUU,,First Inspection,1104999:35:00,TINTORERA,7,,Pass_Pasar,210,10,341,Yes / Si,332.3,10,0,,191,189.5,1895,2,11.5,11.1,,,,2,0.47,0.36,,,,2604,,,,,,,,,,,19/1/2026,Ica,Lote 12,Agricultores Unidos,Ica,152.84,86995,9108,Generica
2023-2024,20/1/2026,7:39:00 p. m.,Formulario Registro Inspeccion Uva,Ica,Juan M.,TRUE,Perú,Pisco,EEUU,,First Inspection,1104998:58:00,AIREN,6,,Pass_Pasar,210,10,336,Yes / Si,332.1,10,0,,168,163,1630,2,12.3,13,,,,2,0.77,0.57,,,,2604,,,,,,,,,,,19/1/2026,Pisco,Lote 20,Agricultores Unidos,Pisco,344.98,87003,9108,Generica
2023-2024,20/1/2026,7:37:00 p. m.,Formulario Registro Inspeccion Uva,Ica,Juan M.,TRUE,Perú,Ica,ASIA CENTRO,Yes / Si,First Inspection,1104998:35:00,AIREN,5,Taiwan,Pass_Pasar,390,12,151,Yes / Si,144.66,12,0,,43,42,504,2,14.1,12.5,,,,2,0.6,0.35,,,,2604,,,,,,,,,,,19/1/2026,Ica,Lote 19,Agricultores Unidos,Ica,79.51,87002,9100,Generica
2023-2024,30/1/2026,4:10:00 p. m.,Formulario Registro Inspeccion Uva,Ica,Juan M.,TRUE,Perú,Pisco,EEUU,,First Inspection,1105235:01:00,AIREN,6,,Pass_Pasar,210,10,339,Yes / Si,334.8,10,0,,162,148.5,1485,2,14.6,12.8,,,,2,0.72,0.4,,,,2605,,,,,,,,,,,29/1/2026,Pisco,Lote 20,Agricultores Unidos,Pisco,344.98,87003,9108,Generica
2023-2024,30/1/2026,4:05:00 p. m.,Formulario Registro Inspeccion Uva,Ica,Juan M.,TRUE,Perú,Ica,ASIA CENTRO,Yes / Si,First Inspection,1105235:28:00,PINOT,7,Taiwan,Pass_Pasar,390,16,447,Yes / Si,162.75,16,0,,67,66,1056,2,16.4,14.1,,,,2,0.72,0.37,,,,2605,,,,,,,,,,,29/1/2026,Ica,Lote 12,Agricultores Unidos,Ica,152.84,86995,9099,Generica
2023-2024,30/1/2026,3:59:00 p. m.,Formulario Registro Inspeccion Uva,Ica,Juan M.,TRUE,Perú,Ica,EEUU,,First Inspection,1105258:25:00,PINOT,7,,Pass_Pasar,210,10,342,Yes / Si,337.3,10,0,,198,190,1900,2,13.4,15.4,,,,2,0.32,0.48,,,,2605,,,,,,,,,,,30/1/2026,Ica,Lote 12,Agricultores Unidos,Ica,152.84,86995,9108,Generica
2023-2024,29/1/2026,4:41:00 p. m.,Formulario Registro Inspeccion Uva,Ica,Juan M.,TRUE,Perú,Ica,EEUU,,First Inspection,1105235:34:00,TINTORERA,8,,Pass_Pasar,110,4,585,Yes / Si,584.5,4,0,,315,312,1248,2,15.5,14,,,,2,0.42,0.57,,,,2605,,,,,,,,,,,29/1/2026,Ica,Lote 34,Agricultores del Sol,Ica,249.17,87017,9111,Generica
2023-2024,29/1/2026,4:40:00 p. m.,Formulario Registro Inspeccion Uva,Ica,Juan M.,TRUE,Perú,Ica,EEUU,,First Inspection,1105235:05:00,AIREN,8,,Pass_Pasar,110,4,586,Yes / Si,585.25,4,0,,260,258.5,1034,2,14.7,14.5,,,,2,0.29,0.32,,,,2605,,,,,,,,,,,29/1/2026,Ica,Lote 35,Agricultores del Sol,Ica,129.08,87018,9111,Generica
2023-2024,27/1/2026,2:51:00 p. m.,Formulario Registro Inspeccion Uva,Ica,Juan M.,TRUE,Perú,Ica,EEUU,,First Inspection,1105163:18:00,TINTORERA,13,,Pass_Pasar,110,4,585,Yes / Si,581.5,4,0,,301,300.5,1202,2,11.7,12.9,,,,2,0.41,0.44,,,,2605,,,,,,,,,,,26/1/2026,Ica,Lote 12,Agricultores Unidos,Ica,152.84,86995,9111,Generica
2023-2024,27/1/2026,2:48:00 p. m.,Formulario Registro Inspeccion Uva,Ica,Juan M.,FALSE,Perú,Ica,EEUU,,First Inspection,1105162:43:00,TINTORERA,9,,Pass_Pasar,110,4,587,Yes / Si,583.75,4,0,,330,328,1312,2,11.5,14.5,,,,2,0.35,0.3,,,,2605,,,,,,,,,,,26/1/2026,Ica,Lote 12,Agricultores Unidos,Ica,152.84,86995,9111,Generica
2023-2024,27/1/2026,2:44:00 p. m.,Formulario Registro Inspeccion Uva,Ica,Juan M.,TRUE,Perú,Ica,EEUU,,First Inspection,1105186:16:00,PINOT,5,,Pass_Pasar,110,4,584,Yes / Si,581.5,4,0,,320,318.5,1274,2,13.4,14,,,,2,0.34,0.29,,,,2605,,,,,,,,,,,27/1/2026,Ica,Lote 12,Agricultores Unidos,Ica,152.84,86995,9111,Generica
2023-2024,3/2/2026,8:05:00 p. m.,Formulario Registro Inspeccion Uva,Ica,Juan M.,TRUE,Perú,Pisco,EUROPA,No,First Inspection,1105336:19:00,AIREN,7,,Pass_Pasar,210,10,340,Yes / Si,337.2,6,0,,145,140.5,1405,2,14.3,12.9,,,,2,0.45,0.11,,,,2606,,,,,,,,,,,2/2/2026,Pisco,Lote 20,Agricultores Unidos,Pisco,344.98,87003,9093,Generica
2023-2024,3/2/2026,8:02:00 p. m.,Formulario Registro Inspeccion Uva,Ica,Juan M.,TRUE,Perú,Pisco,EEUU,,First Inspection,1105335:50:00,AIREN,7,,Pass_Pasar,210,10,340,Yes / Si,333.4,10,0,,140,138.5,1385,2,13.8,13.6,,,,2,0.55,0.43,,,,2606,,,,,,,,,,,2/2/2026,Pisco,Lote 20,Agricultores Unidos,Pisco,344.98,87003,9108,Generica
2023-2024,13/2/2026,12:49:00 p. m.,Formulario Registro Inspeccion Uva,Ica,Juan M.,FALSE,Perú,Ica,EEUU,,First Inspection,1105595:29:00,AIREN,8,,Pass_Pasar,276,10,358,Yes / Si,357.3,0,0,,138,137.5,1375,5,14.6,15.2,12.3,16.1,14.8,5,0.69,0.42,0.47,0.34,0.64,2607,,,,,,,,,,,13/2/2026,Ica,Lote 35,Agricultores del Sol,Ica,129.08,87018,9116,Generica
2023-2024,11/2/2026,9:44:00 p. m.,Formulario Registro Inspeccion Uva,Ica,Juan M.,FALSE,Perú,Ica,EEUU,,First Inspection,1105552:01:00,AIREN,8,,Pass_Pasar,276,10,358,Yes / Si,357.3,0,0,,135,127.5,1275,5,13.2,13.1,13.3,14.3,15,5,0.29,0.29,0.39,0.33,0.31,2607,,,,,,,,,,,11/2/2026,Ica,Lote 35,Agricultores del Sol,Ica,129.08,87018,9116,Generica
2023-2024,11/2/2026,9:41:00 p. m.,Formulario Registro Inspeccion Uva,Ica,Juan M.,TRUE,Perú,Ica,EEUU,,First Inspection,1105550:58:00,AIREN,8,,Pass_Pasar,110,4,585,Yes / Si,584.75,4,0,,263,261.5,1046,2,15.1,12.1,,,,2,0.39,0.59,,,,2607,,,,,,,,,,,11/2/2026,Ica,Lote 35,Agricultores del Sol,Ica,129.08,87018,9111,Generica
2023-2024,11/2/2026,6:12:00 p. m.,Formulario Registro Inspeccion Uva,Pisco,Guadalupe,TRUE,Perú,Pisco,EUROPA,Yes / Si,First Inspection,1105523:37:00,MERLOT,6,Kuwait,Pass_Pasar,240,12,154,Yes / Si,144.75,11,0,,37,36.5,438,2,12.4,12.7,,,,2,0.62,0.79,,,,2607,,,,,,,,,,,10/2/2026,Pisco,Lote 3,Santa Bernardina Uva,Pisco,313.27,86986,9092,Generica
2023-2024,11/2/2026,6:09:00 p. m.,Formulario Registro Inspeccion Uva,Pisco,Guadalupe,TRUE,Perú,Pisco,EUROPA,Yes / Si,First Inspection,1105499:07:00,MERLOT,6,Kuwait,Pass_Pasar,240,12,150,Yes / Si,144.91,10,0,,40,38,456,2,13.7,13.9,,,,2,0.82,0.55,,,,2607,,,,,,,,,,,9/2/2026,Pisco,Lote 3,Santa Bernardina Uva,Pisco,313.27,86986,9092,Generica
2023-2024,11/2/2026,6:06:00 p. m.,Formulario Registro Inspeccion Uva,Pisco,Guadalupe,TRUE,Perú,Pisco,EUROPA,Yes / Si,First Inspection,1105498:28:00,MERLOT,6,Kuwait,Pass_Pasar,240,12,158,Yes / Si,147.16,10,0,,40,39.5,474,2,11.5,12.1,,,,2,0.63,0.41,,,,2607,,,,,,,,,,,9/2/2026,Pisco,Lote 3,Santa Bernardina Uva,Pisco,313.27,86986,9092,Generica
2023-2024,24/2/2026,7:24:00 p. m.,Formulario Registro Inspeccion Uva,Ica,Juan M.,TRUE,Perú,Ica,EEUU,,First Inspection,1105834:39:00,MERLOT,7,,Pass_Pasar,204,10,335,Yes / Si,331.1,10,0,,162,161,1610,2,13.2,13.6,,,,0.49,0.43,,,,,2609,,,,,,,,,,,23/2/2026,Ica,Lote 12,Agricultores Unidos,Ica,152.84,86995,9108,Generica
2023-2024,24/2/2026,7:13:00 p. m.,Formulario Registro Inspeccion Uva,Ica,Gloria A.,TRUE,Perú,Ica,EEUU,,First Inspection,1105834:34:00,VERDEJO,7,,Pass_Pasar,204,8,336,Yes / Si,333.62,8,0,,93,90,720,2,11.9,11.6,,,,2,0.52,0.81,,,,2609,,,,,,,,,,,23/2/2026,Ica,Lote 12,Agricultores Unidos,Ica,152.84,86995,9108,Generica
2023-2024,19/2/2026,3:59:00 p. m.,Formulario Registro Inspeccion Uva,Ica,Juan M.,TRUE,Perú,Ica,EEUU,,First Inspection,1105743:19:00,AIREN,6,,Pass_Pasar,210,10,345,Yes / Si,343.6,10,0,,158,154.5,1545,2,14.4,11,,,,2,0.27,0.35,,,,2608,,,,,,,,,,,19/2/2026,Ica,Lote 35,Agricultores del Sol,Ica,129.08,87018,9108,Generica
2023-2024,19/2/2026,3:50:00 p. m.,Formulario Registro Inspeccion Uva,Ica,Gloria A.,TRUE,Perú,Ica,EEUU,,First Inspection,1105743:49:00,AIREN,6,,Pass_Pasar,204,8,344.5,Yes / Si,343.68,8,0,,154,154,1232,2,14.4,15.3,,,,2,0.45,0.32,,,,2608,,,,,,,,,,,19/2/2026,Ica,Lote 35,Agricultores del Sol,Ica,129.08,87018,9108,Generica
2023-2024,31/3/2026,6:29:00 p. m.,Formulario Registro Inspeccion Uva,Pisco,Guadalupe,TRUE,Perú,Pisco,EEUU,,First Inspection,1106704:45:00,AIREN,7,,Pass_Pasar,204,8,347,Yes / Si,343.87,8,0,,235,208,1664,2,13.1,13.2,,,,2,0.24,0.3,,,,2614,,,,,,,,,,,31/3/2026,Pisco,Lote 42,Agricultores del Sur,Pisco,,87025,9108,Generica
2023-2024,31/3/2026,6:25:00 p. m.,Formulario Registro Inspeccion Uva,Pisco,Guadalupe,TRUE,Perú,Pisco,EEUU,,First Inspection,1106680:04:00,AIREN,7,,Pass_Pasar,204,8,347,Yes / Si,344.25,8,0,,235,224.5,1796,2,13,12.4,,,,2,0.27,0.23,,,,2614,,,,,,,,,,,30/3/2026,Pisco,Lote 42,Agricultores del Sur,Pisco,,87025,9108,Generica
2023-2024,31/3/2026,6:23:00 p. m.,Formulario Registro Inspeccion Uva,Pisco,Guadalupe,FALSE,Perú,Pisco,EEUU,,First Inspection,1106679:18:00,AIREN,7,,Pass_Pasar,204,8,347,Yes / Si,344,8,0,,200,198,1584,2,12.5,13,,,,2,0.37,0.4,,,,2614,,,,,,,,,,,30/3/2026,Pisco,Lote 42,Agricultores del Sur,Pisco,,87025,9108,Generica
2023-2024,27/3/2026,1:51:00 p. m.,Formulario Registro Inspeccion Uva,Pisco,Guadalupe,TRUE,Perú,Pisco,EEUU,,First Inspection,1106531:27:00,MERLOT,7,,Pass_Pasar,144,6,354,Yes / Si,348.66,6,0,,117,115,690,2,13.7,14.5,,,,2,0.41,0.46,,,,2613,,,,,,,,,,,24/3/2026,Pisco,Lote 3,Santa Bernardina Uva,Pisco,313.27,86986,9108,Generica
2023-2024,27/3/2026,1:46:00 p. m.,Formulario Registro Inspeccion Uva,Pisco,Guadalupe,TRUE,Perú,Pisco,EEUU,,First Inspection,1106578:39:00,MERLOT,7,,Pass_Pasar,144,6,357,Yes / Si,349.33,6,0,,123,121.5,729,2,15.6,13.6,,,,2,0.39,0.51,,,,2613,,,,,,,,,,,26/3/2026,Pisco,Lote 3,Santa Bernardina Uva,Pisco,313.27,86986,9108,Generica
2023-2024,27/3/2026,1:43:00 p. m.,Formulario Registro Inspeccion Uva,Pisco,Guadalupe,TRUE,Perú,Pisco,EEUU,,First Inspection,1106530:08:00,MERLOT,7,,Pass_Pasar,144,6,349,Yes / Si,344.5,6,0,,119,114,684,2,13.5,14.3,,,,2,0.39,0.36,,,,2613,,,,,,,,,,,24/3/2026,Pisco,Lote 3,Santa Bernardina Uva,Pisco,313.27,86986,9108,Generica
2023-2024,25/3/2026,11:30:00 a. m.,Formulario Registro Inspeccion Uva,Pisco,Guadalupe,TRUE,Perú,Pisco,EEUU,,First Inspection,1106507:28:00,AIREN,7,,Pass_Pasar,85,4,348,Yes / Si,345,4,0,,213,202,808,2,12.9,12.7,,,,2,0.21,0.44,,,,2613,,,,,,,,,,,23/3/2026,Pisco,Lote 42,Agricultores del Sur,Pisco,,87025,9108,Generica
2023-2024,20/3/2026,8:07:00 a. m.,Formulario Registro Inspeccion Uva,Pisco,Guadalupe,TRUE,Perú,Pisco,EEUU,,First Inspection,1106411:24:00,MERLOT,7,,Pass_Pasar,156,6,344,Yes / Si,341.83,6,0,,119,117,702,2,13.2,13,,,,2,0.3,0.28,,,,2612,,,,,,,,,,,19/3/2026,Pisco,Lote 3,Santa Bernardina Uva,Pisco,313.27,86986,9108,Generica
2023-2024,20/3/2026,8:04:00 a. m.,Formulario Registro Inspeccion Uva,Pisco,Guadalupe,TRUE,Perú,Pisco,EEUU,,First Inspection,1106386:41:00,MERLOT,7,,Pass_Pasar,156,6,354,Yes / Si,347.66,6,0,,154,154,924,2,13.8,14.9,,,,2,0.51,0.3,,,,2612,,,,,,,,,,,18/3/2026,Pisco,Lote 3,Santa Bernardina Uva,Pisco,313.27,86986,9108,Generica
2023-2024,19/3/2026,8:58:00 a. m.,Formulario Registro Inspeccion Uva,Pisco,Guadalupe,FALSE,Perú,Pisco,EEUU,,First Inspection,1106368:50:00,AIREN,7,,Pass_Pasar,204,8,344,Yes / Si,343.12,8,0,,171,169,1352,2,11.6,12.2,,,,2,0.29,0.31,,,,2612,,,,,,,,,,,17/3/2026,Pisco,Lote 42,Agricultores del Sur,Pisco,,87025,9108,Generica
2023-2024,19/3/2026,8:52:00 a. m.,Formulario Registro Inspeccion Uva,Pisco,Guadalupe,FALSE,Perú,Pisco,EEUU,,First Inspection,1106392:02:00,AIREN,7,,Pass_Pasar,204,8,347,Yes / Si,344.68,8,0,,188,174,1392,2,10.9,10.8,,,,2,0.46,0.4,,,,2612,,,,,,,,,,,18/3/2026,Pisco,Lote 42,Agricultores del Sur,Pisco,,87025,9108,Generica
2023-2024,19/3/2026,8:35:00 a. m.,Formulario Registro Inspeccion Uva,Pisco,Guadalupe,TRUE,Perú,Pisco,EEUU,,First Inspection,1106391:15:00,AIREN,7,,Pass_Pasar,192,8,348,Yes / Si,344.87,8,0,,171,170.5,1364,2,11.3,12.3,,,,2,0.2,0.14,,,,2612,,,,,,,,,,,18/3/2026,Pisco,Lote 42,Agricultores del Sur,Pisco,,87025,9108,Generica
2023-2024,17/3/2026,9:48:00 p. m.,Formulario Registro Inspeccion Uva,Pisco,Guadalupe,TRUE,Perú,Pisco,EEUU,,First Inspection,1106369:20:00,AIREN,7,,Pass_Pasar,192,8,349,Yes / Si,345.25,8,0,,142,134,1072,2,12.7,13.5,,,,2,0.53,0.31,,,,2612,,,,,,,,,,,17/3/2026,Pisco,Lote 42,Agricultores del Sur,Pisco,,87025,9108,Generica
2023-2024,17/3/2026,9:46:00 p. m.,Formulario Registro Inspeccion Uva,Pisco,Guadalupe,TRUE,Perú,Pisco,EEUU,,First Inspection,1106370:01:00,AIREN,7,,Pass_Pasar,192,8,354,Yes / Si,346.12,8,0,,159,153,1224,2,12.3,12,,,,2,0.3,0.33,,,,2612,,,,,,,,,,,17/3/2026,Pisco,Lote 42,Agricultores del Sur,Pisco,,87025,9108,Generica
2023-2024,12/3/2026,11:53:00 a. m.,Formulario Registro Inspeccion Uva,Pisco,Guadalupe,TRUE,Perú,Pisco,EEUU,,First Inspection,1106242:20:00,MERLOT,7,,Pass_Pasar,156,6,346,Yes / Si,342.5,6,0,,109,106.5,639,2,11.8,13,,,,2,0.42,0.24,,,,2611,,,,,,,,,,,12/3/2026,Pisco,Lote 3,Santa Bernardina Uva,Pisco,313.27,86986,9108,Generica
,,,,,,,,,,,,,,,,,,,,,,,,,,,,,,,,,,,,,,,,,,,,,,,,,,,,,,,,,,,
,,,,,,,,,,,,,,,,,,,,,,,,,,,,,,,,,,,,,,,,,,,,,,,,,,,,,,,,,,,
,,,,,,,,,,,,,,,,,,,,,,,,,,,,,,,,,,,,,,,,,,,,,,,,,,,,,,,,,,,
,,,,,,,,,,,,,,,,,,,,,,,,,,,,,,,,,,,,,,,,,,,,,,,,,,,,,,,,,,,
,,,,,,,,,,,,,,,,,,,,,,,,,,,,,,,,,,,,,,,,,,,,,,,,,,,,,,,,,,,
,,,,,,,,,,,,,,,,,,,,,,,,,,,,,,,,,,,,,,,,,,,,,,,,,,,,,,,,,,,
,,,,,,,,,,,,,,,,,,,,,,,,,,,,,,,,,,,,,,,,,,,,,,,,,,,,,,,,,,,
,,,,,,,,,,,,,,,,,,,,,,,,,,,,,,,,,,,,,,,,,,,,,,,,,,,,,,,,,,,
,,,,,,,,,,,,,,,,,,,,,,,,,,,,,,,,,,,,,,,,,,,,,,,,,,,,,,,,,,,
,,,,,,,,,,,,,,,,,,,,,,,,,,,,,,,,,,,,,,,,,,,,,,,,,,,,,,,,,,,
,,,,,,,,,,,,,,,,,,,,,,,,,,,,,,,,,,,,,,,,,,,,,,,,,,,,,,,,,,,
,,,,,,,,,,,,,,,,,,,,,,,,,,,,,,,,,,,,,,,,,,,,,,,,,,,,,,,,,,,
,,,,,,,,,,,,,,,,,,,,,,,,,,,,,,,,,,,,,,,,,,,,,,,,,,,,,,,,,,,
,,,,,,,,,,,,,,,,,,,,,,,,,,,,,,,,,,,,,,,,,,,,,,,,,,,,,,,,,,,
,,,,,,,,,,,,,,,,,,,,,,,,,,,,,,,,,,,,,,,,,,,,,,,,,,,,,,,,,,,
,,,,,,,,,,,,,,,,,,,,,,,,,,,,,,,,,,,,,,,,,,,,,,,,,,,,,,,,,,,
,,,,,,,,,,,,,,,,,,,,,,,,,,,,,,,,,,,,,,,,,,,,,,,,,,,,,,,,,,,
,,,,,,,,,,,,,,,,,,,,,,,,,,,,,,,,,,,,,,,,,,,,,,,,,,,,,,,,,,,
,,,,,,,,,,,,,,,,,,,,,,,,,,,,,,,,,,,,,,,,,,,,,,,,,,,,,,,,,,,
,,,,,,,,,,,,,,,,,,,,,,,,,,,,,,,,,,,,,,,,,,,,,,,,,,,,,,,,,,,
,,,,,,,,,,,,,,,,,,,,,,,,,,,,,,,,,,,,,,,,,,,,,,,,,,,,,,,,,,,
,,,,,,,,,,,,,,,,,,,,,,,,,,,,,,,,,,,,,,,,,,,,,,,,,,,,,,,,,,,
,,,,,,,,,,,,,,,,,,,,,,,,,,,,,,,,,,,,,,,,,,,,,,,,,,,,,,,,,,,
,,,,,,,,,,,,,,,,,,,,,,,,,,,,,,,,,,,,,,,,,,,,,,,,,,,,,,,,,,,
,,,,,,,,,,,,,,,,,,,,,,,,,,,,,,,,,,,,,,,,,,,,,,,,,,,,,,,,,,,
,,,,,,,,,,,,,,,,,,,,,,,,,,,,,,,,,,,,,,,,,,,,,,,,,,,,,,,,,,,
,,,,,,,,,,,,,,,,,,,,,,,,,,,,,,,,,,,,,,,,,,,,,,,,,,,,,,,,,,,
,,,,,,,,,,,,,,,,,,,,,,,,,,,,,,,,,,,,,,,,,,,,,,,,,,,,,,,,,,,
,,,,,,,,,,,,,,,,,,,,,,,,,,,,,,,,,,,,,,,,,,,,,,,,,,,,,,,,,,,
,,,,,,,,,,,,,,,,,,,,,,,,,,,,,,,,,,,,,,,,,,,,,,,,,,,,,,,,,,,
,,,,,,,,,,,,,,,,,,,,,,,,,,,,,,,,,,,,,,,,,,,,,,,,,,,,,,,,,,,
,,,,,,,,,,,,,,,,,,,,,,,,,,,,,,,,,,,,,,,,,,,,,,,,,,,,,,,,,,,
,,,,,,,,,,,,,,,,,,,,,,,,,,,,,,,,,,,,,,,,,,,,,,,,,,,,,,,,,,,
,,,,,,,,,,,,,,,,,,,,,,,,,,,,,,,,,,,,,,,,,,,,,,,,,,,,,,,,,,,
,,,,,,,,,,,,,,,,,,,,,,,,,,,,,,,,,,,,,,,,,,,,,,,,,,,,,,,,,,,
,,,,,,,,,,,,,,,,,,,,,,,,,,,,,,,,,,,,,,,,,,,,,,,,,,,,,,,,,,,
,,,,,,,,,,,,,,,,,,,,,,,,,,,,,,,,,,,,,,,,,,,,,,,,,,,,,,,,,,,
,,,,,,,,,,,,,,,,,,,,,,,,,,,,,,,,,,,,,,,,,,,,,,,,,,,,,,,,,,,
,,,,,,,,,,,,,,,,,,,,,,,,,,,,,,,,,,,,,,,,,,,,,,,,,,,,,,,,,,,
,,,,,,,,,,,,,,,,,,,,,,,,,,,,,,,,,,,,,,,,,,,,,,,,,,,,,,,,,,,
,,,,,,,,,,,,,,,,,,,,,,,,,,,,,,,,,,,,,,,,,,,,,,,,,,,,,,,,,,,
,,,,,,,,,,,,,,,,,,,,,,,,,,,,,,,,,,,,,,,,,,,,,,,,,,,,,,,,,,,
,,,,,,,,,,,,,,,,,,,,,,,,,,,,,,,,,,,,,,,,,,,,,,,,,,,,,,,,,,,
,,,,,,,,,,,,,,,,,,,,,,,,,,,,,,,,,,,,,,,,,,,,,,,,,,,,,,,,,,,
,,,,,,,,,,,,,,,,,,,,,,,,,,,,,,,,,,,,,,,,,,,,,,,,,,,,,,,,,,,
,,,,,,,,,,,,,,,,,,,,,,,,,,,,,,,,,,,,,,,,,,,,,,,,,,,,,,,,,,,
,,,,,,,,,,,,,,,,,,,,,,,,,,,,,,,,,,,,,,,,,,,,,,,,,,,,,,,,,,,
,,,,,,,,,,,,,,,,,,,,,,,,,,,,,,,,,,,,,,,,,,,,,,,,,,,,,,,,,,,
,,,,,,,,,,,,,,,,,,,,,,,,,,,,,,,,,,,,,,,,,,,,,,,,,,,,,,,,,,,
,,,,,,,,,,,,,,,,,,,,,,,,,,,,,,,,,,,,,,,,,,,,,,,,,,,,,,,,,,,
,,,,,,,,,,,,,,,,,,,,,,,,,,,,,,,,,,,,,,,,,,,,,,,,,,,,,,,,,,,
,,,,,,,,,,,,,,,,,,,,,,,,,,,,,,,,,,,,,,,,,,,,,,,,,,,,,,,,,,,
,,,,,,,,,,,,,,,,,,,,,,,,,,,,,,,,,,,,,,,,,,,,,,,,,,,,,,,,,,,
,,,,,,,,,,,,,,,,,,,,,,,,,,,,,,,,,,,,,,,,,,,,,,,,,,,,,,,,,,,
,,,,,,,,,,,,,,,,,,,,,,,,,,,,,,,,,,,,,,,,,,,,,,,,,,,,,,,,,,,
,,,,,,,,,,,,,,,,,,,,,,,,,,,,,,,,,,,,,,,,,,,,,,,,,,,,,,,,,,,
,,,,,,,,,,,,,,,,,,,,,,,,,,,,,,,,,,,,,,,,,,,,,,,,,,,,,,,,,,,
,,,,,,,,,,,,,,,,,,,,,,,,,,,,,,,,,,,,,,,,,,,,,,,,,,,,,,,,,,,
,,,,,,,,,,,,,,,,,,,,,,,,,,,,,,,,,,,,,,,,,,,,,,,,,,,,,,,,,,,
,,,,,,,,,,,,,,,,,,,,,,,,,,,,,,,,,,,,,,,,,,,,,,,,,,,,,,,,,,,
,,,,,,,,,,,,,,,,,,,,,,,,,,,,,,,,,,,,,,,,,,,,,,,,,,,,,,,,,,,
,,,,,,,,,,,,,,,,,,,,,,,,,,,,,,,,,,,,,,,,,,,,,,,,,,,,,,,,,,,
,,,,,,,,,,,,,,,,,,,,,,,,,,,,,,,,,,,,,,,,,,,,,,,,,,,,,,,,,,,
,,,,,,,,,,,,,,,,,,,,,,,,,,,,,,,,,,,,,,,,,,,,,,,,,,,,,,,,,,,
,,,,,,,,,,,,,,,,,,,,,,,,,,,,,,,,,,,,,,,,,,,,,,,,,,,,,,,,,,,
,,,,,,,,,,,,,,,,,,,,,,,,,,,,,,,,,,,,,,,,,,,,,,,,,,,,,,,,,,,
,,,,,,,,,,,,,,,,,,,,,,,,,,,,,,,,,,,,,,,,,,,,,,,,,,,,,,,,,,,
,,,,,,,,,,,,,,,,,,,,,,,,,,,,,,,,,,,,,,,,,,,,,,,,,,,,,,,,,,,
,,,,,,,,,,,,,,,,,,,,,,,,,,,,,,,,,,,,,,,,,,,,,,,,,,,,,,,,,,,
,,,,,,,,,,,,,,,,,,,,,,,,,,,,,,,,,,,,,,,,,,,,,,,,,,,,,,,,,,,
,,,,,,,,,,,,,,,,,,,,,,,,,,,,,,,,,,,,,,,,,,,,,,,,,,,,,,,,,,,
,,,,,,,,,,,,,,,,,,,,,,,,,,,,,,,,,,,,,,,,,,,,,,,,,,,,,,,,,,,
,,,,,,,,,,,,,,,,,,,,,,,,,,,,,,,,,,,,,,,,,,,,,,,,,,,,,,,,,,,
,,,,,,,,,,,,,,,,,,,,,,,,,,,,,,,,,,,,,,,,,,,,,,,,,,,,,,,,,,,
,,,,,,,,,,,,,,,,,,,,,,,,,,,,,,,,,,,,,,,,,,,,,,,,,,,,,,,,,,,
,,,,,,,,,,,,,,,,,,,,,,,,,,,,,,,,,,,,,,,,,,,,,,,,,,,,,,,,,,,
,,,,,,,,,,,,,,,,,,,,,,,,,,,,,,,,,,,,,,,,,,,,,,,,,,,,,,,,,,,
,,,,,,,,,,,,,,,,,,,,,,,,,,,,,,,,,,,,,,,,,,,,,,,,,,,,,,,,,,,
,,,,,,,,,,,,,,,,,,,,,,,,,,,,,,,,,,,,,,,,,,,,,,,,,,,,,,,,,,,
,,,,,,,,,,,,,,,,,,,,,,,,,,,,,,,,,,,,,,,,,,,,,,,,,,,,,,,,,,,
,,,,,,,,,,,,,,,,,,,,,,,,,,,,,,,,,,,,,,,,,,,,,,,,,,,,,,,,,,,
,,,,,,,,,,,,,,,,,,,,,,,,,,,,,,,,,,,,,,,,,,,,,,,,,,,,,,,,,,,
,,,,,,,,,,,,,,,,,,,,,,,,,,,,,,,,,,,,,,,,,,,,,,,,,,,,,,,,,,,
,,,,,,,,,,,,,,,,,,,,,,,,,,,,,,,,,,,,,,,,,,,,,,,,,,,,,,,,,,,
,,,,,,,,,,,,,,,,,,,,,,,,,,,,,,,,,,,,,,,,,,,,,,,,,,,,,,,,,,,
,,,,,,,,,,,,,,,,,,,,,,,,,,,,,,,,,,,,,,,,,,,,,,,,,,,,,,,,,,,
,,,,,,,,,,,,,,,,,,,,,,,,,,,,,,,,,,,,,,,,,,,,,,,,,,,,,,,,,,,
,,,,,,,,,,,,,,,,,,,,,,,,,,,,,,,,,,,,,,,,,,,,,,,,,,,,,,,,,,,
,,,,,,,,,,,,,,,,,,,,,,,,,,,,,,,,,,,,,,,,,,,,,,,,,,,,,,,,,,,
,,,,,,,,,,,,,,,,,,,,,,,,,,,,,,,,,,,,,,,,,,,,,,,,,,,,,,,,,,,
,,,,,,,,,,,,,,,,,,,,,,,,,,,,,,,,,,,,,,,,,,,,,,,,,,,,,,,,,,,
,,,,,,,,,,,,,,,,,,,,,,,,,,,,,,,,,,,,,,,,,,,,,,,,,,,,,,,,,,,
,,,,,,,,,,,,,,,,,,,,,,,,,,,,,,,,,,,,,,,,,,,,,,,,,,,,,,,,,,,
,,,,,,,,,,,,,,,,,,,,,,,,,,,,,,,,,,,,,,,,,,,,,,,,,,,,,,,,,,,
,,,,,,,,,,,,,,,,,,,,,,,,,,,,,,,,,,,,,,,,,,,,,,,,,,,,,,,,,,,
,,,,,,,,,,,,,,,,,,,,,,,,,,,,,,,,,,,,,,,,,,,,,,,,,,,,,,,,,,,
,,,,,,,,,,,,,,,,,,,,,,,,,,,,,,,,,,,,,,,,,,,,,,,,,,,,,,,,,,,
,,,,,,,,,,,,,,,,,,,,,,,,,,,,,,,,,,,,,,,,,,,,,,,,,,,,,,,,,,,
,,,,,,,,,,,,,,,,,,,,,,,,,,,,,,,,,,,,,,,,,,,,,,,,,,,,,,,,,,,
,,,,,,,,,,,,,,,,,,,,,,,,,,,,,,,,,,,,,,,,,,,,,,,,,,,,,,,,,,,
,,,,,,,,,,,,,,,,,,,,,,,,,,,,,,,,,,,,,,,,,,,,,,,,,,,,,,,,,,,
,,,,,,,,,,,,,,,,,,,,,,,,,,,,,,,,,,,,,,,,,,,,,,,,,,,,,,,,,,,
,,,,,,,,,,,,,,,,,,,,,,,,,,,,,,,,,,,,,,,,,,,,,,,,,,,,,,,,,,,
,,,,,,,,,,,,,,,,,,,,,,,,,,,,,,,,,,,,,,,,,,,,,,,,,,,,,,,,,,,
,,,,,,,,,,,,,,,,,,,,,,,,,,,,,,,,,,,,,,,,,,,,,,,,,,,,,,,,,,,
,,,,,,,,,,,,,,,,,,,,,,,,,,,,,,,,,,,,,,,,,,,,,,,,,,,,,,,,,,,
,,,,,,,,,,,,,,,,,,,,,,,,,,,,,,,,,,,,,,,,,,,,,,,,,,,,,,,,,,,
,,,,,,,,,,,,,,,,,,,,,,,,,,,,,,,,,,,,,,,,,,,,,,,,,,,,,,,,,,,
,,,,,,,,,,,,,,,,,,,,,,,,,,,,,,,,,,,,,,,,,,,,,,,,,,,,,,,,,,,
,,,,,,,,,,,,,,,,,,,,,,,,,,,,,,,,,,,,,,,,,,,,,,,,,,,,,,,,,,,
,,,,,,,,,,,,,,,,,,,,,,,,,,,,,,,,,,,,,,,,,,,,,,,,,,,,,,,,,,,
,,,,,,,,,,,,,,,,,,,,,,,,,,,,,,,,,,,,,,,,,,,,,,,,,,,,,,,,,,,
,,,,,,,,,,,,,,,,,,,,,,,,,,,,,,,,,,,,,,,,,,,,,,,,,,,,,,,,,,,
,,,,,,,,,,,,,,,,,,,,,,,,,,,,,,,,,,,,,,,,,,,,,,,,,,,,,,,,,,,
,,,,,,,,,,,,,,,,,,,,,,,,,,,,,,,,,,,,,,,,,,,,,,,,,,,,,,,,,,,
,,,,,,,,,,,,,,,,,,,,,,,,,,,,,,,,,,,,,,,,,,,,,,,,,,,,,,,,,,,
,,,,,,,,,,,,,,,,,,,,,,,,,,,,,,,,,,,,,,,,,,,,,,,,,,,,,,,,,,,
,,,,,,,,,,,,,,,,,,,,,,,,,,,,,,,,,,,,,,,,,,,,,,,,,,,,,,,,,,,
,,,,,,,,,,,,,,,,,,,,,,,,,,,,,,,,,,,,,,,,,,,,,,,,,,,,,,,,,,,
,,,,,,,,,,,,,,,,,,,,,,,,,,,,,,,,,,,,,,,,,,,,,,,,,,,,,,,,,,,
,,,,,,,,,,,,,,,,,,,,,,,,,,,,,,,,,,,,,,,,,,,,,,,,,,,,,,,,,,,
,,,,,,,,,,,,,,,,,,,,,,,,,,,,,,,,,,,,,,,,,,,,,,,,,,,,,,,,,,,
,,,,,,,,,,,,,,,,,,,,,,,,,,,,,,,,,,,,,,,,,,,,,,,,,,,,,,,,,,,
,,,,,,,,,,,,,,,,,,,,,,,,,,,,,,,,,,,,,,,,,,,,,,,,,,,,,,,,,,,
,,,,,,,,,,,,,,,,,,,,,,,,,,,,,,,,,,,,,,,,,,,,,,,,,,,,,,,,,,,
,,,,,,,,,,,,,,,,,,,,,,,,,,,,,,,,,,,,,,,,,,,,,,,,,,,,,,,,,,,
,,,,,,,,,,,,,,,,,,,,,,,,,,,,,,,,,,,,,,,,,,,,,,,,,,,,,,,,,,,
,,,,,,,,,,,,,,,,,,,,,,,,,,,,,,,,,,,,,,,,,,,,,,,,,,,,,,,,,,,
,,,,,,,,,,,,,,,,,,,,,,,,,,,,,,,,,,,,,,,,,,,,,,,,,,,,,,,,,,,
,,,,,,,,,,,,,,,,,,,,,,,,,,,,,,,,,,,,,,,,,,,,,,,,,,,,,,,,,,,
,,,,,,,,,,,,,,,,,,,,,,,,,,,,,,,,,,,,,,,,,,,,,,,,,,,,,,,,,,,
,,,,,,,,,,,,,,,,,,,,,,,,,,,,,,,,,,,,,,,,,,,,,,,,,,,,,,,,,,,
,,,,,,,,,,,,,,,,,,,,,,,,,,,,,,,,,,,,,,,,,,,,,,,,,,,,,,,,,,,
,,,,,,,,,,,,,,,,,,,,,,,,,,,,,,,,,,,,,,,,,,,,,,,,,,,,,,,,,,,
,,,,,,,,,,,,,,,,,,,,,,,,,,,,,,,,,,,,,,,,,,,,,,,,,,,,,,,,,,,
,,,,,,,,,,,,,,,,,,,,,,,,,,,,,,,,,,,,,,,,,,,,,,,,,,,,,,,,,,,
,,,,,,,,,,,,,,,,,,,,,,,,,,,,,,,,,,,,,,,,,,,,,,,,,,,,,,,,,,,
,,,,,,,,,,,,,,,,,,,,,,,,,,,,,,,,,,,,,,,,,,,,,,,,,,,,,,,,,,,
,,,,,,,,,,,,,,,,,,,,,,,,,,,,,,,,,,,,,,,,,,,,,,,,,,,,,,,,,,,
,,,,,,,,,,,,,,,,,,,,,,,,,,,,,,,,,,,,,,,,,,,,,,,,,,,,,,,,,,,
,,,,,,,,,,,,,,,,,,,,,,,,,,,,,,,,,,,,,,,,,,,,,,,,,,,,,,,,,,,
,,,,,,,,,,,,,,,,,,,,,,,,,,,,,,,,,,,,,,,,,,,,,,,,,,,,,,,,,,,
,,,,,,,,,,,,,,,,,,,,,,,,,,,,,,,,,,,,,,,,,,,,,,,,,,,,,,,,,,,
,,,,,,,,,,,,,,,,,,,,,,,,,,,,,,,,,,,,,,,,,,,,,,,,,,,,,,,,,,,
,,,,,,,,,,,,,,,,,,,,,,,,,,,,,,,,,,,,,,,,,,,,,,,,,,,,,,,,,,,
,,,,,,,,,,,,,,,,,,,,,,,,,,,,,,,,,,,,,,,,,,,,,,,,,,,,,,,,,,,
,,,,,,,,,,,,,,,,,,,,,,,,,,,,,,,,,,,,,,,,,,,,,,,,,,,,,,,,,,,
,,,,,,,,,,,,,,,,,,,,,,,,,,,,,,,,,,,,,,,,,,,,,,,,,,,,,,,,,,,
,,,,,,,,,,,,,,,,,,,,,,,,,,,,,,,,,,,,,,,,,,,,,,,,,,,,,,,,,,,
,,,,,,,,,,,,,,,,,,,,,,,,,,,,,,,,,,,,,,,,,,,,,,,,,,,,,,,,,,,
,,,,,,,,,,,,,,,,,,,,,,,,,,,,,,,,,,,,,,,,,,,,,,,,,,,,,,,,,,,
,,,,,,,,,,,,,,,,,,,,,,,,,,,,,,,,,,,,,,,,,,,,,,,,,,,,,,,,,,,
,,,,,,,,,,,,,,,,,,,,,,,,,,,,,,,,,,,,,,,,,,,,,,,,,,,,,,,,,,,
,,,,,,,,,,,,,,,,,,,,,,,,,,,,,,,,,,,,,,,,,,,,,,,,,,,,,,,,,,,
,,,,,,,,,,,,,,,,,,,,,,,,,,,,,,,,,,,,,,,,,,,,,,,,,,,,,,,,,,,
,,,,,,,,,,,,,,,,,,,,,,,,,,,,,,,,,,,,,,,,,,,,,,,,,,,,,,,,,,,
,,,,,,,,,,,,,,,,,,,,,,,,,,,,,,,,,,,,,,,,,,,,,,,,,,,,,,,,,,,
,,,,,,,,,,,,,,,,,,,,,,,,,,,,,,,,,,,,,,,,,,,,,,,,,,,,,,,,,,,
,,,,,,,,,,,,,,,,,,,,,,,,,,,,,,,,,,,,,,,,,,,,,,,,,,,,,,,,,,,
,,,,,,,,,,,,,,,,,,,,,,,,,,,,,,,,,,,,,,,,,,,,,,,,,,,,,,,,,,,
,,,,,,,,,,,,,,,,,,,,,,,,,,,,,,,,,,,,,,,,,,,,,,,,,,,,,,,,,,,
,,,,,,,,,,,,,,,,,,,,,,,,,,,,,,,,,,,,,,,,,,,,,,,,,,,,,,,,,,,
,,,,,,,,,,,,,,,,,,,,,,,,,,,,,,,,,,,,,,,,,,,,,,,,,,,,,,,,,,,
,,,,,,,,,,,,,,,,,,,,,,,,,,,,,,,,,,,,,,,,,,,,,,,,,,,,,,,,,,,
,,,,,,,,,,,,,,,,,,,,,,,,,,,,,,,,,,,,,,,,,,,,,,,,,,,,,,,,,,,
,,,,,,,,,,,,,,,,,,,,,,,,,,,,,,,,,,,,,,,,,,,,,,,,,,,,,,,,,,,
,,,,,,,,,,,,,,,,,,,,,,,,,,,,,,,,,,,,,,,,,,,,,,,,,,,,,,,,,,,
,,,,,,,,,,,,,,,,,,,,,,,,,,,,,,,,,,,,,,,,,,,,,,,,,,,,,,,,,,,
,,,,,,,,,,,,,,,,,,,,,,,,,,,,,,,,,,,,,,,,,,,,,,,,,,,,,,,,,,,
,,,,,,,,,,,,,,,,,,,,,,,,,,,,,,,,,,,,,,,,,,,,,,,,,,,,,,,,,,,
,,,,,,,,,,,,,,,,,,,,,,,,,,,,,,,,,,,,,,,,,,,,,,,,,,,,,,,,,,,
,,,,,,,,,,,,,,,,,,,,,,,,,,,,,,,,,,,,,,,,,,,,,,,,,,,,,,,,,,,
,,,,,,,,,,,,,,,,,,,,,,,,,,,,,,,,,,,,,,,,,,,,,,,,,,,,,,,,,,,
,,,,,,,,,,,,,,,,,,,,,,,,,,,,,,,,,,,,,,,,,,,,,,,,,,,,,,,,,,,
,,,,,,,,,,,,,,,,,,,,,,,,,,,,,,,,,,,,,,,,,,,,,,,,,,,,,,,,,,,
,,,,,,,,,,,,,,,,,,,,,,,,,,,,,,,,,,,,,,,,,,,,,,,,,,,,,,,,,,,
,,,,,,,,,,,,,,,,,,,,,,,,,,,,,,,,,,,,,,,,,,,,,,,,,,,,,,,,,,,
,,,,,,,,,,,,,,,,,,,,,,,,,,,,,,,,,,,,,,,,,,,,,,,,,,,,,,,,,,,
,,,,,,,,,,,,,,,,,,,,,,,,,,,,,,,,,,,,,,,,,,,,,,,,,,,,,,,,,,,
,,,,,,,,,,,,,,,,,,,,,,,,,,,,,,,,,,,,,,,,,,,,,,,,,,,,,,,,,,,
,,,,,,,,,,,,,,,,,,,,,,,,,,,,,,,,,,,,,,,,,,,,,,,,,,,,,,,,,,,
,,,,,,,,,,,,,,,,,,,,,,,,,,,,,,,,,,,,,,,,,,,,,,,,,,,,,,,,,,,
,,,,,,,,,,,,,,,,,,,,,,,,,,,,,,,,,,,,,,,,,,,,,,,,,,,,,,,,,,,
,,,,,,,,,,,,,,,,,,,,,,,,,,,,,,,,,,,,,,,,,,,,,,,,,,,,,,,,,,,
,,,,,,,,,,,,,,,,,,,,,,,,,,,,,,,,,,,,,,,,,,,,,,,,,,,,,,,,,,,
,,,,,,,,,,,,,,,,,,,,,,,,,,,,,,,,,,,,,,,,,,,,,,,,,,,,,,,,,,,
,,,,,,,,,,,,,,,,,,,,,,,,,,,,,,,,,,,,,,,,,,,,,,,,,,,,,,,,,,,
,,,,,,,,,,,,,,,,,,,,,,,,,,,,,,,,,,,,,,,,,,,,,,,,,,,,,,,,,,,
,,,,,,,,,,,,,,,,,,,,,,,,,,,,,,,,,,,,,,,,,,,,,,,,,,,,,,,,,,,
,,,,,,,,,,,,,,,,,,,,,,,,,,,,,,,,,,,,,,,,,,,,,,,,,,,,,,,,,,,
,,,,,,,,,,,,,,,,,,,,,,,,,,,,,,,,,,,,,,,,,,,,,,,,,,,,,,,,,,,
,,,,,,,,,,,,,,,,,,,,,,,,,,,,,,,,,,,,,,,,,,,,,,,,,,,,,,,,,,,
,,,,,,,,,,,,,,,,,,,,,,,,,,,,,,,,,,,,,,,,,,,,,,,,,,,,,,,,,,,
,,,,,,,,,,,,,,,,,,,,,,,,,,,,,,,,,,,,,,,,,,,,,,,,,,,,,,,,,,,
,,,,,,,,,,,,,,,,,,,,,,,,,,,,,,,,,,,,,,,,,,,,,,,,,,,,,,,,,,,
,,,,,,,,,,,,,,,,,,,,,,,,,,,,,,,,,,,,,,,,,,,,,,,,,,,,,,,,,,,
,,,,,,,,,,,,,,,,,,,,,,,,,,,,,,,,,,,,,,,,,,,,,,,,,,,,,,,,,,,
,,,,,,,,,,,,,,,,,,,,,,,,,,,,,,,,,,,,,,,,,,,,,,,,,,,,,,,,,,,
,,,,,,,,,,,,,,,,,,,,,,,,,,,,,,,,,,,,,,,,,,,,,,,,,,,,,,,,,,,
,,,,,,,,,,,,,,,,,,,,,,,,,,,,,,,,,,,,,,,,,,,,,,,,,,,,,,,,,,,
,,,,,,,,,,,,,,,,,,,,,,,,,,,,,,,,,,,,,,,,,,,,,,,,,,,,,,,,,,,
,,,,,,,,,,,,,,,,,,,,,,,,,,,,,,,,,,,,,,,,,,,,,,,,,,,,,,,,,,,
,,,,,,,,,,,,,,,,,,,,,,,,,,,,,,,,,,,,,,,,,,,,,,,,,,,,,,,,,,,
,,,,,,,,,,,,,,,,,,,,,,,,,,,,,,,,,,,,,,,,,,,,,,,,,,,,,,,,,,,
,,,,,,,,,,,,,,,,,,,,,,,,,,,,,,,,,,,,,,,,,,,,,,,,,,,,,,,,,,,
,,,,,,,,,,,,,,,,,,,,,,,,,,,,,,,,,,,,,,,,,,,,,,,,,,,,,,,,,,,
,,,,,,,,,,,,,,,,,,,,,,,,,,,,,,,,,,,,,,,,,,,,,,,,,,,,,,,,,,,
,,,,,,,,,,,,,,,,,,,,,,,,,,,,,,,,,,,,,,,,,,,,,,,,,,,,,,,,,,,
,,,,,,,,,,,,,,,,,,,,,,,,,,,,,,,,,,,,,,,,,,,,,,,,,,,,,,,,,,,
,,,,,,,,,,,,,,,,,,,,,,,,,,,,,,,,,,,,,,,,,,,,,,,,,,,,,,,,,,,
,,,,,,,,,,,,,,,,,,,,,,,,,,,,,,,,,,,,,,,,,,,,,,,,,,,,,,,,,,,
,,,,,,,,,,,,,,,,,,,,,,,,,,,,,,,,,,,,,,,,,,,,,,,,,,,,,,,,,,,
,,,,,,,,,,,,,,,,,,,,,,,,,,,,,,,,,,,,,,,,,,,,,,,,,,,,,,,,,,,
,,,,,,,,,,,,,,,,,,,,,,,,,,,,,,,,,,,,,,,,,,,,,,,,,,,,,,,,,,,
,,,,,,,,,,,,,,,,,,,,,,,,,,,,,,,,,,,,,,,,,,,,,,,,,,,,,,,,,,,
,,,,,,,,,,,,,,,,,,,,,,,,,,,,,,,,,,,,,,,,,,,,,,,,,,,,,,,,,,,
,,,,,,,,,,,,,,,,,,,,,,,,,,,,,,,,,,,,,,,,,,,,,,,,,,,,,,,,,,,
,,,,,,,,,,,,,,,,,,,,,,,,,,,,,,,,,,,,,,,,,,,,,,,,,,,,,,,,,,,
,,,,,,,,,,,,,,,,,,,,,,,,,,,,,,,,,,,,,,,,,,,,,,,,,,,,,,,,,,,
,,,,,,,,,,,,,,,,,,,,,,,,,,,,,,,,,,,,,,,,,,,,,,,,,,,,,,,,,,,
,,,,,,,,,,,,,,,,,,,,,,,,,,,,,,,,,,,,,,,,,,,,,,,,,,,,,,,,,,,
,,,,,,,,,,,,,,,,,,,,,,,,,,,,,,,,,,,,,,,,,,,,,,,,,,,,,,,,,,,
,,,,,,,,,,,,,,,,,,,,,,,,,,,,,,,,,,,,,,,,,,,,,,,,,,,,,,,,,,,
,,,,,,,,,,,,,,,,,,,,,,,,,,,,,,,,,,,,,,,,,,,,,,,,,,,,,,,,,,,
,,,,,,,,,,,,,,,,,,,,,,,,,,,,,,,,,,,,,,,,,,,,,,,,,,,,,,,,,,,
,,,,,,,,,,,,,,,,,,,,,,,,,,,,,,,,,,,,,,,,,,,,,,,,,,,,,,,,,,,
,,,,,,,,,,,,,,,,,,,,,,,,,,,,,,,,,,,,,,,,,,,,,,,,,,,,,,,,,,,
,,,,,,,,,,,,,,,,,,,,,,,,,,,,,,,,,,,,,,,,,,,,,,,,,,,,,,,,,,,
,,,,,,,,,,,,,,,,,,,,,,,,,,,,,,,,,,,,,,,,,,,,,,,,,,,,,,,,,,,
,,,,,,,,,,,,,,,,,,,,,,,,,,,,,,,,,,,,,,,,,,,,,,,,,,,,,,,,,,,
,,,,,,,,,,,,,,,,,,,,,,,,,,,,,,,,,,,,,,,,,,,,,,,,,,,,,,,,,,,
,,,,,,,,,,,,,,,,,,,,,,,,,,,,,,,,,,,,,,,,,,,,,,,,,,,,,,,,,,,
,,,,,,,,,,,,,,,,,,,,,,,,,,,,,,,,,,,,,,,,,,,,,,,,,,,,,,,,,,,
,,,,,,,,,,,,,,,,,,,,,,,,,,,,,,,,,,,,,,,,,,,,,,,,,,,,,,,,,,,
,,,,,,,,,,,,,,,,,,,,,,,,,,,,,,,,,,,,,,,,,,,,,,,,,,,,,,,,,,,
,,,,,,,,,,,,,,,,,,,,,,,,,,,,,,,,,,,,,,,,,,,,,,,,,,,,,,,,,,,
,,,,,,,,,,,,,,,,,,,,,,,,,,,,,,,,,,,,,,,,,,,,,,,,,,,,,,,,,,,
,,,,,,,,,,,,,,,,,,,,,,,,,,,,,,,,,,,,,,,,,,,,,,,,,,,,,,,,,,,
,,,,,,,,,,,,,,,,,,,,,,,,,,,,,,,,,,,,,,,,,,,,,,,,,,,,,,,,,,,
,,,,,,,,,,,,,,,,,,,,,,,,,,,,,,,,,,,,,,,,,,,,,,,,,,,,,,,,,,,
,,,,,,,,,,,,,,,,,,,,,,,,,,,,,,,,,,,,,,,,,,,,,,,,,,,,,,,,,,,
,,,,,,,,,,,,,,,,,,,,,,,,,,,,,,,,,,,,,,,,,,,,,,,,,,,,,,,,,,,
,,,,,,,,,,,,,,,,,,,,,,,,,,,,,,,,,,,,,,,,,,,,,,,,,,,,,,,,,,,
,,,,,,,,,,,,,,,,,,,,,,,,,,,,,,,,,,,,,,,,,,,,,,,,,,,,,,,,,,,
,,,,,,,,,,,,,,,,,,,,,,,,,,,,,,,,,,,,,,,,,,,,,,,,,,,,,,,,,,,
,,,,,,,,,,,,,,,,,,,,,,,,,,,,,,,,,,,,,,,,,,,,,,,,,,,,,,,,,,,
,,,,,,,,,,,,,,,,,,,,,,,,,,,,,,,,,,,,,,,,,,,,,,,,,,,,,,,,,,,
,,,,,,,,,,,,,,,,,,,,,,,,,,,,,,,,,,,,,,,,,,,,,,,,,,,,,,,,,,,
,,,,,,,,,,,,,,,,,,,,,,,,,,,,,,,,,,,,,,,,,,,,,,,,,,,,,,,,,,,
,,,,,,,,,,,,,,,,,,,,,,,,,,,,,,,,,,,,,,,,,,,,,,,,,,,,,,,,,,,
,,,,,,,,,,,,,,,,,,,,,,,,,,,,,,,,,,,,,,,,,,,,,,,,,,,,,,,,,,,
,,,,,,,,,,,,,,,,,,,,,,,,,,,,,,,,,,,,,,,,,,,,,,,,,,,,,,,,,,,
,,,,,,,,,,,,,,,,,,,,,,,,,,,,,,,,,,,,,,,,,,,,,,,,,,,,,,,,,,,
,,,,,,,,,,,,,,,,,,,,,,,,,,,,,,,,,,,,,,,,,,,,,,,,,,,,,,,,,,,
,,,,,,,,,,,,,,,,,,,,,,,,,,,,,,,,,,,,,,,,,,,,,,,,,,,,,,,,,,,
,,,,,,,,,,,,,,,,,,,,,,,,,,,,,,,,,,,,,,,,,,,,,,,,,,,,,,,,,,,
,,,,,,,,,,,,,,,,,,,,,,,,,,,,,,,,,,,,,,,,,,,,,,,,,,,,,,,,,,,
,,,,,,,,,,,,,,,,,,,,,,,,,,,,,,,,,,,,,,,,,,,,,,,,,,,,,,,,,,,
,,,,,,,,,,,,,,,,,,,,,,,,,,,,,,,,,,,,,,,,,,,,,,,,,,,,,,,,,,,
,,,,,,,,,,,,,,,,,,,,,,,,,,,,,,,,,,,,,,,,,,,,,,,,,,,,,,,,,,,
,,,,,,,,,,,,,,,,,,,,,,,,,,,,,,,,,,,,,,,,,,,,,,,,,,,,,,,,,,,
,,,,,,,,,,,,,,,,,,,,,,,,,,,,,,,,,,,,,,,,,,,,,,,,,,,,,,,,,,,
,,,,,,,,,,,,,,,,,,,,,,,,,,,,,,,,,,,,,,,,,,,,,,,,,,,,,,,,,,,
,,,,,,,,,,,,,,,,,,,,,,,,,,,,,,,,,,,,,,,,,,,,,,,,,,,,,,,,,,,
,,,,,,,,,,,,,,,,,,,,,,,,,,,,,,,,,,,,,,,,,,,,,,,,,,,,,,,,,,,
,,,,,,,,,,,,,,,,,,,,,,,,,,,,,,,,,,,,,,,,,,,,,,,,,,,,,,,,,,,
,,,,,,,,,,,,,,,,,,,,,,,,,,,,,,,,,,,,,,,,,,,,,,,,,,,,,,,,,,,
,,,,,,,,,,,,,,,,,,,,,,,,,,,,,,,,,,,,,,,,,,,,,,,,,,,,,,,,,,,
,,,,,,,,,,,,,,,,,,,,,,,,,,,,,,,,,,,,,,,,,,,,,,,,,,,,,,,,,,,
,,,,,,,,,,,,,,,,,,,,,,,,,,,,,,,,,,,,,,,,,,,,,,,,,,,,,,,,,,,
,,,,,,,,,,,,,,,,,,,,,,,,,,,,,,,,,,,,,,,,,,,,,,,,,,,,,,,,,,,
,,,,,,,,,,,,,,,,,,,,,,,,,,,,,,,,,,,,,,,,,,,,,,,,,,,,,,,,,,,
,,,,,,,,,,,,,,,,,,,,,,,,,,,,,,,,,,,,,,,,,,,,,,,,,,,,,,,,,,,
,,,,,,,,,,,,,,,,,,,,,,,,,,,,,,,,,,,,,,,,,,,,,,,,,,,,,,,,,,,
,,,,,,,,,,,,,,,,,,,,,,,,,,,,,,,,,,,,,,,,,,,,,,,,,,,,,,,,,,,
,,,,,,,,,,,,,,,,,,,,,,,,,,,,,,,,,,,,,,,,,,,,,,,,,,,,,,,,,,,
,,,,,,,,,,,,,,,,,,,,,,,,,,,,,,,,,,,,,,,,,,,,,,,,,,,,,,,,,,,
,,,,,,,,,,,,,,,,,,,,,,,,,,,,,,,,,,,,,,,,,,,,,,,,,,,,,,,,,,,
,,,,,,,,,,,,,,,,,,,,,,,,,,,,,,,,,,,,,,,,,,,,,,,,,,,,,,,,,,,
,,,,,,,,,,,,,,,,,,,,,,,,,,,,,,,,,,,,,,,,,,,,,,,,,,,,,,,,,,,
,,,,,,,,,,,,,,,,,,,,,,,,,,,,,,,,,,,,,,,,,,,,,,,,,,,,,,,,,,,
,,,,,,,,,,,,,,,,,,,,,,,,,,,,,,,,,,,,,,,,,,,,,,,,,,,,,,,,,,,
,,,,,,,,,,,,,,,,,,,,,,,,,,,,,,,,,,,,,,,,,,,,,,,,,,,,,,,,,,,
,,,,,,,,,,,,,,,,,,,,,,,,,,,,,,,,,,,,,,,,,,,,,,,,,,,,,,,,,,,
,,,,,,,,,,,,,,,,,,,,,,,,,,,,,,,,,,,,,,,,,,,,,,,,,,,,,,,,,,,
,,,,,,,,,,,,,,,,,,,,,,,,,,,,,,,,,,,,,,,,,,,,,,,,,,,,,,,,,,,
,,,,,,,,,,,,,,,,,,,,,,,,,,,,,,,,,,,,,,,,,,,,,,,,,,,,,,,,,,,
,,,,,,,,,,,,,,,,,,,,,,,,,,,,,,,,,,,,,,,,,,,,,,,,,,,,,,,,,,,
,,,,,,,,,,,,,,,,,,,,,,,,,,,,,,,,,,,,,,,,,,,,,,,,,,,,,,,,,,,
,,,,,,,,,,,,,,,,,,,,,,,,,,,,,,,,,,,,,,,,,,,,,,,,,,,,,,,,,,,
,,,,,,,,,,,,,,,,,,,,,,,,,,,,,,,,,,,,,,,,,,,,,,,,,,,,,,,,,,,
,,,,,,,,,,,,,,,,,,,,,,,,,,,,,,,,,,,,,,,,,,,,,,,,,,,,,,,,,,,
,,,,,,,,,,,,,,,,,,,,,,,,,,,,,,,,,,,,,,,,,,,,,,,,,,,,,,,,,,,
,,,,,,,,,,,,,,,,,,,,,,,,,,,,,,,,,,,,,,,,,,,,,,,,,,,,,,,,,,,
,,,,,,,,,,,,,,,,,,,,,,,,,,,,,,,,,,,,,,,,,,,,,,,,,,,,,,,,,,,
,,,,,,,,,,,,,,,,,,,,,,,,,,,,,,,,,,,,,,,,,,,,,,,,,,,,,,,,,,,
,,,,,,,,,,,,,,,,,,,,,,,,,,,,,,,,,,,,,,,,,,,,,,,,,,,,,,,,,,,
,,,,,,,,,,,,,,,,,,,,,,,,,,,,,,,,,,,,,,,,,,,,,,,,,,,,,,,,,,,
,,,,,,,,,,,,,,,,,,,,,,,,,,,,,,,,,,,,,,,,,,,,,,,,,,,,,,,,,,,
,,,,,,,,,,,,,,,,,,,,,,,,,,,,,,,,,,,,,,,,,,,,,,,,,,,,,,,,,,,
,,,,,,,,,,,,,,,,,,,,,,,,,,,,,,,,,,,,,,,,,,,,,,,,,,,,,,,,,,,
,,,,,,,,,,,,,,,,,,,,,,,,,,,,,,,,,,,,,,,,,,,,,,,,,,,,,,,,,,,
,,,,,,,,,,,,,,,,,,,,,,,,,,,,,,,,,,,,,,,,,,,,,,,,,,,,,,,,,,,
,,,,,,,,,,,,,,,,,,,,,,,,,,,,,,,,,,,,,,,,,,,,,,,,,,,,,,,,,,,
,,,,,,,,,,,,,,,,,,,,,,,,,,,,,,,,,,,,,,,,,,,,,,,,,,,,,,,,,,,
,,,,,,,,,,,,,,,,,,,,,,,,,,,,,,,,,,,,,,,,,,,,,,,,,,,,,,,,,,,
,,,,,,,,,,,,,,,,,,,,,,,,,,,,,,,,,,,,,,,,,,,,,,,,,,,,,,,,,,,
,,,,,,,,,,,,,,,,,,,,,,,,,,,,,,,,,,,,,,,,,,,,,,,,,,,,,,,,,,,
,,,,,,,,,,,,,,,,,,,,,,,,,,,,,,,,,,,,,,,,,,,,,,,,,,,,,,,,,,,
,,,,,,,,,,,,,,,,,,,,,,,,,,,,,,,,,,,,,,,,,,,,,,,,,,,,,,,,,,,
,,,,,,,,,,,,,,,,,,,,,,,,,,,,,,,,,,,,,,,,,,,,,,,,,,,,,,,,,,,
,,,,,,,,,,,,,,,,,,,,,,,,,,,,,,,,,,,,,,,,,,,,,,,,,,,,,,,,,,,
,,,,,,,,,,,,,,,,,,,,,,,,,,,,,,,,,,,,,,,,,,,,,,,,,,,,,,,,,,,
,,,,,,,,,,,,,,,,,,,,,,,,,,,,,,,,,,,,,,,,,,,,,,,,,,,,,,,,,,,
,,,,,,,,,,,,,,,,,,,,,,,,,,,,,,,,,,,,,,,,,,,,,,,,,,,,,,,,,,,
,,,,,,,,,,,,,,,,,,,,,,,,,,,,,,,,,,,,,,,,,,,,,,,,,,,,,,,,,,,
,,,,,,,,,,,,,,,,,,,,,,,,,,,,,,,,,,,,,,,,,,,,,,,,,,,,,,,,,,,
,,,,,,,,,,,,,,,,,,,,,,,,,,,,,,,,,,,,,,,,,,,,,,,,,,,,,,,,,,,
,,,,,,,,,,,,,,,,,,,,,,,,,,,,,,,,,,,,,,,,,,,,,,,,,,,,,,,,,,,
,,,,,,,,,,,,,,,,,,,,,,,,,,,,,,,,,,,,,,,,,,,,,,,,,,,,,,,,,,,
,,,,,,,,,,,,,,,,,,,,,,,,,,,,,,,,,,,,,,,,,,,,,,,,,,,,,,,,,,,
,,,,,,,,,,,,,,,,,,,,,,,,,,,,,,,,,,,,,,,,,,,,,,,,,,,,,,,,,,,
,,,,,,,,,,,,,,,,,,,,,,,,,,,,,,,,,,,,,,,,,,,,,,,,,,,,,,,,,,,
,,,,,,,,,,,,,,,,,,,,,,,,,,,,,,,,,,,,,,,,,,,,,,,,,,,,,,,,,,,
,,,,,,,,,,,,,,,,,,,,,,,,,,,,,,,,,,,,,,,,,,,,,,,,,,,,,,,,,,,
,,,,,,,,,,,,,,,,,,,,,,,,,,,,,,,,,,,,,,,,,,,,,,,,,,,,,,,,,,,
,,,,,,,,,,,,,,,,,,,,,,,,,,,,,,,,,,,,,,,,,,,,,,,,,,,,,,,,,,,
,,,,,,,,,,,,,,,,,,,,,,,,,,,,,,,,,,,,,,,,,,,,,,,,,,,,,,,,,,,
,,,,,,,,,,,,,,,,,,,,,,,,,,,,,,,,,,,,,,,,,,,,,,,,,,,,,,,,,,,
,,,,,,,,,,,,,,,,,,,,,,,,,,,,,,,,,,,,,,,,,,,,,,,,,,,,,,,,,,,
,,,,,,,,,,,,,,,,,,,,,,,,,,,,,,,,,,,,,,,,,,,,,,,,,,,,,,,,,,,
,,,,,,,,,,,,,,,,,,,,,,,,,,,,,,,,,,,,,,,,,,,,,,,,,,,,,,,,,,,
,,,,,,,,,,,,,,,,,,,,,,,,,,,,,,,,,,,,,,,,,,,,,,,,,,,,,,,,,,,
,,,,,,,,,,,,,,,,,,,,,,,,,,,,,,,,,,,,,,,,,,,,,,,,,,,,,,,,,,,
,,,,,,,,,,,,,,,,,,,,,,,,,,,,,,,,,,,,,,,,,,,,,,,,,,,,,,,,,,,
,,,,,,,,,,,,,,,,,,,,,,,,,,,,,,,,,,,,,,,,,,,,,,,,,,,,,,,,,,,
,,,,,,,,,,,,,,,,,,,,,,,,,,,,,,,,,,,,,,,,,,,,,,,,,,,,,,,,,,,
,,,,,,,,,,,,,,,,,,,,,,,,,,,,,,,,,,,,,,,,,,,,,,,,,,,,,,,,,,,
,,,,,,,,,,,,,,,,,,,,,,,,,,,,,,,,,,,,,,,,,,,,,,,,,,,,,,,,,,,
,,,,,,,,,,,,,,,,,,,,,,,,,,,,,,,,,,,,,,,,,,,,,,,,,,,,,,,,,,,
,,,,,,,,,,,,,,,,,,,,,,,,,,,,,,,,,,,,,,,,,,,,,,,,,,,,,,,,,,,
,,,,,,,,,,,,,,,,,,,,,,,,,,,,,,,,,,,,,,,,,,,,,,,,,,,,,,,,,,,
,,,,,,,,,,,,,,,,,,,,,,,,,,,,,,,,,,,,,,,,,,,,,,,,,,,,,,,,,,,
,,,,,,,,,,,,,,,,,,,,,,,,,,,,,,,,,,,,,,,,,,,,,,,,,,,,,,,,,,,
,,,,,,,,,,,,,,,,,,,,,,,,,,,,,,,,,,,,,,,,,,,,,,,,,,,,,,,,,,,
,,,,,,,,,,,,,,,,,,,,,,,,,,,,,,,,,,,,,,,,,,,,,,,,,,,,,,,,,,,
,,,,,,,,,,,,,,,,,,,,,,,,,,,,,,,,,,,,,,,,,,,,,,,,,,,,,,,,,,,
,,,,,,,,,,,,,,,,,,,,,,,,,,,,,,,,,,,,,,,,,,,,,,,,,,,,,,,,,,,
,,,,,,,,,,,,,,,,,,,,,,,,,,,,,,,,,,,,,,,,,,,,,,,,,,,,,,,,,,,
,,,,,,,,,,,,,,,,,,,,,,,,,,,,,,,,,,,,,,,,,,,,,,,,,,,,,,,,,,,
,,,,,,,,,,,,,,,,,,,,,,,,,,,,,,,,,,,,,,,,,,,,,,,,,,,,,,,,,,,
,,,,,,,,,,,,,,,,,,,,,,,,,,,,,,,,,,,,,,,,,,,,,,,,,,,,,,,,,,,
,,,,,,,,,,,,,,,,,,,,,,,,,,,,,,,,,,,,,,,,,,,,,,,,,,,,,,,,,,,
,,,,,,,,,,,,,,,,,,,,,,,,,,,,,,,,,,,,,,,,,,,,,,,,,,,,,,,,,,,
,,,,,,,,,,,,,,,,,,,,,,,,,,,,,,,,,,,,,,,,,,,,,,,,,,,,,,,,,,,
,,,,,,,,,,,,,,,,,,,,,,,,,,,,,,,,,,,,,,,,,,,,,,,,,,,,,,,,,,,
,,,,,,,,,,,,,,,,,,,,,,,,,,,,,,,,,,,,,,,,,,,,,,,,,,,,,,,,,,,
,,,,,,,,,,,,,,,,,,,,,,,,,,,,,,,,,,,,,,,,,,,,,,,,,,,,,,,,,,,
,,,,,,,,,,,,,,,,,,,,,,,,,,,,,,,,,,,,,,,,,,,,,,,,,,,,,,,,,,,
,,,,,,,,,,,,,,,,,,,,,,,,,,,,,,,,,,,,,,,,,,,,,,,,,,,,,,,,,,,
,,,,,,,,,,,,,,,,,,,,,,,,,,,,,,,,,,,,,,,,,,,,,,,,,,,,,,,,,,,
,,,,,,,,,,,,,,,,,,,,,,,,,,,,,,,,,,,,,,,,,,,,,,,,,,,,,,,,,,,
,,,,,,,,,,,,,,,,,,,,,,,,,,,,,,,,,,,,,,,,,,,,,,,,,,,,,,,,,,,
,,,,,,,,,,,,,,,,,,,,,,,,,,,,,,,,,,,,,,,,,,,,,,,,,,,,,,,,,,,
,,,,,,,,,,,,,,,,,,,,,,,,,,,,,,,,,,,,,,,,,,,,,,,,,,,,,,,,,,,
,,,,,,,,,,,,,,,,,,,,,,,,,,,,,,,,,,,,,,,,,,,,,,,,,,,,,,,,,,,
,,,,,,,,,,,,,,,,,,,,,,,,,,,,,,,,,,,,,,,,,,,,,,,,,,,,,,,,,,,
,,,,,,,,,,,,,,,,,,,,,,,,,,,,,,,,,,,,,,,,,,,,,,,,,,,,,,,,,,,
,,,,,,,,,,,,,,,,,,,,,,,,,,,,,,,,,,,,,,,,,,,,,,,,,,,,,,,,,,,
,,,,,,,,,,,,,,,,,,,,,,,,,,,,,,,,,,,,,,,,,,,,,,,,,,,,,,,,,,,
,,,,,,,,,,,,,,,,,,,,,,,,,,,,,,,,,,,,,,,,,,,,,,,,,,,,,,,,,,,
,,,,,,,,,,,,,,,,,,,,,,,,,,,,,,,,,,,,,,,,,,,,,,,,,,,,,,,,,,,
,,,,,,,,,,,,,,,,,,,,,,,,,,,,,,,,,,,,,,,,,,,,,,,,,,,,,,,,,,,
,,,,,,,,,,,,,,,,,,,,,,,,,,,,,,,,,,,,,,,,,,,,,,,,,,,,,,,,,,,
,,,,,,,,,,,,,,,,,,,,,,,,,,,,,,,,,,,,,,,,,,,,,,,,,,,,,,,,,,,
,,,,,,,,,,,,,,,,,,,,,,,,,,,,,,,,,,,,,,,,,,,,,,,,,,,,,,,,,,,
,,,,,,,,,,,,,,,,,,,,,,,,,,,,,,,,,,,,,,,,,,,,,,,,,,,,,,,,,,,
,,,,,,,,,,,,,,,,,,,,,,,,,,,,,,,,,,,,,,,,,,,,,,,,,,,,,,,,,,,
,,,,,,,,,,,,,,,,,,,,,,,,,,,,,,,,,,,,,,,,,,,,,,,,,,,,,,,,,,,
,,,,,,,,,,,,,,,,,,,,,,,,,,,,,,,,,,,,,,,,,,,,,,,,,,,,,,,,,,,
,,,,,,,,,,,,,,,,,,,,,,,,,,,,,,,,,,,,,,,,,,,,,,,,,,,,,,,,,,,
,,,,,,,,,,,,,,,,,,,,,,,,,,,,,,,,,,,,,,,,,,,,,,,,,,,,,,,,,,,
,,,,,,,,,,,,,,,,,,,,,,,,,,,,,,,,,,,,,,,,,,,,,,,,,,,,,,,,,,,
,,,,,,,,,,,,,,,,,,,,,,,,,,,,,,,,,,,,,,,,,,,,,,,,,,,,,,,,,,,
,,,,,,,,,,,,,,,,,,,,,,,,,,,,,,,,,,,,,,,,,,,,,,,,,,,,,,,,,,,
,,,,,,,,,,,,,,,,,,,,,,,,,,,,,,,,,,,,,,,,,,,,,,,,,,,,,,,,,,,
,,,,,,,,,,,,,,,,,,,,,,,,,,,,,,,,,,,,,,,,,,,,,,,,,,,,,,,,,,,
,,,,,,,,,,,,,,,,,,,,,,,,,,,,,,,,,,,,,,,,,,,,,,,,,,,,,,,,,,,
,,,,,,,,,,,,,,,,,,,,,,,,,,,,,,,,,,,,,,,,,,,,,,,,,,,,,,,,,,,
,,,,,,,,,,,,,,,,,,,,,,,,,,,,,,,,,,,,,,,,,,,,,,,,,,,,,,,,,,,
,,,,,,,,,,,,,,,,,,,,,,,,,,,,,,,,,,,,,,,,,,,,,,,,,,,,,,,,,,,
,,,,,,,,,,,,,,,,,,,,,,,,,,,,,,,,,,,,,,,,,,,,,,,,,,,,,,,,,,,
,,,,,,,,,,,,,,,,,,,,,,,,,,,,,,,,,,,,,,,,,,,,,,,,,,,,,,,,,,,
,,,,,,,,,,,,,,,,,,,,,,,,,,,,,,,,,,,,,,,,,,,,,,,,,,,,,,,,,,,
,,,,,,,,,,,,,,,,,,,,,,,,,,,,,,,,,,,,,,,,,,,,,,,,,,,,,,,,,,,
,,,,,,,,,,,,,,,,,,,,,,,,,,,,,,,,,,,,,,,,,,,,,,,,,,,,,,,,,,,
,,,,,,,,,,,,,,,,,,,,,,,,,,,,,,,,,,,,,,,,,,,,,,,,,,,,,,,,,,,
,,,,,,,,,,,,,,,,,,,,,,,,,,,,,,,,,,,,,,,,,,,,,,,,,,,,,,,,,,,
,,,,,,,,,,,,,,,,,,,,,,,,,,,,,,,,,,,,,,,,,,,,,,,,,,,,,,,,,,,
,,,,,,,,,,,,,,,,,,,,,,,,,,,,,,,,,,,,,,,,,,,,,,,,,,,,,,,,,,,
,,,,,,,,,,,,,,,,,,,,,,,,,,,,,,,,,,,,,,,,,,,,,,,,,,,,,,,,,,,
,,,,,,,,,,,,,,,,,,,,,,,,,,,,,,,,,,,,,,,,,,,,,,,,,,,,,,,,,,,
,,,,,,,,,,,,,,,,,,,,,,,,,,,,,,,,,,,,,,,,,,,,,,,,,,,,,,,,,,,
,,,,,,,,,,,,,,,,,,,,,,,,,,,,,,,,,,,,,,,,,,,,,,,,,,,,,,,,,,,
,,,,,,,,,,,,,,,,,,,,,,,,,,,,,,,,,,,,,,,,,,,,,,,,,,,,,,,,,,,
,,,,,,,,,,,,,,,,,,,,,,,,,,,,,,,,,,,,,,,,,,,,,,,,,,,,,,,,,,,
,,,,,,,,,,,,,,,,,,,,,,,,,,,,,,,,,,,,,,,,,,,,,,,,,,,,,,,,,,,
,,,,,,,,,,,,,,,,,,,,,,,,,,,,,,,,,,,,,,,,,,,,,,,,,,,,,,,,,,,
,,,,,,,,,,,,,,,,,,,,,,,,,,,,,,,,,,,,,,,,,,,,,,,,,,,,,,,,,,,
,,,,,,,,,,,,,,,,,,,,,,,,,,,,,,,,,,,,,,,,,,,,,,,,,,,,,,,,,,,
,,,,,,,,,,,,,,,,,,,,,,,,,,,,,,,,,,,,,,,,,,,,,,,,,,,,,,,,,,,
,,,,,,,,,,,,,,,,,,,,,,,,,,,,,,,,,,,,,,,,,,,,,,,,,,,,,,,,,,,
,,,,,,,,,,,,,,,,,,,,,,,,,,,,,,,,,,,,,,,,,,,,,,,,,,,,,,,,,,,
,,,,,,,,,,,,,,,,,,,,,,,,,,,,,,,,,,,,,,,,,,,,,,,,,,,,,,,,,,,
,,,,,,,,,,,,,,,,,,,,,,,,,,,,,,,,,,,,,,,,,,,,,,,,,,,,,,,,,,,
,,,,,,,,,,,,,,,,,,,,,,,,,,,,,,,,,,,,,,,,,,,,,,,,,,,,,,,,,,,
,,,,,,,,,,,,,,,,,,,,,,,,,,,,,,,,,,,,,,,,,,,,,,,,,,,,,,,,,,,
,,,,,,,,,,,,,,,,,,,,,,,,,,,,,,,,,,,,,,,,,,,,,,,,,,,,,,,,,,,
,,,,,,,,,,,,,,,,,,,,,,,,,,,,,,,,,,,,,,,,,,,,,,,,,,,,,,,,,,,
,,,,,,,,,,,,,,,,,,,,,,,,,,,,,,,,,,,,,,,,,,,,,,,,,,,,,,,,,,,
,,,,,,,,,,,,,,,,,,,,,,,,,,,,,,,,,,,,,,,,,,,,,,,,,,,,,,,,,,,
,,,,,,,,,,,,,,,,,,,,,,,,,,,,,,,,,,,,,,,,,,,,,,,,,,,,,,,,,,,
,,,,,,,,,,,,,,,,,,,,,,,,,,,,,,,,,,,,,,,,,,,,,,,,,,,,,,,,,,,
,,,,,,,,,,,,,,,,,,,,,,,,,,,,,,,,,,,,,,,,,,,,,,,,,,,,,,,,,,,
,,,,,,,,,,,,,,,,,,,,,,,,,,,,,,,,,,,,,,,,,,,,,,,,,,,,,,,,,,,
,,,,,,,,,,,,,,,,,,,,,,,,,,,,,,,,,,,,,,,,,,,,,,,,,,,,,,,,,,,
,,,,,,,,,,,,,,,,,,,,,,,,,,,,,,,,,,,,,,,,,,,,,,,,,,,,,,,,,,,
,,,,,,,,,,,,,,,,,,,,,,,,,,,,,,,,,,,,,,,,,,,,,,,,,,,,,,,,,,,
,,,,,,,,,,,,,,,,,,,,,,,,,,,,,,,,,,,,,,,,,,,,,,,,,,,,,,,,,,,
,,,,,,,,,,,,,,,,,,,,,,,,,,,,,,,,,,,,,,,,,,,,,,,,,,,,,,,,,,,
,,,,,,,,,,,,,,,,,,,,,,,,,,,,,,,,,,,,,,,,,,,,,,,,,,,,,,,,,,,
,,,,,,,,,,,,,,,,,,,,,,,,,,,,,,,,,,,,,,,,,,,,,,,,,,,,,,,,,,,
,,,,,,,,,,,,,,,,,,,,,,,,,,,,,,,,,,,,,,,,,,,,,,,,,,,,,,,,,,,
,,,,,,,,,,,,,,,,,,,,,,,,,,,,,,,,,,,,,,,,,,,,,,,,,,,,,,,,,,,
,,,,,,,,,,,,,,,,,,,,,,,,,,,,,,,,,,,,,,,,,,,,,,,,,,,,,,,,,,,
,,,,,,,,,,,,,,,,,,,,,,,,,,,,,,,,,,,,,,,,,,,,,,,,,,,,,,,,,,,
,,,,,,,,,,,,,,,,,,,,,,,,,,,,,,,,,,,,,,,,,,,,,,,,,,,,,,,,,,,
,,,,,,,,,,,,,,,,,,,,,,,,,,,,,,,,,,,,,,,,,,,,,,,,,,,,,,,,,,,
,,,,,,,,,,,,,,,,,,,,,,,,,,,,,,,,,,,,,,,,,,,,,,,,,,,,,,,,,,,
,,,,,,,,,,,,,,,,,,,,,,,,,,,,,,,,,,,,,,,,,,,,,,,,,,,,,,,,,,,
,,,,,,,,,,,,,,,,,,,,,,,,,,,,,,,,,,,,,,,,,,,,,,,,,,,,,,,,,,,
,,,,,,,,,,,,,,,,,,,,,,,,,,,,,,,,,,,,,,,,,,,,,,,,,,,,,,,,,,,
,,,,,,,,,,,,,,,,,,,,,,,,,,,,,,,,,,,,,,,,,,,,,,,,,,,,,,,,,,,
,,,,,,,,,,,,,,,,,,,,,,,,,,,,,,,,,,,,,,,,,,,,,,,,,,,,,,,,,,,
,,,,,,,,,,,,,,,,,,,,,,,,,,,,,,,,,,,,,,,,,,,,,,,,,,,,,,,,,,,
,,,,,,,,,,,,,,,,,,,,,,,,,,,,,,,,,,,,,,,,,,,,,,,,,,,,,,,,,,,
,,,,,,,,,,,,,,,,,,,,,,,,,,,,,,,,,,,,,,,,,,,,,,,,,,,,,,,,,,,
,,,,,,,,,,,,,,,,,,,,,,,,,,,,,,,,,,,,,,,,,,,,,,,,,,,,,,,,,,,
,,,,,,,,,,,,,,,,,,,,,,,,,,,,,,,,,,,,,,,,,,,,,,,,,,,,,,,,,,,
,,,,,,,,,,,,,,,,,,,,,,,,,,,,,,,,,,,,,,,,,,,,,,,,,,,,,,,,,,,
,,,,,,,,,,,,,,,,,,,,,,,,,,,,,,,,,,,,,,,,,,,,,,,,,,,,,,,,,,,
,,,,,,,,,,,,,,,,,,,,,,,,,,,,,,,,,,,,,,,,,,,,,,,,,,,,,,,,,,,
,,,,,,,,,,,,,,,,,,,,,,,,,,,,,,,,,,,,,,,,,,,,,,,,,,,,,,,,,,,
,,,,,,,,,,,,,,,,,,,,,,,,,,,,,,,,,,,,,,,,,,,,,,,,,,,,,,,,,,,
,,,,,,,,,,,,,,,,,,,,,,,,,,,,,,,,,,,,,,,,,,,,,,,,,,,,,,,,,,,
,,,,,,,,,,,,,,,,,,,,,,,,,,,,,,,,,,,,,,,,,,,,,,,,,,,,,,,,,,,
,,,,,,,,,,,,,,,,,,,,,,,,,,,,,,,,,,,,,,,,,,,,,,,,,,,,,,,,,,,
,,,,,,,,,,,,,,,,,,,,,,,,,,,,,,,,,,,,,,,,,,,,,,,,,,,,,,,,,,,
,,,,,,,,,,,,,,,,,,,,,,,,,,,,,,,,,,,,,,,,,,,,,,,,,,,,,,,,,,,
,,,,,,,,,,,,,,,,,,,,,,,,,,,,,,,,,,,,,,,,,,,,,,,,,,,,,,,,,,,
,,,,,,,,,,,,,,,,,,,,,,,,,,,,,,,,,,,,,,,,,,,,,,,,,,,,,,,,,,,
,,,,,,,,,,,,,,,,,,,,,,,,,,,,,,,,,,,,,,,,,,,,,,,,,,,,,,,,,,,
,,,,,,,,,,,,,,,,,,,,,,,,,,,,,,,,,,,,,,,,,,,,,,,,,,,,,,,,,,,
,,,,,,,,,,,,,,,,,,,,,,,,,,,,,,,,,,,,,,,,,,,,,,,,,,,,,,,,,,,
,,,,,,,,,,,,,,,,,,,,,,,,,,,,,,,,,,,,,,,,,,,,,,,,,,,,,,,,,,,
,,,,,,,,,,,,,,,,,,,,,,,,,,,,,,,,,,,,,,,,,,,,,,,,,,,,,,,,,,,
,,,,,,,,,,,,,,,,,,,,,,,,,,,,,,,,,,,,,,,,,,,,,,,,,,,,,,,,,,,
,,,,,,,,,,,,,,,,,,,,,,,,,,,,,,,,,,,,,,,,,,,,,,,,,,,,,,,,,,,
,,,,,,,,,,,,,,,,,,,,,,,,,,,,,,,,,,,,,,,,,,,,,,,,,,,,,,,,,,,
,,,,,,,,,,,,,,,,,,,,,,,,,,,,,,,,,,,,,,,,,,,,,,,,,,,,,,,,,,,
,,,,,,,,,,,,,,,,,,,,,,,,,,,,,,,,,,,,,,,,,,,,,,,,,,,,,,,,,,,
,,,,,,,,,,,,,,,,,,,,,,,,,,,,,,,,,,,,,,,,,,,,,,,,,,,,,,,,,,,
,,,,,,,,,,,,,,,,,,,,,,,,,,,,,,,,,,,,,,,,,,,,,,,,,,,,,,,,,,,
,,,,,,,,,,,,,,,,,,,,,,,,,,,,,,,,,,,,,,,,,,,,,,,,,,,,,,,,,,,
,,,,,,,,,,,,,,,,,,,,,,,,,,,,,,,,,,,,,,,,,,,,,,,,,,,,,,,,,,,
,,,,,,,,,,,,,,,,,,,,,,,,,,,,,,,,,,,,,,,,,,,,,,,,,,,,,,,,,,,
,,,,,,,,,,,,,,,,,,,,,,,,,,,,,,,,,,,,,,,,,,,,,,,,,,,,,,,,,,,
,,,,,,,,,,,,,,,,,,,,,,,,,,,,,,,,,,,,,,,,,,,,,,,,,,,,,,,,,,,
,,,,,,,,,,,,,,,,,,,,,,,,,,,,,,,,,,,,,,,,,,,,,,,,,,,,,,,,,,,
,,,,,,,,,,,,,,,,,,,,,,,,,,,,,,,,,,,,,,,,,,,,,,,,,,,,,,,,,,,
,,,,,,,,,,,,,,,,,,,,,,,,,,,,,,,,,,,,,,,,,,,,,,,,,,,,,,,,,,,
,,,,,,,,,,,,,,,,,,,,,,,,,,,,,,,,,,,,,,,,,,,,,,,,,,,,,,,,,,,
,,,,,,,,,,,,,,,,,,,,,,,,,,,,,,,,,,,,,,,,,,,,,,,,,,,,,,,,,,,
,,,,,,,,,,,,,,,,,,,,,,,,,,,,,,,,,,,,,,,,,,,,,,,,,,,,,,,,,,,
,,,,,,,,,,,,,,,,,,,,,,,,,,,,,,,,,,,,,,,,,,,,,,,,,,,,,,,,,,,
,,,,,,,,,,,,,,,,,,,,,,,,,,,,,,,,,,,,,,,,,,,,,,,,,,,,,,,,,,,
,,,,,,,,,,,,,,,,,,,,,,,,,,,,,,,,,,,,,,,,,,,,,,,,,,,,,,,,,,,
,,,,,,,,,,,,,,,,,,,,,,,,,,,,,,,,,,,,,,,,,,,,,,,,,,,,,,,,,,,
,,,,,,,,,,,,,,,,,,,,,,,,,,,,,,,,,,,,,,,,,,,,,,,,,,,,,,,,,,,
,,,,,,,,,,,,,,,,,,,,,,,,,,,,,,,,,,,,,,,,,,,,,,,,,,,,,,,,,,,
,,,,,,,,,,,,,,,,,,,,,,,,,,,,,,,,,,,,,,,,,,,,,,,,,,,,,,,,,,,
,,,,,,,,,,,,,,,,,,,,,,,,,,,,,,,,,,,,,,,,,,,,,,,,,,,,,,,,,,,
,,,,,,,,,,,,,,,,,,,,,,,,,,,,,,,,,,,,,,,,,,,,,,,,,,,,,,,,,,,
,,,,,,,,,,,,,,,,,,,,,,,,,,,,,,,,,,,,,,,,,,,,,,,,,,,,,,,,,,,
,,,,,,,,,,,,,,,,,,,,,,,,,,,,,,,,,,,,,,,,,,,,,,,,,,,,,,,,,,,
,,,,,,,,,,,,,,,,,,,,,,,,,,,,,,,,,,,,,,,,,,,,,,,,,,,,,,,,,,,
,,,,,,,,,,,,,,,,,,,,,,,,,,,,,,,,,,,,,,,,,,,,,,,,,,,,,,,,,,,
,,,,,,,,,,,,,,,,,,,,,,,,,,,,,,,,,,,,,,,,,,,,,,,,,,,,,,,,,,,
,,,,,,,,,,,,,,,,,,,,,,,,,,,,,,,,,,,,,,,,,,,,,,,,,,,,,,,,,,,
,,,,,,,,,,,,,,,,,,,,,,,,,,,,,,,,,,,,,,,,,,,,,,,,,,,,,,,,,,,
,,,,,,,,,,,,,,,,,,,,,,,,,,,,,,,,,,,,,,,,,,,,,,,,,,,,,,,,,,,
,,,,,,,,,,,,,,,,,,,,,,,,,,,,,,,,,,,,,,,,,,,,,,,,,,,,,,,,,,,
,,,,,,,,,,,,,,,,,,,,,,,,,,,,,,,,,,,,,,,,,,,,,,,,,,,,,,,,,,,
,,,,,,,,,,,,,,,,,,,,,,,,,,,,,,,,,,,,,,,,,,,,,,,,,,,,,,,,,,,
,,,,,,,,,,,,,,,,,,,,,,,,,,,,,,,,,,,,,,,,,,,,,,,,,,,,,,,,,,,
,,,,,,,,,,,,,,,,,,,,,,,,,,,,,,,,,,,,,,,,,,,,,,,,,,,,,,,,,,,
,,,,,,,,,,,,,,,,,,,,,,,,,,,,,,,,,,,,,,,,,,,,,,,,,,,,,,,,,,,
,,,,,,,,,,,,,,,,,,,,,,,,,,,,,,,,,,,,,,,,,,,,,,,,,,,,,,,,,,,
,,,,,,,,,,,,,,,,,,,,,,,,,,,,,,,,,,,,,,,,,,,,,,,,,,,,,,,,,,,
,,,,,,,,,,,,,,,,,,,,,,,,,,,,,,,,,,,,,,,,,,,,,,,,,,,,,,,,,,,
,,,,,,,,,,,,,,,,,,,,,,,,,,,,,,,,,,,,,,,,,,,,,,,,,,,,,,,,,,,
,,,,,,,,,,,,,,,,,,,,,,,,,,,,,,,,,,,,,,,,,,,,,,,,,,,,,,,,,,,
,,,,,,,,,,,,,,,,,,,,,,,,,,,,,,,,,,,,,,,,,,,,,,,,,,,,,,,,,,,
,,,,,,,,,,,,,,,,,,,,,,,,,,,,,,,,,,,,,,,,,,,,,,,,,,,,,,,,,,,
,,,,,,,,,,,,,,,,,,,,,,,,,,,,,,,,,,,,,,,,,,,,,,,,,,,,,,,,,,,
,,,,,,,,,,,,,,,,,,,,,,,,,,,,,,,,,,,,,,,,,,,,,,,,,,,,,,,,,,,
,,,,,,,,,,,,,,,,,,,,,,,,,,,,,,,,,,,,,,,,,,,,,,,,,,,,,,,,,,,
,,,,,,,,,,,,,,,,,,,,,,,,,,,,,,,,,,,,,,,,,,,,,,,,,,,,,,,,,,,
,,,,,,,,,,,,,,,,,,,,,,,,,,,,,,,,,,,,,,,,,,,,,,,,,,,,,,,,,,,
,,,,,,,,,,,,,,,,,,,,,,,,,,,,,,,,,,,,,,,,,,,,,,,,,,,,,,,,,,,
,,,,,,,,,,,,,,,,,,,,,,,,,,,,,,,,,,,,,,,,,,,,,,,,,,,,,,,,,,,
,,,,,,,,,,,,,,,,,,,,,,,,,,,,,,,,,,,,,,,,,,,,,,,,,,,,,,,,,,,
,,,,,,,,,,,,,,,,,,,,,,,,,,,,,,,,,,,,,,,,,,,,,,,,,,,,,,,,,,,
,,,,,,,,,,,,,,,,,,,,,,,,,,,,,,,,,,,,,,,,,,,,,,,,,,,,,,,,,,,
,,,,,,,,,,,,,,,,,,,,,,,,,,,,,,,,,,,,,,,,,,,,,,,,,,,,,,,,,,,
,,,,,,,,,,,,,,,,,,,,,,,,,,,,,,,,,,,,,,,,,,,,,,,,,,,,,,,,,,,
,,,,,,,,,,,,,,,,,,,,,,,,,,,,,,,,,,,,,,,,,,,,,,,,,,,,,,,,,,,
,,,,,,,,,,,,,,,,,,,,,,,,,,,,,,,,,,,,,,,,,,,,,,,,,,,,,,,,,,,
,,,,,,,,,,,,,,,,,,,,,,,,,,,,,,,,,,,,,,,,,,,,,,,,,,,,,,,,,,,
,,,,,,,,,,,,,,,,,,,,,,,,,,,,,,,,,,,,,,,,,,,,,,,,,,,,,,,,,,,
,,,,,,,,,,,,,,,,,,,,,,,,,,,,,,,,,,,,,,,,,,,,,,,,,,,,,,,,,,,
,,,,,,,,,,,,,,,,,,,,,,,,,,,,,,,,,,,,,,,,,,,,,,,,,,,,,,,,,,,
,,,,,,,,,,,,,,,,,,,,,,,,,,,,,,,,,,,,,,,,,,,,,,,,,,,,,,,,,,,
,,,,,,,,,,,,,,,,,,,,,,,,,,,,,,,,,,,,,,,,,,,,,,,,,,,,,,,,,,,
,,,,,,,,,,,,,,,,,,,,,,,,,,,,,,,,,,,,,,,,,,,,,,,,,,,,,,,,,,,
,,,,,,,,,,,,,,,,,,,,,,,,,,,,,,,,,,,,,,,,,,,,,,,,,,,,,,,,,,,
,,,,,,,,,,,,,,,,,,,,,,,,,,,,,,,,,,,,,,,,,,,,,,,,,,,,,,,,,,,
,,,,,,,,,,,,,,,,,,,,,,,,,,,,,,,,,,,,,,,,,,,,,,,,,,,,,,,,,,,
,,,,,,,,,,,,,,,,,,,,,,,,,,,,,,,,,,,,,,,,,,,,,,,,,,,,,,,,,,,
,,,,,,,,,,,,,,,,,,,,,,,,,,,,,,,,,,,,,,,,,,,,,,,,,,,,,,,,,,,
,,,,,,,,,,,,,,,,,,,,,,,,,,,,,,,,,,,,,,,,,,,,,,,,,,,,,,,,,,,
,,,,,,,,,,,,,,,,,,,,,,,,,,,,,,,,,,,,,,,,,,,,,,,,,,,,,,,,,,,
,,,,,,,,,,,,,,,,,,,,,,,,,,,,,,,,,,,,,,,,,,,,,,,,,,,,,,,,,,,
,,,,,,,,,,,,,,,,,,,,,,,,,,,,,,,,,,,,,,,,,,,,,,,,,,,,,,,,,,,
,,,,,,,,,,,,,,,,,,,,,,,,,,,,,,,,,,,,,,,,,,,,,,,,,,,,,,,,,,,
,,,,,,,,,,,,,,,,,,,,,,,,,,,,,,,,,,,,,,,,,,,,,,,,,,,,,,,,,,,
,,,,,,,,,,,,,,,,,,,,,,,,,,,,,,,,,,,,,,,,,,,,,,,,,,,,,,,,,,,
,,,,,,,,,,,,,,,,,,,,,,,,,,,,,,,,,,,,,,,,,,,,,,,,,,,,,,,,,,,
,,,,,,,,,,,,,,,,,,,,,,,,,,,,,,,,,,,,,,,,,,,,,,,,,,,,,,,,,,,
,,,,,,,,,,,,,,,,,,,,,,,,,,,,,,,,,,,,,,,,,,,,,,,,,,,,,,,,,,,
,,,,,,,,,,,,,,,,,,,,,,,,,,,,,,,,,,,,,,,,,,,,,,,,,,,,,,,,,,,
,,,,,,,,,,,,,,,,,,,,,,,,,,,,,,,,,,,,,,,,,,,,,,,,,,,,,,,,,,,
,,,,,,,,,,,,,,,,,,,,,,,,,,,,,,,,,,,,,,,,,,,,,,,,,,,,,,,,,,,
,,,,,,,,,,,,,,,,,,,,,,,,,,,,,,,,,,,,,,,,,,,,,,,,,,,,,,,,,,,
,,,,,,,,,,,,,,,,,,,,,,,,,,,,,,,,,,,,,,,,,,,,,,,,,,,,,,,,,,,
,,,,,,,,,,,,,,,,,,,,,,,,,,,,,,,,,,,,,,,,,,,,,,,,,,,,,,,,,,,
,,,,,,,,,,,,,,,,,,,,,,,,,,,,,,,,,,,,,,,,,,,,,,,,,,,,,,,,,,,
,,,,,,,,,,,,,,,,,,,,,,,,,,,,,,,,,,,,,,,,,,,,,,,,,,,,,,,,,,,
,,,,,,,,,,,,,,,,,,,,,,,,,,,,,,,,,,,,,,,,,,,,,,,,,,,,,,,,,,,
,,,,,,,,,,,,,,,,,,,,,,,,,,,,,,,,,,,,,,,,,,,,,,,,,,,,,,,,,,,
,,,,,,,,,,,,,,,,,,,,,,,,,,,,,,,,,,,,,,,,,,,,,,,,,,,,,,,,,,,
,,,,,,,,,,,,,,,,,,,,,,,,,,,,,,,,,,,,,,,,,,,,,,,,,,,,,,,,,,,
,,,,,,,,,,,,,,,,,,,,,,,,,,,,,,,,,,,,,,,,,,,,,,,,,,,,,,,,,,,
,,,,,,,,,,,,,,,,,,,,,,,,,,,,,,,,,,,,,,,,,,,,,,,,,,,,,,,,,,,
,,,,,,,,,,,,,,,,,,,,,,,,,,,,,,,,,,,,,,,,,,,,,,,,,,,,,,,,,,,
,,,,,,,,,,,,,,,,,,,,,,,,,,,,,,,,,,,,,,,,,,,,,,,,,,,,,,,,,,,
,,,,,,,,,,,,,,,,,,,,,,,,,,,,,,,,,,,,,,,,,,,,,,,,,,,,,,,,,,,
,,,,,,,,,,,,,,,,,,,,,,,,,,,,,,,,,,,,,,,,,,,,,,,,,,,,,,,,,,,
,,,,,,,,,,,,,,,,,,,,,,,,,,,,,,,,,,,,,,,,,,,,,,,,,,,,,,,,,,,
,,,,,,,,,,,,,,,,,,,,,,,,,,,,,,,,,,,,,,,,,,,,,,,,,,,,,,,,,,,
,,,,,,,,,,,,,,,,,,,,,,,,,,,,,,,,,,,,,,,,,,,,,,,,,,,,,,,,,,,
,,,,,,,,,,,,,,,,,,,,,,,,,,,,,,,,,,,,,,,,,,,,,,,,,,,,,,,,,,,
,,,,,,,,,,,,,,,,,,,,,,,,,,,,,,,,,,,,,,,,,,,,,,,,,,,,,,,,,,,
,,,,,,,,,,,,,,,,,,,,,,,,,,,,,,,,,,,,,,,,,,,,,,,,,,,,,,,,,,,
,,,,,,,,,,,,,,,,,,,,,,,,,,,,,,,,,,,,,,,,,,,,,,,,,,,,,,,,,,,
,,,,,,,,,,,,,,,,,,,,,,,,,,,,,,,,,,,,,,,,,,,,,,,,,,,,,,,,,,,
,,,,,,,,,,,,,,,,,,,,,,,,,,,,,,,,,,,,,,,,,,,,,,,,,,,,,,,,,,,
,,,,,,,,,,,,,,,,,,,,,,,,,,,,,,,,,,,,,,,,,,,,,,,,,,,,,,,,,,,
,,,,,,,,,,,,,,,,,,,,,,,,,,,,,,,,,,,,,,,,,,,,,,,,,,,,,,,,,,,
,,,,,,,,,,,,,,,,,,,,,,,,,,,,,,,,,,,,,,,,,,,,,,,,,,,,,,,,,,,
,,,,,,,,,,,,,,,,,,,,,,,,,,,,,,,,,,,,,,,,,,,,,,,,,,,,,,,,,,,
,,,,,,,,,,,,,,,,,,,,,,,,,,,,,,,,,,,,,,,,,,,,,,,,,,,,,,,,,,,
,,,,,,,,,,,,,,,,,,,,,,,,,,,,,,,,,,,,,,,,,,,,,,,,,,,,,,,,,,,
,,,,,,,,,,,,,,,,,,,,,,,,,,,,,,,,,,,,,,,,,,,,,,,,,,,,,,,,,,,
,,,,,,,,,,,,,,,,,,,,,,,,,,,,,,,,,,,,,,,,,,,,,,,,,,,,,,,,,,,
,,,,,,,,,,,,,,,,,,,,,,,,,,,,,,,,,,,,,,,,,,,,,,,,,,,,,,,,,,,
,,,,,,,,,,,,,,,,,,,,,,,,,,,,,,,,,,,,,,,,,,,,,,,,,,,,,,,,,,,
,,,,,,,,,,,,,,,,,,,,,,,,,,,,,,,,,,,,,,,,,,,,,,,,,,,,,,,,,,,
,,,,,,,,,,,,,,,,,,,,,,,,,,,,,,,,,,,,,,,,,,,,,,,,,,,,,,,,,,,
,,,,,,,,,,,,,,,,,,,,,,,,,,,,,,,,,,,,,,,,,,,,,,,,,,,,,,,,,,,
,,,,,,,,,,,,,,,,,,,,,,,,,,,,,,,,,,,,,,,,,,,,,,,,,,,,,,,,,,,
,,,,,,,,,,,,,,,,,,,,,,,,,,,,,,,,,,,,,,,,,,,,,,,,,,,,,,,,,,,
,,,,,,,,,,,,,,,,,,,,,,,,,,,,,,,,,,,,,,,,,,,,,,,,,,,,,,,,,,,
,,,,,,,,,,,,,,,,,,,,,,,,,,,,,,,,,,,,,,,,,,,,,,,,,,,,,,,,,,,
,,,,,,,,,,,,,,,,,,,,,,,,,,,,,,,,,,,,,,,,,,,,,,,,,,,,,,,,,,,
,,,,,,,,,,,,,,,,,,,,,,,,,,,,,,,,,,,,,,,,,,,,,,,,,,,,,,,,,,,
,,,,,,,,,,,,,,,,,,,,,,,,,,,,,,,,,,,,,,,,,,,,,,,,,,,,,,,,,,,
,,,,,,,,,,,,,,,,,,,,,,,,,,,,,,,,,,,,,,,,,,,,,,,,,,,,,,,,,,,
,,,,,,,,,,,,,,,,,,,,,,,,,,,,,,,,,,,,,,,,,,,,,,,,,,,,,,,,,,,
,,,,,,,,,,,,,,,,,,,,,,,,,,,,,,,,,,,,,,,,,,,,,,,,,,,,,,,,,,,
,,,,,,,,,,,,,,,,,,,,,,,,,,,,,,,,,,,,,,,,,,,,,,,,,,,,,,,,,,,
,,,,,,,,,,,,,,,,,,,,,,,,,,,,,,,,,,,,,,,,,,,,,,,,,,,,,,,,,,,
,,,,,,,,,,,,,,,,,,,,,,,,,,,,,,,,,,,,,,,,,,,,,,,,,,,,,,,,,,,
,,,,,,,,,,,,,,,,,,,,,,,,,,,,,,,,,,,,,,,,,,,,,,,,,,,,,,,,,,,
,,,,,,,,,,,,,,,,,,,,,,,,,,,,,,,,,,,,,,,,,,,,,,,,,,,,,,,,,,,
,,,,,,,,,,,,,,,,,,,,,,,,,,,,,,,,,,,,,,,,,,,,,,,,,,,,,,,,,,,
,,,,,,,,,,,,,,,,,,,,,,,,,,,,,,,,,,,,,,,,,,,,,,,,,,,,,,,,,,,
,,,,,,,,,,,,,,,,,,,,,,,,,,,,,,,,,,,,,,,,,,,,,,,,,,,,,,,,,,,
,,,,,,,,,,,,,,,,,,,,,,,,,,,,,,,,,,,,,,,,,,,,,,,,,,,,,,,,,,,
,,,,,,,,,,,,,,,,,,,,,,,,,,,,,,,,,,,,,,,,,,,,,,,,,,,,,,,,,,,
,,,,,,,,,,,,,,,,,,,,,,,,,,,,,,,,,,,,,,,,,,,,,,,,,,,,,,,,,,,
,,,,,,,,,,,,,,,,,,,,,,,,,,,,,,,,,,,,,,,,,,,,,,,,,,,,,,,,,,,
,,,,,,,,,,,,,,,,,,,,,,,,,,,,,,,,,,,,,,,,,,,,,,,,,,,,,,,,,,,
,,,,,,,,,,,,,,,,,,,,,,,,,,,,,,,,,,,,,,,,,,,,,,,,,,,,,,,,,,,
,,,,,,,,,,,,,,,,,,,,,,,,,,,,,,,,,,,,,,,,,,,,,,,,,,,,,,,,,,,
,,,,,,,,,,,,,,,,,,,,,,,,,,,,,,,,,,,,,,,,,,,,,,,,,,,,,,,,,,,
,,,,,,,,,,,,,,,,,,,,,,,,,,,,,,,,,,,,,,,,,,,,,,,,,,,,,,,,,,,
,,,,,,,,,,,,,,,,,,,,,,,,,,,,,,,,,,,,,,,,,,,,,,,,,,,,,,,,,,,
,,,,,,,,,,,,,,,,,,,,,,,,,,,,,,,,,,,,,,,,,,,,,,,,,,,,,,,,,,,
,,,,,,,,,,,,,,,,,,,,,,,,,,,,,,,,,,,,,,,,,,,,,,,,,,,,,,,,,,,
,,,,,,,,,,,,,,,,,,,,,,,,,,,,,,,,,,,,,,,,,,,,,,,,,,,,,,,,,,,
,,,,,,,,,,,,,,,,,,,,,,,,,,,,,,,,,,,,,,,,,,,,,,,,,,,,,,,,,,,
,,,,,,,,,,,,,,,,,,,,,,,,,,,,,,,,,,,,,,,,,,,,,,,,,,,,,,,,,,,
,,,,,,,,,,,,,,,,,,,,,,,,,,,,,,,,,,,,,,,,,,,,,,,,,,,,,,,,,,,
,,,,,,,,,,,,,,,,,,,,,,,,,,,,,,,,,,,,,,,,,,,,,,,,,,,,,,,,,,,
,,,,,,,,,,,,,,,,,,,,,,,,,,,,,,,,,,,,,,,,,,,,,,,,,,,,,,,,,,,
,,,,,,,,,,,,,,,,,,,,,,,,,,,,,,,,,,,,,,,,,,,,,,,,,,,,,,,,,,,
,,,,,,,,,,,,,,,,,,,,,,,,,,,,,,,,,,,,,,,,,,,,,,,,,,,,,,,,,,,
,,,,,,,,,,,,,,,,,,,,,,,,,,,,,,,,,,,,,,,,,,,,,,,,,,,,,,,,,,,
,,,,,,,,,,,,,,,,,,,,,,,,,,,,,,,,,,,,,,,,,,,,,,,,,,,,,,,,,,,
,,,,,,,,,,,,,,,,,,,,,,,,,,,,,,,,,,,,,,,,,,,,,,,,,,,,,,,,,,,
,,,,,,,,,,,,,,,,,,,,,,,,,,,,,,,,,,,,,,,,,,,,,,,,,,,,,,,,,,,
,,,,,,,,,,,,,,,,,,,,,,,,,,,,,,,,,,,,,,,,,,,,,,,,,,,,,,,,,,,
,,,,,,,,,,,,,,,,,,,,,,,,,,,,,,,,,,,,,,,,,,,,,,,,,,,,,,,,,,,
,,,,,,,,,,,,,,,,,,,,,,,,,,,,,,,,,,,,,,,,,,,,,,,,,,,,,,,,,,,
,,,,,,,,,,,,,,,,,,,,,,,,,,,,,,,,,,,,,,,,,,,,,,,,,,,,,,,,,,,
,,,,,,,,,,,,,,,,,,,,,,,,,,,,,,,,,,,,,,,,,,,,,,,,,,,,,,,,,,,
,,,,,,,,,,,,,,,,,,,,,,,,,,,,,,,,,,,,,,,,,,,,,,,,,,,,,,,,,,,
,,,,,,,,,,,,,,,,,,,,,,,,,,,,,,,,,,,,,,,,,,,,,,,,,,,,,,,,,,,
,,,,,,,,,,,,,,,,,,,,,,,,,,,,,,,,,,,,,,,,,,,,,,,,,,,,,,,,,,,
,,,,,,,,,,,,,,,,,,,,,,,,,,,,,,,,,,,,,,,,,,,,,,,,,,,,,,,,,,,
,,,,,,,,,,,,,,,,,,,,,,,,,,,,,,,,,,,,,,,,,,,,,,,,,,,,,,,,,,,
,,,,,,,,,,,,,,,,,,,,,,,,,,,,,,,,,,,,,,,,,,,,,,,,,,,,,,,,,,,
,,,,,,,,,,,,,,,,,,,,,,,,,,,,,,,,,,,,,,,,,,,,,,,,,,,,,,,,,,,
,,,,,,,,,,,,,,,,,,,,,,,,,,,,,,,,,,,,,,,,,,,,,,,,,,,,,,,,,,,
,,,,,,,,,,,,,,,,,,,,,,,,,,,,,,,,,,,,,,,,,,,,,,,,,,,,,,,,,,,
,,,,,,,,,,,,,,,,,,,,,,,,,,,,,,,,,,,,,,,,,,,,,,,,,,,,,,,,,,,
,,,,,,,,,,,,,,,,,,,,,,,,,,,,,,,,,,,,,,,,,,,,,,,,,,,,,,,,,,,
,,,,,,,,,,,,,,,,,,,,,,,,,,,,,,,,,,,,,,,,,,,,,,,,,,,,,,,,,,,
,,,,,,,,,,,,,,,,,,,,,,,,,,,,,,,,,,,,,,,,,,,,,,,,,,,,,,,,,,,
,,,,,,,,,,,,,,,,,,,,,,,,,,,,,,,,,,,,,,,,,,,,,,,,,,,,,,,,,,,
,,,,,,,,,,,,,,,,,,,,,,,,,,,,,,,,,,,,,,,,,,,,,,,,,,,,,,,,,,,
,,,,,,,,,,,,,,,,,,,,,,,,,,,,,,,,,,,,,,,,,,,,,,,,,,,,,,,,,,,
,,,,,,,,,,,,,,,,,,,,,,,,,,,,,,,,,,,,,,,,,,,,,,,,,,,,,,,,,,,
,,,,,,,,,,,,,,,,,,,,,,,,,,,,,,,,,,,,,,,,,,,,,,,,,,,,,,,,,,,
,,,,,,,,,,,,,,,,,,,,,,,,,,,,,,,,,,,,,,,,,,,,,,,,,,,,,,,,,,,
,,,,,,,,,,,,,,,,,,,,,,,,,,,,,,,,,,,,,,,,,,,,,,,,,,,,,,,,,,,
,,,,,,,,,,,,,,,,,,,,,,,,,,,,,,,,,,,,,,,,,,,,,,,,,,,,,,,,,,,
,,,,,,,,,,,,,,,,,,,,,,,,,,,,,,,,,,,,,,,,,,,,,,,,,,,,,,,,,,,
,,,,,,,,,,,,,,,,,,,,,,,,,,,,,,,,,,,,,,,,,,,,,,,,,,,,,,,,,,,
,,,,,,,,,,,,,,,,,,,,,,,,,,,,,,,,,,,,,,,,,,,,,,,,,,,,,,,,,,,
,,,,,,,,,,,,,,,,,,,,,,,,,,,,,,,,,,,,,,,,,,,,,,,,,,,,,,,,,,,
,,,,,,,,,,,,,,,,,,,,,,,,,,,,,,,,,,,,,,,,,,,,,,,,,,,,,,,,,,,
,,,,,,,,,,,,,,,,,,,,,,,,,,,,,,,,,,,,,,,,,,,,,,,,,,,,,,,,,,,
,,,,,,,,,,,,,,,,,,,,,,,,,,,,,,,,,,,,,,,,,,,,,,,,,,,,,,,,,,,
,,,,,,,,,,,,,,,,,,,,,,,,,,,,,,,,,,,,,,,,,,,,,,,,,,,,,,,,,,,
,,,,,,,,,,,,,,,,,,,,,,,,,,,,,,,,,,,,,,,,,,,,,,,,,,,,,,,,,,,
,,,,,,,,,,,,,,,,,,,,,,,,,,,,,,,,,,,,,,,,,,,,,,,,,,,,,,,,,,,
,,,,,,,,,,,,,,,,,,,,,,,,,,,,,,,,,,,,,,,,,,,,,,,,,,,,,,,,,,,
,,,,,,,,,,,,,,,,,,,,,,,,,,,,,,,,,,,,,,,,,,,,,,,,,,,,,,,,,,,
,,,,,,,,,,,,,,,,,,,,,,,,,,,,,,,,,,,,,,,,,,,,,,,,,,,,,,,,,,,
,,,,,,,,,,,,,,,,,,,,,,,,,,,,,,,,,,,,,,,,,,,,,,,,,,,,,,,,,,,
,,,,,,,,,,,,,,,,,,,,,,,,,,,,,,,,,,,,,,,,,,,,,,,,,,,,,,,,,,,
,,,,,,,,,,,,,,,,,,,,,,,,,,,,,,,,,,,,,,,,,,,,,,,,,,,,,,,,,,,
,,,,,,,,,,,,,,,,,,,,,,,,,,,,,,,,,,,,,,,,,,,,,,,,,,,,,,,,,,,
,,,,,,,,,,,,,,,,,,,,,,,,,,,,,,,,,,,,,,,,,,,,,,,,,,,,,,,,,,,
,,,,,,,,,,,,,,,,,,,,,,,,,,,,,,,,,,,,,,,,,,,,,,,,,,,,,,,,,,,
,,,,,,,,,,,,,,,,,,,,,,,,,,,,,,,,,,,,,,,,,,,,,,,,,,,,,,,,,,,
,,,,,,,,,,,,,,,,,,,,,,,,,,,,,,,,,,,,,,,,,,,,,,,,,,,,,,,,,,,
,,,,,,,,,,,,,,,,,,,,,,,,,,,,,,,,,,,,,,,,,,,,,,,,,,,,,,,,,,,
,,,,,,,,,,,,,,,,,,,,,,,,,,,,,,,,,,,,,,,,,,,,,,,,,,,,,,,,,,,
,,,,,,,,,,,,,,,,,,,,,,,,,,,,,,,,,,,,,,,,,,,,,,,,,,,,,,,,,,,
,,,,,,,,,,,,,,,,,,,,,,,,,,,,,,,,,,,,,,,,,,,,,,,,,,,,,,,,,,,
,,,,,,,,,,,,,,,,,,,,,,,,,,,,,,,,,,,,,,,,,,,,,,,,,,,,,,,,,,,
,,,,,,,,,,,,,,,,,,,,,,,,,,,,,,,,,,,,,,,,,,,,,,,,,,,,,,,,,,,
,,,,,,,,,,,,,,,,,,,,,,,,,,,,,,,,,,,,,,,,,,,,,,,,,,,,,,,,,,,
,,,,,,,,,,,,,,,,,,,,,,,,,,,,,,,,,,,,,,,,,,,,,,,,,,,,,,,,,,,
,,,,,,,,,,,,,,,,,,,,,,,,,,,,,,,,,,,,,,,,,,,,,,,,,,,,,,,,,,,
,,,,,,,,,,,,,,,,,,,,,,,,,,,,,,,,,,,,,,,,,,,,,,,,,,,,,,,,,,,
,,,,,,,,,,,,,,,,,,,,,,,,,,,,,,,,,,,,,,,,,,,,,,,,,,,,,,,,,,,
,,,,,,,,,,,,,,,,,,,,,,,,,,,,,,,,,,,,,,,,,,,,,,,,,,,,,,,,,,,
,,,,,,,,,,,,,,,,,,,,,,,,,,,,,,,,,,,,,,,,,,,,,,,,,,,,,,,,,,,
,,,,,,,,,,,,,,,,,,,,,,,,,,,,,,,,,,,,,,,,,,,,,,,,,,,,,,,,,,,
,,,,,,,,,,,,,,,,,,,,,,,,,,,,,,,,,,,,,,,,,,,,,,,,,,,,,,,,,,,
,,,,,,,,,,,,,,,,,,,,,,,,,,,,,,,,,,,,,,,,,,,,,,,,,,,,,,,,,,,
,,,,,,,,,,,,,,,,,,,,,,,,,,,,,,,,,,,,,,,,,,,,,,,,,,,,,,,,,,,
,,,,,,,,,,,,,,,,,,,,,,,,,,,,,,,,,,,,,,,,,,,,,,,,,,,,,,,,,,,
,,,,,,,,,,,,,,,,,,,,,,,,,,,,,,,,,,,,,,,,,,,,,,,,,,,,,,,,,,,
,,,,,,,,,,,,,,,,,,,,,,,,,,,,,,,,,,,,,,,,,,,,,,,,,,,,,,,,,,,
,,,,,,,,,,,,,,,,,,,,,,,,,,,,,,,,,,,,,,,,,,,,,,,,,,,,,,,,,,,
,,,,,,,,,,,,,,,,,,,,,,,,,,,,,,,,,,,,,,,,,,,,,,,,,,,,,,,,,,,
,,,,,,,,,,,,,,,,,,,,,,,,,,,,,,,,,,,,,,,,,,,,,,,,,,,,,,,,,,,
,,,,,,,,,,,,,,,,,,,,,,,,,,,,,,,,,,,,,,,,,,,,,,,,,,,,,,,,,,,
,,,,,,,,,,,,,,,,,,,,,,,,,,,,,,,,,,,,,,,,,,,,,,,,,,,,,,,,,,,
,,,,,,,,,,,,,,,,,,,,,,,,,,,,,,,,,,,,,,,,,,,,,,,,,,,,,,,,,,,
,,,,,,,,,,,,,,,,,,,,,,,,,,,,,,,,,,,,,,,,,,,,,,,,,,,,,,,,,,,
,,,,,,,,,,,,,,,,,,,,,,,,,,,,,,,,,,,,,,,,,,,,,,,,,,,,,,,,,,,
,,,,,,,,,,,,,,,,,,,,,,,,,,,,,,,,,,,,,,,,,,,,,,,,,,,,,,,,,,,
,,,,,,,,,,,,,,,,,,,,,,,,,,,,,,,,,,,,,,,,,,,,,,,,,,,,,,,,,,,
,,,,,,,,,,,,,,,,,,,,,,,,,,,,,,,,,,,,,,,,,,,,,,,,,,,,,,,,,,,
,,,,,,,,,,,,,,,,,,,,,,,,,,,,,,,,,,,,,,,,,,,,,,,,,,,,,,,,,,,
,,,,,,,,,,,,,,,,,,,,,,,,,,,,,,,,,,,,,,,,,,,,,,,,,,,,,,,,,,,
,,,,,,,,,,,,,,,,,,,,,,,,,,,,,,,,,,,,,,,,,,,,,,,,,,,,,,,,,,,
,,,,,,,,,,,,,,,,,,,,,,,,,,,,,,,,,,,,,,,,,,,,,,,,,,,,,,,,,,,
,,,,,,,,,,,,,,,,,,,,,,,,,,,,,,,,,,,,,,,,,,,,,,,,,,,,,,,,,,,
,,,,,,,,,,,,,,,,,,,,,,,,,,,,,,,,,,,,,,,,,,,,,,,,,,,,,,,,,,,
,,,,,,,,,,,,,,,,,,,,,,,,,,,,,,,,,,,,,,,,,,,,,,,,,,,,,,,,,,,
,,,,,,,,,,,,,,,,,,,,,,,,,,,,,,,,,,,,,,,,,,,,,,,,,,,,,,,,,,,
,,,,,,,,,,,,,,,,,,,,,,,,,,,,,,,,,,,,,,,,,,,,,,,,,,,,,,,,,,,
,,,,,,,,,,,,,,,,,,,,,,,,,,,,,,,,,,,,,,,,,,,,,,,,,,,,,,,,,,,
,,,,,,,,,,,,,,,,,,,,,,,,,,,,,,,,,,,,,,,,,,,,,,,,,,,,,,,,,,,
,,,,,,,,,,,,,,,,,,,,,,,,,,,,,,,,,,,,,,,,,,,,,,,,,,,,,,,,,,,
,,,,,,,,,,,,,,,,,,,,,,,,,,,,,,,,,,,,,,,,,,,,,,,,,,,,,,,,,,,
,,,,,,,,,,,,,,,,,,,,,,,,,,,,,,,,,,,,,,,,,,,,,,,,,,,,,,,,,,,
,,,,,,,,,,,,,,,,,,,,,,,,,,,,,,,,,,,,,,,,,,,,,,,,,,,,,,,,,,,
,,,,,,,,,,,,,,,,,,,,,,,,,,,,,,,,,,,,,,,,,,,,,,,,,,,,,,,,,,,
,,,,,,,,,,,,,,,,,,,,,,,,,,,,,,,,,,,,,,,,,,,,,,,,,,,,,,,,,,,
,,,,,,,,,,,,,,,,,,,,,,,,,,,,,,,,,,,,,,,,,,,,,,,,,,,,,,,,,,,
,,,,,,,,,,,,,,,,,,,,,,,,,,,,,,,,,,,,,,,,,,,,,,,,,,,,,,,,,,,
,,,,,,,,,,,,,,,,,,,,,,,,,,,,,,,,,,,,,,,,,,,,,,,,,,,,,,,,,,,
,,,,,,,,,,,,,,,,,,,,,,,,,,,,,,,,,,,,,,,,,,,,,,,,,,,,,,,,,,,
,,,,,,,,,,,,,,,,,,,,,,,,,,,,,,,,,,,,,,,,,,,,,,,,,,,,,,,,,,,
,,,,,,,,,,,,,,,,,,,,,,,,,,,,,,,,,,,,,,,,,,,,,,,,,,,,,,,,,,,
,,,,,,,,,,,,,,,,,,,,,,,,,,,,,,,,,,,,,,,,,,,,,,,,,,,,,,,,,,,
,,,,,,,,,,,,,,,,,,,,,,,,,,,,,,,,,,,,,,,,,,,,,,,,,,,,,,,,,,,
,,,,,,,,,,,,,,,,,,,,,,,,,,,,,,,,,,,,,,,,,,,,,,,,,,,,,,,,,,,
,,,,,,,,,,,,,,,,,,,,,,,,,,,,,,,,,,,,,,,,,,,,,,,,,,,,,,,,,,,
,,,,,,,,,,,,,,,,,,,,,,,,,,,,,,,,,,,,,,,,,,,,,,,,,,,,,,,,,,,
,,,,,,,,,,,,,,,,,,,,,,,,,,,,,,,,,,,,,,,,,,,,,,,,,,,,,,,,,,,
,,,,,,,,,,,,,,,,,,,,,,,,,,,,,,,,,,,,,,,,,,,,,,,,,,,,,,,,,,,
,,,,,,,,,,,,,,,,,,,,,,,,,,,,,,,,,,,,,,,,,,,,,,,,,,,,,,,,,,,
,,,,,,,,,,,,,,,,,,,,,,,,,,,,,,,,,,,,,,,,,,,,,,,,,,,,,,,,,,,
,,,,,,,,,,,,,,,,,,,,,,,,,,,,,,,,,,,,,,,,,,,,,,,,,,,,,,,,,,,
,,,,,,,,,,,,,,,,,,,,,,,,,,,,,,,,,,,,,,,,,,,,,,,,,,,,,,,,,,,
,,,,,,,,,,,,,,,,,,,,,,,,,,,,,,,,,,,,,,,,,,,,,,,,,,,,,,,,,,,
,,,,,,,,,,,,,,,,,,,,,,,,,,,,,,,,,,,,,,,,,,,,,,,,,,,,,,,,,,,
,,,,,,,,,,,,,,,,,,,,,,,,,,,,,,,,,,,,,,,,,,,,,,,,,,,,,,,,,,,
,,,,,,,,,,,,,,,,,,,,,,,,,,,,,,,,,,,,,,,,,,,,,,,,,,,,,,,,,,,
,,,,,,,,,,,,,,,,,,,,,,,,,,,,,,,,,,,,,,,,,,,,,,,,,,,,,,,,,,,
,,,,,,,,,,,,,,,,,,,,,,,,,,,,,,,,,,,,,,,,,,,,,,,,,,,,,,,,,,,
,,,,,,,,,,,,,,,,,,,,,,,,,,,,,,,,,,,,,,,,,,,,,,,,,,,,,,,,,,,
,,,,,,,,,,,,,,,,,,,,,,,,,,,,,,,,,,,,,,,,,,,,,,,,,,,,,,,,,,,
,,,,,,,,,,,,,,,,,,,,,,,,,,,,,,,,,,,,,,,,,,,,,,,,,,,,,,,,,,,
,,,,,,,,,,,,,,,,,,,,,,,,,,,,,,,,,,,,,,,,,,,,,,,,,,,,,,,,,,,
,,,,,,,,,,,,,,,,,,,,,,,,,,,,,,,,,,,,,,,,,,,,,,,,,,,,,,,,,,,
,,,,,,,,,,,,,,,,,,,,,,,,,,,,,,,,,,,,,,,,,,,,,,,,,,,,,,,,,,,
,,,,,,,,,,,,,,,,,,,,,,,,,,,,,,,,,,,,,,,,,,,,,,,,,,,,,,,,,,,
,,,,,,,,,,,,,,,,,,,,,,,,,,,,,,,,,,,,,,,,,,,,,,,,,,,,,,,,,,,
,,,,,,,,,,,,,,,,,,,,,,,,,,,,,,,,,,,,,,,,,,,,,,,,,,,,,,,,,,,
,,,,,,,,,,,,,,,,,,,,,,,,,,,,,,,,,,,,,,,,,,,,,,,,,,,,,,,,,,,
,,,,,,,,,,,,,,,,,,,,,,,,,,,,,,,,,,,,,,,,,,,,,,,,,,,,,,,,,,,
,,,,,,,,,,,,,,,,,,,,,,,,,,,,,,,,,,,,,,,,,,,,,,,,,,,,,,,,,,,
,,,,,,,,,,,,,,,,,,,,,,,,,,,,,,,,,,,,,,,,,,,,,,,,,,,,,,,,,,,
,,,,,,,,,,,,,,,,,,,,,,,,,,,,,,,,,,,,,,,,,,,,,,,,,,,,,,,,,,,
,,,,,,,,,,,,,,,,,,,,,,,,,,,,,,,,,,,,,,,,,,,,,,,,,,,,,,,,,,,
,,,,,,,,,,,,,,,,,,,,,,,,,,,,,,,,,,,,,,,,,,,,,,,,,,,,,,,,,,,
,,,,,,,,,,,,,,,,,,,,,,,,,,,,,,,,,,,,,,,,,,,,,,,,,,,,,,,,,,,
,,,,,,,,,,,,,,,,,,,,,,,,,,,,,,,,,,,,,,,,,,,,,,,,,,,,,,,,,,,
,,,,,,,,,,,,,,,,,,,,,,,,,,,,,,,,,,,,,,,,,,,,,,,,,,,,,,,,,,,
,,,,,,,,,,,,,,,,,,,,,,,,,,,,,,,,,,,,,,,,,,,,,,,,,,,,,,,,,,,
,,,,,,,,,,,,,,,,,,,,,,,,,,,,,,,,,,,,,,,,,,,,,,,,,,,,,,,,,,,
,,,,,,,,,,,,,,,,,,,,,,,,,,,,,,,,,,,,,,,,,,,,,,,,,,,,,,,,,,,
,,,,,,,,,,,,,,,,,,,,,,,,,,,,,,,,,,,,,,,,,,,,,,,,,,,,,,,,,,,
,,,,,,,,,,,,,,,,,,,,,,,,,,,,,,,,,,,,,,,,,,,,,,,,,,,,,,,,,,,
,,,,,,,,,,,,,,,,,,,,,,,,,,,,,,,,,,,,,,,,,,,,,,,,,,,,,,,,,,,
,,,,,,,,,,,,,,,,,,,,,,,,,,,,,,,,,,,,,,,,,,,,,,,,,,,,,,,,,,,
,,,,,,,,,,,,,,,,,,,,,,,,,,,,,,,,,,,,,,,,,,,,,,,,,,,,,,,,,,,
,,,,,,,,,,,,,,,,,,,,,,,,,,,,,,,,,,,,,,,,,,,,,,,,,,,,,,,,,,,
,,,,,,,,,,,,,,,,,,,,,,,,,,,,,,,,,,,,,,,,,,,,,,,,,,,,,,,,,,,
,,,,,,,,,,,,,,,,,,,,,,,,,,,,,,,,,,,,,,,,,,,,,,,,,,,,,,,,,,,
,,,,,,,,,,,,,,,,,,,,,,,,,,,,,,,,,,,,,,,,,,,,,,,,,,,,,,,,,,,
,,,,,,,,,,,,,,,,,,,,,,,,,,,,,,,,,,,,,,,,,,,,,,,,,,,,,,,,,,,
,,,,,,,,,,,,,,,,,,,,,,,,,,,,,,,,,,,,,,,,,,,,,,,,,,,,,,,,,,,
,,,,,,,,,,,,,,,,,,,,,,,,,,,,,,,,,,,,,,,,,,,,,,,,,,,,,,,,,,,
,,,,,,,,,,,,,,,,,,,,,,,,,,,,,,,,,,,,,,,,,,,,,,,,,,,,,,,,,,,
,,,,,,,,,,,,,,,,,,,,,,,,,,,,,,,,,,,,,,,,,,,,,,,,,,,,,,,,,,,
,,,,,,,,,,,,,,,,,,,,,,,,,,,,,,,,,,,,,,,,,,,,,,,,,,,,,,,,,,,
,,,,,,,,,,,,,,,,,,,,,,,,,,,,,,,,,,,,,,,,,,,,,,,,,,,,,,,,,,,
,,,,,,,,,,,,,,,,,,,,,,,,,,,,,,,,,,,,,,,,,,,,,,,,,,,,,,,,,,,
,,,,,,,,,,,,,,,,,,,,,,,,,,,,,,,,,,,,,,,,,,,,,,,,,,,,,,,,,,,
,,,,,,,,,,,,,,,,,,,,,,,,,,,,,,,,,,,,,,,,,,,,,,,,,,,,,,,,,,,
,,,,,,,,,,,,,,,,,,,,,,,,,,,,,,,,,,,,,,,,,,,,,,,,,,,,,,,,,,,
,,,,,,,,,,,,,,,,,,,,,,,,,,,,,,,,,,,,,,,,,,,,,,,,,,,,,,,,,,,
,,,,,,,,,,,,,,,,,,,,,,,,,,,,,,,,,,,,,,,,,,,,,,,,,,,,,,,,,,,
,,,,,,,,,,,,,,,,,,,,,,,,,,,,,,,,,,,,,,,,,,,,,,,,,,,,,,,,,,,
,,,,,,,,,,,,,,,,,,,,,,,,,,,,,,,,,,,,,,,,,,,,,,,,,,,,,,,,,,,
,,,,,,,,,,,,,,,,,,,,,,,,,,,,,,,,,,,,,,,,,,,,,,,,,,,,,,,,,,,
,,,,,,,,,,,,,,,,,,,,,,,,,,,,,,,,,,,,,,,,,,,,,,,,,,,,,,,,,,,
,,,,,,,,,,,,,,,,,,,,,,,,,,,,,,,,,,,,,,,,,,,,,,,,,,,,,,,,,,,
,,,,,,,,,,,,,,,,,,,,,,,,,,,,,,,,,,,,,,,,,,,,,,,,,,,,,,,,,,,
,,,,,,,,,,,,,,,,,,,,,,,,,,,,,,,,,,,,,,,,,,,,,,,,,,,,,,,,,,,
,,,,,,,,,,,,,,,,,,,,,,,,,,,,,,,,,,,,,,,,,,,,,,,,,,,,,,,,,,,
,,,,,,,,,,,,,,,,,,,,,,,,,,,,,,,,,,,,,,,,,,,,,,,,,,,,,,,,,,,
,,,,,,,,,,,,,,,,,,,,,,,,,,,,,,,,,,,,,,,,,,,,,,,,,,,,,,,,,,,
,,,,,,,,,,,,,,,,,,,,,,,,,,,,,,,,,,,,,,,,,,,,,,,,,,,,,,,,,,,
,,,,,,,,,,,,,,,,,,,,,,,,,,,,,,,,,,,,,,,,,,,,,,,,,,,,,,,,,,,
,,,,,,,,,,,,,,,,,,,,,,,,,,,,,,,,,,,,,,,,,,,,,,,,,,,,,,,,,,,
,,,,,,,,,,,,,,,,,,,,,,,,,,,,,,,,,,,,,,,,,,,,,,,,,,,,,,,,,,,
,,,,,,,,,,,,,,,,,,,,,,,,,,,,,,,,,,,,,,,,,,,,,,,,,,,,,,,,,,,
,,,,,,,,,,,,,,,,,,,,,,,,,,,,,,,,,,,,,,,,,,,,,,,,,,,,,,,,,,,
,,,,,,,,,,,,,,,,,,,,,,,,,,,,,,,,,,,,,,,,,,,,,,,,,,,,,,,,,,,
,,,,,,,,,,,,,,,,,,,,,,,,,,,,,,,,,,,,,,,,,,,,,,,,,,,,,,,,,,,
,,,,,,,,,,,,,,,,,,,,,,,,,,,,,,,,,,,,,,,,,,,,,,,,,,,,,,,,,,,
,,,,,,,,,,,,,,,,,,,,,,,,,,,,,,,,,,,,,,,,,,,,,,,,,,,,,,,,,,,
,,,,,,,,,,,,,,,,,,,,,,,,,,,,,,,,,,,,,,,,,,,,,,,,,,,,,,,,,,,
,,,,,,,,,,,,,,,,,,,,,,,,,,,,,,,,,,,,,,,,,,,,,,,,,,,,,,,,,,,
,,,,,,,,,,,,,,,,,,,,,,,,,,,,,,,,,,,,,,,,,,,,,,,,,,,,,,,,,,,
,,,,,,,,,,,,,,,,,,,,,,,,,,,,,,,,,,,,,,,,,,,,,,,,,,,,,,,,,,,
,,,,,,,,,,,,,,,,,,,,,,,,,,,,,,,,,,,,,,,,,,,,,,,,,,,,,,,,,,,
,,,,,,,,,,,,,,,,,,,,,,,,,,,,,,,,,,,,,,,,,,,,,,,,,,,,,,,,,,,
,,,,,,,,,,,,,,,,,,,,,,,,,,,,,,,,,,,,,,,,,,,,,,,,,,,,,,,,,,,
,,,,,,,,,,,,,,,,,,,,,,,,,,,,,,,,,,,,,,,,,,,,,,,,,,,,,,,,,,,
,,,,,,,,,,,,,,,,,,,,,,,,,,,,,,,,,,,,,,,,,,,,,,,,,,,,,,,,,,,
,,,,,,,,,,,,,,,,,,,,,,,,,,,,,,,,,,,,,,,,,,,,,,,,,,,,,,,,,,,
,,,,,,,,,,,,,,,,,,,,,,,,,,,,,,,,,,,,,,,,,,,,,,,,,,,,,,,,,,,
,,,,,,,,,,,,,,,,,,,,,,,,,,,,,,,,,,,,,,,,,,,,,,,,,,,,,,,,,,,
,,,,,,,,,,,,,,,,,,,,,,,,,,,,,,,,,,,,,,,,,,,,,,,,,,,,,,,,,,,
,,,,,,,,,,,,,,,,,,,,,,,,,,,,,,,,,,,,,,,,,,,,,,,,,,,,,,,,,,,
,,,,,,,,,,,,,,,,,,,,,,,,,,,,,,,,,,,,,,,,,,,,,,,,,,,,,,,,,,,
,,,,,,,,,,,,,,,,,,,,,,,,,,,,,,,,,,,,,,,,,,,,,,,,,,,,,,,,,,,
,,,,,,,,,,,,,,,,,,,,,,,,,,,,,,,,,,,,,,,,,,,,,,,,,,,,,,,,,,,
,,,,,,,,,,,,,,,,,,,,,,,,,,,,,,,,,,,,,,,,,,,,,,,,,,,,,,,,,,,
,,,,,,,,,,,,,,,,,,,,,,,,,,,,,,,,,,,,,,,,,,,,,,,,,,,,,,,,,,,
,,,,,,,,,,,,,,,,,,,,,,,,,,,,,,,,,,,,,,,,,,,,,,,,,,,,,,,,,,,
,,,,,,,,,,,,,,,,,,,,,,,,,,,,,,,,,,,,,,,,,,,,,,,,,,,,,,,,,,,
,,,,,,,,,,,,,,,,,,,,,,,,,,,,,,,,,,,,,,,,,,,,,,,,,,,,,,,,,,,
,,,,,,,,,,,,,,,,,,,,,,,,,,,,,,,,,,,,,,,,,,,,,,,,,,,,,,,,,,,
,,,,,,,,,,,,,,,,,,,,,,,,,,,,,,,,,,,,,,,,,,,,,,,,,,,,,,,,,,,
,,,,,,,,,,,,,,,,,,,,,,,,,,,,,,,,,,,,,,,,,,,,,,,,,,,,,,,,,,,
,,,,,,,,,,,,,,,,,,,,,,,,,,,,,,,,,,,,,,,,,,,,,,,,,,,,,,,,,,,
,,,,,,,,,,,,,,,,,,,,,,,,,,,,,,,,,,,,,,,,,,,,,,,,,,,,,,,,,,,
,,,,,,,,,,,,,,,,,,,,,,,,,,,,,,,,,,,,,,,,,,,,,,,,,,,,,,,,,,,
,,,,,,,,,,,,,,,,,,,,,,,,,,,,,,,,,,,,,,,,,,,,,,,,,,,,,,,,,,,
,,,,,,,,,,,,,,,,,,,,,,,,,,,,,,,,,,,,,,,,,,,,,,,,,,,,,,,,,,,
,,,,,,,,,,,,,,,,,,,,,,,,,,,,,,,,,,,,,,,,,,,,,,,,,,,,,,,,,,,
,,,,,,,,,,,,,,,,,,,,,,,,,,,,,,,,,,,,,,,,,,,,,,,,,,,,,,,,,,,
,,,,,,,,,,,,,,,,,,,,,,,,,,,,,,,,,,,,,,,,,,,,,,,,,,,,,,,,,,,
,,,,,,,,,,,,,,,,,,,,,,,,,,,,,,,,,,,,,,,,,,,,,,,,,,,,,,,,,,,
,,,,,,,,,,,,,,,,,,,,,,,,,,,,,,,,,,,,,,,,,,,,,,,,,,,,,,,,,,,
,,,,,,,,,,,,,,,,,,,,,,,,,,,,,,,,,,,,,,,,,,,,,,,,,,,,,,,,,,,
,,,,,,,,,,,,,,,,,,,,,,,,,,,,,,,,,,,,,,,,,,,,,,,,,,,,,,,,,,,
,,,,,,,,,,,,,,,,,,,,,,,,,,,,,,,,,,,,,,,,,,,,,,,,,,,,,,,,,,,
,,,,,,,,,,,,,,,,,,,,,,,,,,,,,,,,,,,,,,,,,,,,,,,,,,,,,,,,,,,
,,,,,,,,,,,,,,,,,,,,,,,,,,,,,,,,,,,,,,,,,,,,,,,,,,,,,,,,,,,
,,,,,,,,,,,,,,,,,,,,,,,,,,,,,,,,,,,,,,,,,,,,,,,,,,,,,,,,,,,
,,,,,,,,,,,,,,,,,,,,,,,,,,,,,,,,,,,,,,,,,,,,,,,,,,,,,,,,,,,
,,,,,,,,,,,,,,,,,,,,,,,,,,,,,,,,,,,,,,,,,,,,,,,,,,,,,,,,,,,
,,,,,,,,,,,,,,,,,,,,,,,,,,,,,,,,,,,,,,,,,,,,,,,,,,,,,,,,,,,
,,,,,,,,,,,,,,,,,,,,,,,,,,,,,,,,,,,,,,,,,,,,,,,,,,,,,,,,,,,
,,,,,,,,,,,,,,,,,,,,,,,,,,,,,,,,,,,,,,,,,,,,,,,,,,,,,,,,,,,
,,,,,,,,,,,,,,,,,,,,,,,,,,,,,,,,,,,,,,,,,,,,,,,,,,,,,,,,,,,
,,,,,,,,,,,,,,,,,,,,,,,,,,,,,,,,,,,,,,,,,,,,,,,,,,,,,,,,,,,
,,,,,,,,,,,,,,,,,,,,,,,,,,,,,,,,,,,,,,,,,,,,,,,,,,,,,,,,,,,
,,,,,,,,,,,,,,,,,,,,,,,,,,,,,,,,,,,,,,,,,,,,,,,,,,,,,,,,,,,
,,,,,,,,,,,,,,,,,,,,,,,,,,,,,,,,,,,,,,,,,,,,,,,,,,,,,,,,,,,
,,,,,,,,,,,,,,,,,,,,,,,,,,,,,,,,,,,,,,,,,,,,,,,,,,,,,,,,,,,
,,,,,,,,,,,,,,,,,,,,,,,,,,,,,,,,,,,,,,,,,,,,,,,,,,,,,,,,,,,
,,,,,,,,,,,,,,,,,,,,,,,,,,,,,,,,,,,,,,,,,,,,,,,,,,,,,,,,,,,
,,,,,,,,,,,,,,,,,,,,,,,,,,,,,,,,,,,,,,,,,,,,,,,,,,,,,,,,,,,
,,,,,,,,,,,,,,,,,,,,,,,,,,,,,,,,,,,,,,,,,,,,,,,,,,,,,,,,,,,
,,,,,,,,,,,,,,,,,,,,,,,,,,,,,,,,,,,,,,,,,,,,,,,,,,,,,,,,,,,
,,,,,,,,,,,,,,,,,,,,,,,,,,,,,,,,,,,,,,,,,,,,,,,,,,,,,,,,,,,
,,,,,,,,,,,,,,,,,,,,,,,,,,,,,,,,,,,,,,,,,,,,,,,,,,,,,,,,,,,
,,,,,,,,,,,,,,,,,,,,,,,,,,,,,,,,,,,,,,,,,,,,,,,,,,,,,,,,,,,
,,,,,,,,,,,,,,,,,,,,,,,,,,,,,,,,,,,,,,,,,,,,,,,,,,,,,,,,,,,
,,,,,,,,,,,,,,,,,,,,,,,,,,,,,,,,,,,,,,,,,,,,,,,,,,,,,,,,,,,
,,,,,,,,,,,,,,,,,,,,,,,,,,,,,,,,,,,,,,,,,,,,,,,,,,,,,,,,,,,
,,,,,,,,,,,,,,,,,,,,,,,,,,,,,,,,,,,,,,,,,,,,,,,,,,,,,,,,,,,
,,,,,,,,,,,,,,,,,,,,,,,,,,,,,,,,,,,,,,,,,,,,,,,,,,,,,,,,,,,
,,,,,,,,,,,,,,,,,,,,,,,,,,,,,,,,,,,,,,,,,,,,,,,,,,,,,,,,,,,
,,,,,,,,,,,,,,,,,,,,,,,,,,,,,,,,,,,,,,,,,,,,,,,,,,,,,,,,,,,
,,,,,,,,,,,,,,,,,,,,,,,,,,,,,,,,,,,,,,,,,,,,,,,,,,,,,,,,,,,
,,,,,,,,,,,,,,,,,,,,,,,,,,,,,,,,,,,,,,,,,,,,,,,,,,,,,,,,,,,
,,,,,,,,,,,,,,,,,,,,,,,,,,,,,,,,,,,,,,,,,,,,,,,,,,,,,,,,,,,
,,,,,,,,,,,,,,,,,,,,,,,,,,,,,,,,,,,,,,,,,,,,,,,,,,,,,,,,,,,
,,,,,,,,,,,,,,,,,,,,,,,,,,,,,,,,,,,,,,,,,,,,,,,,,,,,,,,,,,,
,,,,,,,,,,,,,,,,,,,,,,,,,,,,,,,,,,,,,,,,,,,,,,,,,,,,,,,,,,,
,,,,,,,,,,,,,,,,,,,,,,,,,,,,,,,,,,,,,,,,,,,,,,,,,,,,,,,,,,,
,,,,,,,,,,,,,,,,,,,,,,,,,,,,,,,,,,,,,,,,,,,,,,,,,,,,,,,,,,,
,,,,,,,,,,,,,,,,,,,,,,,,,,,,,,,,,,,,,,,,,,,,,,,,,,,,,,,,,,,
,,,,,,,,,,,,,,,,,,,,,,,,,,,,,,,,,,,,,,,,,,,,,,,,,,,,,,,,,,,
,,,,,,,,,,,,,,,,,,,,,,,,,,,,,,,,,,,,,,,,,,,,,,,,,,,,,,,,,,,
,,,,,,,,,,,,,,,,,,,,,,,,,,,,,,,,,,,,,,,,,,,,,,,,,,,,,,,,,,,
,,,,,,,,,,,,,,,,,,,,,,,,,,,,,,,,,,,,,,,,,,,,,,,,,,,,,,,,,,,
,,,,,,,,,,,,,,,,,,,,,,,,,,,,,,,,,,,,,,,,,,,,,,,,,,,,,,,,,,,
,,,,,,,,,,,,,,,,,,,,,,,,,,,,,,,,,,,,,,,,,,,,,,,,,,,,,,,,,,,
,,,,,,,,,,,,,,,,,,,,,,,,,,,,,,,,,,,,,,,,,,,,,,,,,,,,,,,,,,,
,,,,,,,,,,,,,,,,,,,,,,,,,,,,,,,,,,,,,,,,,,,,,,,,,,,,,,,,,,,
,,,,,,,,,,,,,,,,,,,,,,,,,,,,,,,,,,,,,,,,,,,,,,,,,,,,,,,,,,,
,,,,,,,,,,,,,,,,,,,,,,,,,,,,,,,,,,,,,,,,,,,,,,,,,,,,,,,,,,,
,,,,,,,,,,,,,,,,,,,,,,,,,,,,,,,,,,,,,,,,,,,,,,,,,,,,,,,,,,,
,,,,,,,,,,,,,,,,,,,,,,,,,,,,,,,,,,,,,,,,,,,,,,,,,,,,,,,,,,,
,,,,,,,,,,,,,,,,,,,,,,,,,,,,,,,,,,,,,,,,,,,,,,,,,,,,,,,,,,,
,,,,,,,,,,,,,,,,,,,,,,,,,,,,,,,,,,,,,,,,,,,,,,,,,,,,,,,,,,,
,,,,,,,,,,,,,,,,,,,,,,,,,,,,,,,,,,,,,,,,,,,,,,,,,,,,,,,,,,,
,,,,,,,,,,,,,,,,,,,,,,,,,,,,,,,,,,,,,,,,,,,,,,,,,,,,,,,,,,,
,,,,,,,,,,,,,,,,,,,,,,,,,,,,,,,,,,,,,,,,,,,,,,,,,,,,,,,,,,,
,,,,,,,,,,,,,,,,,,,,,,,,,,,,,,,,,,,,,,,,,,,,,,,,,,,,,,,,,,,
,,,,,,,,,,,,,,,,,,,,,,,,,,,,,,,,,,,,,,,,,,,,,,,,,,,,,,,,,,,
,,,,,,,,,,,,,,,,,,,,,,,,,,,,,,,,,,,,,,,,,,,,,,,,,,,,,,,,,,,
,,,,,,,,,,,,,,,,,,,,,,,,,,,,,,,,,,,,,,,,,,,,,,,,,,,,,,,,,,,
,,,,,,,,,,,,,,,,,,,,,,,,,,,,,,,,,,,,,,,,,,,,,,,,,,,,,,,,,,,
,,,,,,,,,,,,,,,,,,,,,,,,,,,,,,,,,,,,,,,,,,,,,,,,,,,,,,,,,,,
,,,,,,,,,,,,,,,,,,,,,,,,,,,,,,,,,,,,,,,,,,,,,,,,,,,,,,,,,,,
,,,,,,,,,,,,,,,,,,,,,,,,,,,,,,,,,,,,,,,,,,,,,,,,,,,,,,,,,,,
,,,,,,,,,,,,,,,,,,,,,,,,,,,,,,,,,,,,,,,,,,,,,,,,,,,,,,,,,,,
,,,,,,,,,,,,,,,,,,,,,,,,,,,,,,,,,,,,,,,,,,,,,,,,,,,,,,,,,,,
,,,,,,,,,,,,,,,,,,,,,,,,,,,,,,,,,,,,,,,,,,,,,,,,,,,,,,,,,,,
,,,,,,,,,,,,,,,,,,,,,,,,,,,,,,,,,,,,,,,,,,,,,,,,,,,,,,,,,,,
,,,,,,,,,,,,,,,,,,,,,,,,,,,,,,,,,,,,,,,,,,,,,,,,,,,,,,,,,,,
,,,,,,,,,,,,,,,,,,,,,,,,,,,,,,,,,,,,,,,,,,,,,,,,,,,,,,,,,,,
,,,,,,,,,,,,,,,,,,,,,,,,,,,,,,,,,,,,,,,,,,,,,,,,,,,,,,,,,,,
,,,,,,,,,,,,,,,,,,,,,,,,,,,,,,,,,,,,,,,,,,,,,,,,,,,,,,,,,,,
,,,,,,,,,,,,,,,,,,,,,,,,,,,,,,,,,,,,,,,,,,,,,,,,,,,,,,,,,,,
,,,,,,,,,,,,,,,,,,,,,,,,,,,,,,,,,,,,,,,,,,,,,,,,,,,,,,,,,,,
,,,,,,,,,,,,,,,,,,,,,,,,,,,,,,,,,,,,,,,,,,,,,,,,,,,,,,,,,,,
,,,,,,,,,,,,,,,,,,,,,,,,,,,,,,,,,,,,,,,,,,,,,,,,,,,,,,,,,,,
,,,,,,,,,,,,,,,,,,,,,,,,,,,,,,,,,,,,,,,,,,,,,,,,,,,,,,,,,,,
,,,,,,,,,,,,,,,,,,,,,,,,,,,,,,,,,,,,,,,,,,,,,,,,,,,,,,,,,,,
,,,,,,,,,,,,,,,,,,,,,,,,,,,,,,,,,,,,,,,,,,,,,,,,,,,,,,,,,,,
,,,,,,,,,,,,,,,,,,,,,,,,,,,,,,,,,,,,,,,,,,,,,,,,,,,,,,,,,,,
,,,,,,,,,,,,,,,,,,,,,,,,,,,,,,,,,,,,,,,,,,,,,,,,,,,,,,,,,,,
,,,,,,,,,,,,,,,,,,,,,,,,,,,,,,,,,,,,,,,,,,,,,,,,,,,,,,,,,,,
,,,,,,,,,,,,,,,,,,,,,,,,,,,,,,,,,,,,,,,,,,,,,,,,,,,,,,,,,,,
,,,,,,,,,,,,,,,,,,,,,,,,,,,,,,,,,,,,,,,,,,,,,,,,,,,,,,,,,,,
,,,,,,,,,,,,,,,,,,,,,,,,,,,,,,,,,,,,,,,,,,,,,,,,,,,,,,,,,,,
,,,,,,,,,,,,,,,,,,,,,,,,,,,,,,,,,,,,,,,,,,,,,,,,,,,,,,,,,,,
,,,,,,,,,,,,,,,,,,,,,,,,,,,,,,,,,,,,,,,,,,,,,,,,,,,,,,,,,,,
,,,,,,,,,,,,,,,,,,,,,,,,,,,,,,,,,,,,,,,,,,,,,,,,,,,,,,,,,,,
,,,,,,,,,,,,,,,,,,,,,,,,,,,,,,,,,,,,,,,,,,,,,,,,,,,,,,,,,,,
,,,,,,,,,,,,,,,,,,,,,,,,,,,,,,,,,,,,,,,,,,,,,,,,,,,,,,,,,,,
,,,,,,,,,,,,,,,,,,,,,,,,,,,,,,,,,,,,,,,,,,,,,,,,,,,,,,,,,,,
,,,,,,,,,,,,,,,,,,,,,,,,,,,,,,,,,,,,,,,,,,,,,,,,,,,,,,,,,,,
,,,,,,,,,,,,,,,,,,,,,,,,,,,,,,,,,,,,,,,,,,,,,,,,,,,,,,,,,,,
,,,,,,,,,,,,,,,,,,,,,,,,,,,,,,,,,,,,,,,,,,,,,,,,,,,,,,,,,,,
,,,,,,,,,,,,,,,,,,,,,,,,,,,,,,,,,,,,,,,,,,,,,,,,,,,,,,,,,,,
,,,,,,,,,,,,,,,,,,,,,,,,,,,,,,,,,,,,,,,,,,,,,,,,,,,,,,,,,,,
,,,,,,,,,,,,,,,,,,,,,,,,,,,,,,,,,,,,,,,,,,,,,,,,,,,,,,,,,,,
,,,,,,,,,,,,,,,,,,,,,,,,,,,,,,,,,,,,,,,,,,,,,,,,,,,,,,,,,,,
,,,,,,,,,,,,,,,,,,,,,,,,,,,,,,,,,,,,,,,,,,,,,,,,,,,,,,,,,,,
,,,,,,,,,,,,,,,,,,,,,,,,,,,,,,,,,,,,,,,,,,,,,,,,,,,,,,,,,,,
,,,,,,,,,,,,,,,,,,,,,,,,,,,,,,,,,,,,,,,,,,,,,,,,,,,,,,,,,,,
,,,,,,,,,,,,,,,,,,,,,,,,,,,,,,,,,,,,,,,,,,,,,,,,,,,,,,,,,,,
,,,,,,,,,,,,,,,,,,,,,,,,,,,,,,,,,,,,,,,,,,,,,,,,,,,,,,,,,,,
,,,,,,,,,,,,,,,,,,,,,,,,,,,,,,,,,,,,,,,,,,,,,,,,,,,,,,,,,,,
,,,,,,,,,,,,,,,,,,,,,,,,,,,,,,,,,,,,,,,,,,,,,,,,,,,,,,,,,,,
,,,,,,,,,,,,,,,,,,,,,,,,,,,,,,,,,,,,,,,,,,,,,,,,,,,,,,,,,,,
,,,,,,,,,,,,,,,,,,,,,,,,,,,,,,,,,,,,,,,,,,,,,,,,,,,,,,,,,,,
,,,,,,,,,,,,,,,,,,,,,,,,,,,,,,,,,,,,,,,,,,,,,,,,,,,,,,,,,,,
,,,,,,,,,,,,,,,,,,,,,,,,,,,,,,,,,,,,,,,,,,,,,,,,,,,,,,,,,,,
,,,,,,,,,,,,,,,,,,,,,,,,,,,,,,,,,,,,,,,,,,,,,,,,,,,,,,,,,,,
,,,,,,,,,,,,,,,,,,,,,,,,,,,,,,,,,,,,,,,,,,,,,,,,,,,,,,,,,,,
,,,,,,,,,,,,,,,,,,,,,,,,,,,,,,,,,,,,,,,,,,,,,,,,,,,,,,,,,,,
,,,,,,,,,,,,,,,,,,,,,,,,,,,,,,,,,,,,,,,,,,,,,,,,,,,,,,,,,,,
,,,,,,,,,,,,,,,,,,,,,,,,,,,,,,,,,,,,,,,,,,,,,,,,,,,,,,,,,,,
,,,,,,,,,,,,,,,,,,,,,,,,,,,,,,,,,,,,,,,,,,,,,,,,,,,,,,,,,,,
,,,,,,,,,,,,,,,,,,,,,,,,,,,,,,,,,,,,,,,,,,,,,,,,,,,,,,,,,,,
,,,,,,,,,,,,,,,,,,,,,,,,,,,,,,,,,,,,,,,,,,,,,,,,,,,,,,,,,,,
,,,,,,,,,,,,,,,,,,,,,,,,,,,,,,,,,,,,,,,,,,,,,,,,,,,,,,,,,,,
,,,,,,,,,,,,,,,,,,,,,,,,,,,,,,,,,,,,,,,,,,,,,,,,,,,,,,,,,,,
,,,,,,,,,,,,,,,,,,,,,,,,,,,,,,,,,,,,,,,,,,,,,,,,,,,,,,,,,,,
,,,,,,,,,,,,,,,,,,,,,,,,,,,,,,,,,,,,,,,,,,,,,,,,,,,,,,,,,,,
,,,,,,,,,,,,,,,,,,,,,,,,,,,,,,,,,,,,,,,,,,,,,,,,,,,,,,,,,,,
,,,,,,,,,,,,,,,,,,,,,,,,,,,,,,,,,,,,,,,,,,,,,,,,,,,,,,,,,,,
,,,,,,,,,,,,,,,,,,,,,,,,,,,,,,,,,,,,,,,,,,,,,,,,,,,,,,,,,,,
,,,,,,,,,,,,,,,,,,,,,,,,,,,,,,,,,,,,,,,,,,,,,,,,,,,,,,,,,,,
,,,,,,,,,,,,,,,,,,,,,,,,,,,,,,,,,,,,,,,,,,,,,,,,,,,,,,,,,,,
,,,,,,,,,,,,,,,,,,,,,,,,,,,,,,,,,,,,,,,,,,,,,,,,,,,,,,,,,,,
,,,,,,,,,,,,,,,,,,,,,,,,,,,,,,,,,,,,,,,,,,,,,,,,,,,,,,,,,,,
,,,,,,,,,,,,,,,,,,,,,,,,,,,,,,,,,,,,,,,,,,,,,,,,,,,,,,,,,,,
,,,,,,,,,,,,,,,,,,,,,,,,,,,,,,,,,,,,,,,,,,,,,,,,,,,,,,,,,,,
,,,,,,,,,,,,,,,,,,,,,,,,,,,,,,,,,,,,,,,,,,,,,,,,,,,,,,,,,,,
,,,,,,,,,,,,,,,,,,,,,,,,,,,,,,,,,,,,,,,,,,,,,,,,,,,,,,,,,,,
,,,,,,,,,,,,,,,,,,,,,,,,,,,,,,,,,,,,,,,,,,,,,,,,,,,,,,,,,,,
,,,,,,,,,,,,,,,,,,,,,,,,,,,,,,,,,,,,,,,,,,,,,,,,,,,,,,,,,,,
,,,,,,,,,,,,,,,,,,,,,,,,,,,,,,,,,,,,,,,,,,,,,,,,,,,,,,,,,,,
,,,,,,,,,,,,,,,,,,,,,,,,,,,,,,,,,,,,,,,,,,,,,,,,,,,,,,,,,,,
,,,,,,,,,,,,,,,,,,,,,,,,,,,,,,,,,,,,,,,,,,,,,,,,,,,,,,,,,,,
,,,,,,,,,,,,,,,,,,,,,,,,,,,,,,,,,,,,,,,,,,,,,,,,,,,,,,,,,,,
,,,,,,,,,,,,,,,,,,,,,,,,,,,,,,,,,,,,,,,,,,,,,,,,,,,,,,,,,,,
,,,,,,,,,,,,,,,,,,,,,,,,,,,,,,,,,,,,,,,,,,,,,,,,,,,,,,,,,,,
,,,,,,,,,,,,,,,,,,,,,,,,,,,,,,,,,,,,,,,,,,,,,,,,,,,,,,,,,,,
,,,,,,,,,,,,,,,,,,,,,,,,,,,,,,,,,,,,,,,,,,,,,,,,,,,,,,,,,,,
,,,,,,,,,,,,,,,,,,,,,,,,,,,,,,,,,,,,,,,,,,,,,,,,,,,,,,,,,,,
,,,,,,,,,,,,,,,,,,,,,,,,,,,,,,,,,,,,,,,,,,,,,,,,,,,,,,,,,,,
,,,,,,,,,,,,,,,,,,,,,,,,,,,,,,,,,,,,,,,,,,,,,,,,,,,,,,,,,,,
,,,,,,,,,,,,,,,,,,,,,,,,,,,,,,,,,,,,,,,,,,,,,,,,,,,,,,,,,,,
,,,,,,,,,,,,,,,,,,,,,,,,,,,,,,,,,,,,,,,,,,,,,,,,,,,,,,,,,,,
,,,,,,,,,,,,,,,,,,,,,,,,,,,,,,,,,,,,,,,,,,,,,,,,,,,,,,,,,,,
,,,,,,,,,,,,,,,,,,,,,,,,,,,,,,,,,,,,,,,,,,,,,,,,,,,,,,,,,,,